cycle,input_fire,sample_index,channel_id,sample_u16,fault_active,input_ready,mode,q_shift,current_mad,cfg_t_low,cfg_t_high,quantized,dptc_delta,bit_width,is_absolute,packer_byte_valid,packer_byte,m_axis_tvalid,m_axis_byte,m_axis_tlast,fifo_level,fifo_full,overflow
1,0,-1,0,0,0,1,0,0,0,120,500,0,0,0,0,0,0,0,0,0,0,0,0
2,0,-1,0,0,0,1,0,0,0,120,500,0,0,0,0,0,0,0,0,0,0,0,0
3,0,-1,0,0,0,1,0,0,0,120,500,0,0,0,0,0,0,0,0,0,0,0,0
4,0,-1,0,0,0,1,0,0,0,120,500,0,0,0,0,0,0,0,0,0,0,0,0
5,0,-1,0,0,0,1,0,0,0,120,500,0,0,0,0,0,0,0,0,0,0,0,0
6,1,0,1,29841,0,1,0,0,0,320,900,0,0,0,0,0,0,0,0,0,0,0,0
7,1,1,1,29756,0,1,1,2,0,320,900,0,0,0,0,0,0,0,0,0,0,0,0
8,1,2,1,29806,0,1,1,2,6,320,900,7460,0,0,0,0,0,0,0,0,0,0,0
9,1,3,1,29724,0,1,1,2,12,320,900,7439,7460,16,1,0,0,0,0,0,0,0,0
10,1,4,1,29757,0,1,1,2,18,320,900,7451,-21,7,0,1,36,0,0,0,0,0,0
11,1,5,1,29713,0,1,1,2,27,320,900,7431,12,6,0,1,29,0,0,0,0,0,0
12,1,6,1,29753,0,1,1,2,34,320,900,7439,-20,7,0,1,107,0,0,0,0,0,0
13,1,7,1,29677,0,1,1,2,40,320,900,7428,8,6,0,1,134,0,0,0,0,0,0
14,1,8,1,29741,0,1,1,2,45,320,900,7438,-11,6,0,1,141,0,0,0,0,0,0
15,1,9,1,29785,0,1,1,2,52,320,900,7419,10,6,0,1,212,0,0,0,0,0,0
16,1,10,1,29806,0,1,1,2,52,320,900,7435,-19,7,0,0,0,0,0,0,0,0,0
17,1,11,1,29779,0,1,1,2,49,320,900,7446,16,7,0,1,74,0,0,0,0,0,0
18,1,12,1,29811,0,1,1,2,47,320,900,7451,11,6,0,1,27,0,0,0,0,0,0
19,1,13,1,29800,0,1,1,2,43,320,900,7444,5,5,0,1,178,0,0,0,0,0,0
20,1,14,1,29825,0,1,1,2,42,320,900,7452,-7,5,0,0,0,0,0,0,0,0,0
21,1,15,1,29901,0,1,1,2,39,320,900,7450,8,6,0,1,148,0,0,0,0,0,0
22,1,16,1,29949,0,1,1,2,38,320,900,7456,-2,3,0,1,140,0,0,0,0,0,0
23,1,17,1,29948,0,1,1,2,42,320,900,7475,6,5,0,0,0,0,0,0,0,0,0
24,1,18,1,29951,0,1,1,2,50,320,900,7487,19,7,0,1,216,0,0,0,0,0,0
25,1,19,1,29988,0,1,1,2,58,320,900,7487,12,6,0,1,76,0,0,0,0,0,0
26,1,20,1,30002,0,1,1,2,73,320,900,7487,0,1,0,0,0,0,0,0,0,0,0
27,1,21,1,30078,0,1,1,2,82,320,900,7497,0,1,0,1,24,0,0,0,0,0,0
28,1,22,1,30161,0,1,1,2,93,320,900,7500,10,6,0,0,0,0,0,0,0,0,0
29,1,23,1,30229,0,1,1,2,100,320,900,7519,3,4,0,0,0,0,0,0,0,0,0
30,1,24,1,30187,0,1,1,2,112,320,900,7540,19,7,0,1,148,0,0,0,0,0,0
31,1,25,1,30173,0,1,1,2,116,320,900,7557,21,7,0,1,153,0,0,0,0,0,0
32,1,26,1,30340,0,1,1,2,124,320,900,7546,17,7,0,1,84,0,0,0,0,0,0
33,1,27,1,30357,0,1,1,2,131,320,900,7543,-11,6,0,1,34,0,0,0,0,0,0
34,1,28,1,30365,0,1,1,2,149,320,900,7585,-3,4,0,0,0,0,0,0,0,0,0
35,1,29,1,30339,0,1,1,2,156,320,900,7589,42,8,0,1,117,0,0,0,0,0,0
36,1,30,1,30427,0,1,1,2,162,320,900,7591,4,5,0,1,171,0,0,0,0,0,0
37,1,31,1,30408,0,1,1,2,156,320,900,7584,2,4,0,0,0,0,0,0,0,0,0
38,1,32,1,30449,0,1,1,2,153,320,900,7606,-7,5,0,1,16,0,0,0,0,0,0
39,1,33,1,30450,0,1,1,2,153,320,900,7602,22,7,0,1,201,0,0,0,0,0,0
40,1,34,1,30362,0,1,1,2,153,320,900,7612,-4,4,0,0,0,0,0,0,0,0,0
41,1,35,1,30390,0,1,1,2,147,320,900,7612,10,6,0,1,22,0,0,0,0,0,0
42,1,36,1,30389,0,1,1,2,130,320,900,7590,0,1,0,1,86,0,0,0,0,0,0
43,1,37,1,30374,0,1,1,2,111,320,900,7597,-22,7,0,0,0,0,0,0,0,0,0
44,1,38,1,30317,0,1,1,2,89,320,900,7597,7,5,0,1,168,0,0,0,0,0,0
45,1,39,1,30334,0,1,1,2,72,320,900,7593,0,1,0,0,0,0,0,0,0,0,0
46,1,40,1,30234,0,1,1,2,60,320,900,7579,-4,4,0,0,0,0,0,0,0,0,0
47,1,41,1,30152,0,1,1,2,53,320,900,7583,-14,6,0,1,15,0,0,0,0,0,0
48,1,42,1,30144,0,1,1,2,50,320,900,7558,4,5,0,1,150,0,0,0,0,0,0
49,1,43,1,30073,0,1,1,2,55,320,900,7538,-25,7,0,0,0,0,0,0,0,0,0
50,1,44,1,30109,0,1,1,2,74,320,900,7536,-20,7,0,1,201,0,0,0,0,0,0
51,1,45,1,30037,0,1,1,2,95,320,900,7518,-2,3,0,1,153,0,0,0,0,0,0
52,1,46,1,29978,0,1,1,2,111,320,900,7527,-18,7,0,0,0,0,0,0,0,0,0
53,1,47,1,29957,0,1,1,2,131,320,900,7509,9,6,0,1,109,0,0,0,0,0,0
54,1,48,1,29960,0,1,1,2,142,320,900,7494,-18,7,0,1,119,0,0,0,0,0,0
55,1,49,1,29870,0,1,1,2,152,320,900,7489,-15,6,0,1,226,0,0,0,0,0,0
56,1,50,1,29790,0,1,1,2,152,320,900,7490,-5,5,0,1,142,0,0,0,0,0,0
57,1,51,1,29738,0,1,1,2,153,320,900,7467,1,3,0,0,0,0,0,0,0,0,0
58,1,52,1,29751,0,1,1,2,162,320,900,7447,-23,7,0,1,119,0,0,0,0,0,0
59,1,53,1,29720,0,1,1,2,168,320,900,7434,-20,7,0,1,210,0,0,0,0,0,0
60,1,54,1,29722,0,1,1,2,169,320,900,7437,-13,6,0,0,0,0,0,0,0,0,0
61,1,55,1,29719,0,1,1,2,165,320,900,7430,3,4,0,1,236,0,0,0,0,0,0
62,1,56,1,29650,0,1,1,2,165,320,900,7430,-7,5,0,1,121,0,0,0,0,0,0
63,1,57,1,29675,0,1,1,2,158,320,900,7429,0,1,0,0,0,0,0,0,0,0,0
64,1,58,1,29706,0,1,1,2,153,320,900,7412,-1,2,0,0,0,0,0,0,0,0,0
65,1,59,1,29619,0,1,1,2,147,320,900,7418,-17,7,0,1,178,0,0,0,0,0,0
66,1,60,1,29749,0,1,1,2,133,320,900,7426,6,5,0,1,223,0,0,0,0,0,0
67,1,61,1,29568,0,1,1,2,123,320,900,7404,8,6,0,0,0,0,0,0,0,0,0
68,1,62,1,29694,0,1,1,2,98,320,900,7437,-22,7,0,1,6,0,0,0,0,0,0
69,1,63,1,29809,0,1,1,2,89,320,900,7392,33,8,0,1,81,0,0,0,0,0,0
70,1,64,1,29774,0,1,1,2,75,320,900,7423,-45,8,0,1,135,0,0,0,0,0,0
71,1,65,1,29829,0,1,1,2,64,320,900,7452,31,7,0,1,76,0,0,0,0,0,0
72,1,66,1,29786,0,1,1,2,53,320,900,7443,29,7,0,1,127,0,0,0,0,0,0
73,1,67,1,29896,0,1,1,2,50,320,900,7457,-9,6,0,1,58,0,0,0,0,0,0
74,1,68,1,29833,0,1,1,2,51,320,900,7446,14,6,0,0,0,0,0,0,0,0,0
75,1,69,1,29927,0,1,1,2,61,320,900,7474,-11,6,0,1,183,0,0,0,0,0,0
76,1,70,1,30035,0,1,1,2,68,320,900,7458,28,7,0,1,83,0,0,0,1,0,0
77,1,71,1,29995,0,1,1,2,80,320,900,7481,-16,6,0,1,115,1,8,0,1,0,0
78,1,72,1,30076,0,1,1,2,95,320,900,7508,23,7,0,0,0,1,16,0,1,0,0
79,1,73,1,30151,0,1,1,2,107,320,900,7498,27,7,0,1,224,1,192,0,1,0,0
80,1,74,1,30185,0,1,1,2,120,320,900,7519,-10,6,0,1,203,1,0,0,1,0,0
81,1,75,1,30185,0,1,1,2,137,320,900,7537,21,7,0,1,198,1,0,0,1,0,0
82,1,76,1,30173,0,1,1,2,152,320,900,7546,18,7,0,1,174,1,49,0,1,0,0
83,1,77,1,30235,0,1,1,2,155,320,900,7546,9,6,0,1,72,1,0,0,1,0,0
84,1,78,1,30296,0,1,1,2,164,320,900,7543,0,1,0,0,0,1,0,0,1,0,0
85,1,79,1,30256,0,1,1,2,157,320,900,7558,-3,4,0,1,18,1,0,0,1,0,0
86,1,80,1,30364,0,1,1,2,155,320,900,7574,15,6,0,0,0,1,0,0,1,0,0
87,1,81,1,30304,0,1,1,2,155,320,900,7564,16,7,0,1,253,1,72,0,1,0,0
88,1,82,1,30335,0,1,1,2,154,320,900,7591,-10,6,0,1,64,1,36,0,1,0,0
89,1,83,1,30274,0,1,1,2,145,320,900,7576,27,7,0,0,0,1,29,0,1,0,0
90,1,84,1,30324,0,1,1,2,130,320,900,7583,-15,6,0,1,236,1,107,0,1,0,0
91,1,85,1,30278,0,1,1,2,118,320,900,7568,7,5,0,1,77,1,134,0,1,0,0
92,1,86,1,30288,0,1,1,2,103,320,900,7581,-15,6,0,1,124,1,141,0,1,0,0
93,1,87,1,30268,0,1,1,2,87,320,900,7569,13,6,0,0,0,1,212,0,1,0,0
94,1,88,1,30237,0,1,1,2,76,320,900,7572,-12,6,0,1,226,1,74,0,1,0,0
95,1,89,1,30204,0,1,1,2,59,320,900,7567,3,4,0,1,134,1,27,0,1,0,0
96,1,90,1,30162,0,1,1,2,49,320,900,7559,-5,5,0,0,0,1,178,0,1,0,0
97,1,91,1,30130,0,1,1,2,45,320,900,7551,-8,5,0,1,158,1,148,0,1,0,0
98,1,92,1,30096,0,1,1,2,47,320,900,7540,-8,5,0,1,141,1,140,0,1,0,0
99,1,93,1,29957,0,1,1,2,52,320,900,7532,-11,6,0,0,0,1,216,0,1,0,0
100,1,94,1,29942,0,1,1,2,61,320,900,7524,-8,5,0,1,113,1,76,0,1,0,0
101,1,95,1,29927,0,1,1,2,87,320,900,7489,-8,5,0,1,141,1,24,0,1,0,0
102,1,96,1,29917,0,1,1,2,105,320,900,7485,-35,8,0,0,0,1,148,0,1,0,0
103,1,97,1,29909,0,1,1,2,125,320,900,7481,-4,4,0,1,113,1,153,0,1,0,0
104,1,98,1,29827,0,1,1,2,134,320,900,7479,-4,4,0,1,55,1,84,0,1,0,0
105,1,99,1,29793,0,1,1,2,145,320,900,7477,-2,3,0,0,0,1,34,0,1,0,0
106,1,100,1,29727,0,1,1,2,154,320,900,7456,-2,3,0,1,179,1,117,0,1,0,0
107,1,101,1,29717,0,1,1,2,164,320,900,7448,-21,7,0,0,0,1,171,0,1,0,0
108,1,102,1,29610,0,1,1,2,166,320,900,7431,-8,5,0,1,189,1,16,0,1,0,0
109,1,103,1,29678,0,1,1,2,162,320,900,7429,-17,7,0,1,198,1,201,0,1,0,0
110,1,104,1,29660,0,1,1,2,160,320,900,7402,-2,3,0,0,0,1,22,0,1,0,0
111,1,105,1,29550,0,1,1,2,160,320,900,7419,-27,7,0,1,111,1,86,0,1,0,0
112,1,106,1,29618,0,1,1,2,158,320,900,7415,17,7,0,1,151,1,168,0,1,0,0
113,1,107,1,29549,0,1,1,2,156,320,900,7387,-4,4,0,1,35,1,15,0,1,0,0
114,1,108,1,29499,0,1,1,2,148,320,900,7404,-28,7,0,0,0,1,150,0,1,0,0
115,1,109,1,29499,0,1,1,2,141,320,900,7387,17,7,0,1,76,1,201,0,1,0,0
116,1,110,1,29569,0,1,1,2,132,320,900,7374,-17,7,0,1,142,1,153,0,1,0,0
117,1,111,1,29681,0,1,1,2,131,320,900,7374,-13,6,0,1,188,1,109,0,1,0,0
118,1,112,1,29569,0,1,1,2,121,320,900,7392,0,1,0,0,0,1,119,0,1,0,0
119,1,113,1,29635,0,1,1,2,106,320,900,7420,18,7,0,1,103,1,226,0,1,0,0
120,1,114,1,29656,0,1,1,2,95,320,900,7392,28,7,0,0,0,1,142,0,1,0,0
121,1,115,1,29723,0,1,1,2,78,320,900,7408,-28,7,0,1,18,1,119,0,1,0,0
122,1,116,1,29719,0,1,1,2,67,320,900,7414,16,7,0,1,14,1,210,0,1,0,0
123,1,117,1,29834,0,1,1,2,63,320,900,7430,6,5,0,1,25,1,236,0,1,0,0
124,1,118,1,29790,0,1,1,2,62,320,900,7429,16,7,0,1,98,1,121,0,1,0,0
125,1,119,1,29874,0,1,1,2,70,320,900,7458,-1,2,0,1,32,1,178,0,1,0,0
126,1,120,1,29972,0,1,1,2,78,320,900,7447,29,7,0,0,0,1,223,0,1,0,0
127,1,121,1,29959,0,1,1,2,93,320,900,7468,-11,6,0,1,119,1,6,0,1,0,0
128,1,122,1,30028,0,1,1,2,116,320,900,7493,21,7,0,0,0,1,81,0,1,0,0
129,1,123,1,30025,0,1,1,2,127,320,900,7489,25,7,0,1,234,1,135,0,1,0,0
130,1,124,1,30105,0,1,1,2,147,320,900,7507,-4,4,0,1,74,1,76,0,1,0,0
131,1,125,1,30142,0,1,1,2,156,320,900,7506,18,7,0,1,134,1,127,0,1,0,0
132,1,126,1,30170,0,1,1,2,163,320,900,7526,-1,2,0,1,37,1,58,0,1,0,0
133,1,127,1,30173,0,1,1,2,166,320,900,7535,20,7,0,0,0,1,237,0,1,0,0
134,1,128,1,30228,0,1,1,2,169,320,900,7542,9,6,0,1,83,1,55,1,0,0,0
135,1,129,1,30241,0,1,1,2,173,320,900,7543,7,5,0,0,0,0,55,0,0,0,0
136,1,130,1,30269,0,1,1,2,166,320,900,7557,1,3,0,1,146,0,55,0,0,0,0
137,1,131,1,30269,0,1,1,2,161,320,900,7560,14,6,0,1,19,0,55,0,0,0,0
138,1,132,1,30345,0,1,1,2,156,320,900,7567,3,4,0,0,0,0,55,0,0,0,0
139,1,133,1,30283,0,1,1,2,149,320,900,7567,7,5,0,1,206,0,55,0,0,0,0
140,1,134,1,30305,0,1,1,2,140,320,900,7586,0,1,0,0,0,0,55,0,1,0,0
141,1,135,1,30260,0,1,1,2,130,320,900,7570,19,7,0,1,28,1,8,0,1,0,0
142,1,136,1,30207,0,1,1,2,114,320,900,7576,-16,6,0,0,0,1,16,0,1,0,0
143,1,137,1,30166,0,1,1,2,101,320,900,7565,6,5,0,1,19,1,192,0,1,0,0
144,1,138,1,30176,0,1,1,2,87,320,900,7551,-11,6,0,1,216,1,1,0,1,0,0
145,1,139,1,30144,0,1,1,2,74,320,900,7541,-14,6,0,1,212,1,0,0,1,0,0
146,1,140,1,30118,0,1,1,2,64,320,900,7544,-10,6,0,0,0,1,49,0,1,0,0
147,1,141,1,30106,0,1,1,2,57,320,900,7536,3,4,0,1,178,1,0,0,1,0,0
148,1,142,1,29992,0,1,1,2,56,320,900,7529,-8,5,0,1,61,1,0,0,1,0,0
149,1,143,1,30018,0,1,1,2,59,320,900,7526,-7,5,0,0,0,1,0,0,1,0,0
150,1,144,1,29980,0,1,1,2,71,320,900,7498,-3,4,0,1,56,1,0,0,1,0,0
151,1,145,1,29945,0,1,1,2,83,320,900,7504,-28,7,0,0,0,1,72,0,1,0,0
152,1,146,1,29873,0,1,1,2,94,320,900,7495,6,5,0,1,55,1,183,0,1,0,0
153,1,147,1,29851,0,1,1,2,107,320,900,7486,-9,6,0,1,217,1,83,0,1,0,0
154,1,148,1,29844,0,1,1,2,119,320,900,7468,-9,6,0,1,220,1,115,0,1,0,0
155,1,149,1,29785,0,1,1,2,133,320,900,7462,-18,7,0,0,0,1,224,0,1,0,0
156,1,150,1,29708,0,1,1,2,135,320,900,7461,-6,5,0,1,183,1,203,0,1,0,0
157,1,151,1,29623,0,1,1,2,138,320,900,7446,-1,2,0,1,91,1,198,0,1,0,0
158,1,152,1,29607,0,1,1,2,142,320,900,7427,-15,6,0,0,0,1,174,0,1,0,0
159,1,153,1,29544,0,1,1,2,152,320,900,7405,-19,7,0,1,31,1,72,0,1,0,0
160,1,154,1,29653,0,1,1,2,160,320,900,7401,-22,7,0,1,183,1,18,0,1,0,0
161,1,155,1,29565,0,1,1,2,166,320,900,7386,-4,4,0,1,213,1,253,0,1,0,0
162,1,156,1,29546,0,1,1,2,165,320,900,7413,-15,6,0,0,0,1,64,0,1,0,0
163,1,157,1,29563,0,1,1,2,166,320,900,7391,27,7,0,1,28,1,236,0,1,0,0
164,1,158,1,29565,0,1,1,2,164,320,900,7386,-22,7,0,1,111,1,77,0,1,0,0
165,1,159,1,29547,0,1,1,2,154,320,900,7390,-5,5,0,1,212,1,124,0,1,0,0
166,1,160,1,29563,0,1,1,2,146,320,900,7391,4,5,0,0,0,1,226,0,1,0,0
167,1,161,1,29634,0,1,1,2,132,320,900,7386,1,3,0,1,155,1,134,0,1,0,0
168,1,162,1,29698,0,1,1,2,115,320,900,7390,-5,5,0,0,0,1,158,0,1,0,0
169,1,163,1,29620,0,1,1,2,95,320,900,7408,4,5,0,1,100,1,141,0,1,0,0
170,1,164,1,29754,0,1,1,2,81,320,900,7424,18,7,0,0,0,1,113,0,1,0,0
171,1,165,1,29726,0,1,1,2,66,320,900,7405,16,7,0,1,19,1,141,0,1,0,0
172,1,166,1,29741,0,1,1,2,60,320,900,7438,-19,7,0,1,9,1,113,0,1,0,0
173,1,167,1,29764,0,1,1,2,57,320,900,7431,33,8,0,1,164,1,55,0,1,0,0
174,1,168,1,29790,0,1,1,2,61,320,900,7435,-7,5,0,1,29,1,179,0,1,0,0
175,1,169,1,29886,0,1,1,2,71,320,900,7441,4,5,0,1,146,1,189,0,1,0,0
176,1,170,1,29890,0,1,1,2,82,320,900,7447,6,5,0,0,0,1,198,0,1,0,0
177,1,171,1,30053,0,1,1,2,91,320,900,7471,6,5,0,1,137,1,111,0,1,0,0
178,1,172,1,30039,0,1,1,2,104,320,900,7472,24,7,0,1,49,1,151,0,1,0,0
179,1,173,1,30082,0,1,1,2,118,320,900,7513,1,3,0,0,0,1,35,0,1,0,0
180,1,174,1,30170,0,1,1,2,132,320,900,7509,41,8,0,1,152,1,76,0,1,0,0
181,1,175,1,30229,0,1,1,2,150,320,900,7520,-4,4,0,1,164,1,142,0,1,0,0
182,1,176,1,30188,0,1,1,2,168,320,900,7542,11,6,0,0,0,1,188,0,1,0,0
183,1,177,1,30129,0,1,1,2,178,320,900,7557,22,7,0,1,240,1,103,0,1,0,0
184,1,178,1,30225,0,1,1,2,184,320,900,7547,15,6,0,1,98,1,18,0,1,0,0
185,1,179,1,30256,0,1,1,2,183,320,900,7532,-10,6,0,1,121,1,14,0,1,0,0
186,1,180,1,30270,0,1,1,2,184,320,900,7556,-15,6,0,0,0,1,25,0,1,0,0
187,1,181,1,30319,0,1,1,2,172,320,900,7564,24,7,0,1,236,1,98,0,1,0,0
188,1,182,1,30317,0,1,1,2,166,320,900,7567,8,6,0,1,24,1,32,0,1,0,0
189,1,183,1,30276,0,1,1,2,158,320,900,7579,3,4,0,1,131,1,119,0,1,0,0
190,1,184,1,30247,0,1,1,2,146,320,900,7579,12,6,0,0,0,1,234,0,1,0,0
191,1,185,1,30320,0,1,1,2,128,320,900,7569,0,1,0,1,12,1,74,0,1,0,0
192,1,186,1,30279,0,1,1,2,106,320,900,7561,-10,6,0,0,0,1,134,0,1,0,0
193,1,187,1,30265,0,1,1,2,92,320,900,7580,-8,5,0,1,195,1,37,0,1,0,0
194,1,188,1,30274,0,1,1,2,73,320,900,7569,19,7,0,1,198,1,83,0,1,0,0
195,1,189,1,30179,0,1,1,2,62,320,900,7566,-11,6,0,0,0,1,146,0,1,0,0
196,1,190,1,30173,0,1,1,2,51,320,900,7568,-3,4,0,1,147,1,19,0,1,0,0
197,1,191,1,30185,0,1,1,2,44,320,900,7544,2,4,0,1,186,1,70,0,1,0,0
198,1,192,1,30098,0,1,1,2,45,320,900,7543,-24,7,0,0,0,1,231,1,0,0,0
199,1,193,1,30058,0,1,1,2,49,320,900,7546,-1,2,0,1,5,0,231,0,0,0,0
200,1,194,1,30070,0,1,1,2,56,320,900,7524,3,4,0,0,0,0,231,0,0,0,0
201,1,195,1,29966,0,1,1,2,63,320,900,7514,-22,7,0,1,253,0,231,0,0,0,0
202,1,196,1,30000,0,1,1,2,77,320,900,7517,-10,6,0,1,0,0,231,0,0,0,0
203,1,197,1,29897,0,1,1,2,91,320,900,7491,3,4,0,1,106,0,231,0,0,0,0
204,1,198,1,29926,0,1,1,2,104,320,900,7500,-26,7,0,1,123,0,231,0,0,0,0
205,1,199,1,29808,0,1,1,2,117,320,900,7474,9,6,0,1,204,0,231,0,1,0,0
206,1,200,1,29780,0,1,1,2,122,320,900,7481,-26,7,0,0,0,1,8,0,1,0,0
207,1,201,1,29825,0,1,1,2,133,320,900,7452,7,5,0,1,137,1,16,0,1,0,0
208,1,202,1,29734,0,1,1,2,145,320,900,7445,-29,7,0,1,249,1,192,0,1,0,0
209,1,203,1,29731,0,1,1,2,146,320,900,7456,-7,5,0,1,140,1,2,0,1,0,0
210,1,204,1,29598,0,1,1,2,150,320,900,7433,11,6,0,0,0,1,0,0,1,0,0
211,1,205,1,29603,0,1,1,2,151,320,900,7432,-23,7,0,1,243,1,48,0,1,0,0
212,1,206,1,29632,0,1,1,2,154,320,900,7399,-1,2,0,1,146,1,0,0,1,0,0
213,1,207,1,29660,0,1,1,2,159,320,900,7400,-33,8,0,0,0,1,0,0,1,0,0
214,1,208,1,29685,0,1,1,2,155,320,900,7408,1,3,0,1,254,1,0,0,1,0,0
215,1,209,1,29625,0,1,1,2,143,320,900,7415,8,6,0,1,59,1,0,0,1,0,0
216,1,210,1,29692,0,1,1,2,132,320,900,7421,7,5,0,0,0,1,72,0,1,0,0
217,1,211,1,29677,0,1,1,2,125,320,900,7406,6,5,0,1,200,1,206,0,1,0,0
218,1,212,1,29715,0,1,1,2,107,320,900,7423,-15,6,0,1,49,1,28,0,1,0,0
219,1,213,1,29809,0,1,1,2,95,320,900,7419,17,7,0,0,0,1,19,0,1,0,0
220,1,214,1,29820,0,1,1,2,78,320,900,7428,-4,4,0,1,113,1,216,0,1,0,0
221,1,215,1,29808,0,1,1,2,72,320,900,7452,9,6,0,1,132,1,212,0,1,0,0
222,1,216,1,29851,0,1,1,2,65,320,900,7455,24,7,0,0,0,1,178,0,1,0,0
223,1,217,1,29839,0,1,1,2,65,320,900,7452,3,4,0,1,19,1,61,0,1,0,0
224,1,218,1,29943,0,1,1,2,70,320,900,7462,-3,4,0,1,204,1,56,0,1,0,0
225,1,219,1,29966,0,1,1,2,72,320,900,7459,10,6,0,0,0,1,55,0,1,0,0
226,1,220,1,30035,0,1,1,2,89,320,900,7485,-3,4,0,1,180,1,217,0,1,0,0
227,1,221,1,30038,0,1,1,2,105,320,900,7491,26,7,0,1,210,1,220,0,1,0,0
228,1,222,1,30080,0,1,1,2,111,320,900,7508,6,5,0,0,0,1,183,0,1,0,0
229,1,223,1,30131,0,1,1,2,116,320,900,7509,17,7,0,1,26,1,91,0,1,0,0
230,1,224,1,30239,0,1,1,2,126,320,900,7520,1,3,0,1,19,1,31,0,1,0,0
231,1,225,1,30233,0,1,1,2,139,320,900,7532,11,6,0,0,0,1,183,0,1,0,0
232,1,226,1,30219,0,1,1,2,153,320,900,7559,12,6,0,1,201,1,213,0,1,0,0
233,1,227,1,30328,0,1,1,2,155,320,900,7558,27,7,0,1,194,1,28,0,1,0,0
234,1,228,1,30427,0,1,1,2,159,320,900,7554,-1,2,0,1,108,1,111,0,1,0,0
235,1,229,1,30425,0,1,1,2,162,320,900,7582,-4,4,0,0,0,1,212,0,1,0,0
236,1,230,1,30371,0,1,1,2,170,320,900,7606,28,7,0,0,0,1,155,0,1,0,0
237,1,231,1,30353,0,1,1,2,178,320,900,7606,24,7,0,1,102,1,100,0,1,0,0
238,1,232,1,30355,0,1,1,2,178,320,900,7592,0,1,0,1,14,1,19,0,1,0,0
239,1,233,1,30438,0,1,1,2,169,320,900,7588,-14,6,0,0,0,1,9,0,1,0,0
240,1,234,1,30438,0,1,1,2,155,320,900,7588,-4,4,0,1,134,1,164,0,1,0,0
241,1,235,1,30411,0,1,1,2,145,320,900,7609,0,1,0,1,204,1,29,0,1,0,0
242,1,236,1,30375,0,1,1,2,137,320,900,7609,21,7,0,0,0,1,146,0,1,0,0
243,1,237,1,30355,0,1,1,2,122,320,900,7602,0,1,0,1,42,1,137,0,1,0,0
244,1,238,1,30320,0,1,1,2,105,320,900,7593,-7,5,0,0,0,1,49,0,1,0,0
245,1,239,1,30360,0,1,1,2,85,320,900,7588,-9,6,0,0,0,1,152,0,1,0,0
246,1,240,1,30328,0,1,1,2,66,320,900,7580,-5,5,0,1,242,1,164,0,1,0,0
247,1,241,1,30254,0,1,1,2,52,320,900,7590,-8,5,0,1,189,1,240,0,1,0,0
248,1,242,1,30125,0,1,1,2,47,320,900,7582,10,6,0,0,0,1,98,0,1,0,0
249,1,243,1,30115,0,1,1,2,46,320,900,7563,-8,5,0,1,177,1,121,0,1,0,0
250,1,244,1,30069,0,1,1,2,57,320,900,7531,-19,7,0,1,130,1,236,0,1,0,0
251,1,245,1,30032,0,1,1,2,80,320,900,7528,-32,7,0,1,219,1,24,0,1,0,0
252,1,246,1,29990,0,1,1,2,101,320,900,7517,-3,4,0,0,0,1,131,0,1,0,0
253,1,247,1,30057,0,1,1,2,118,320,900,7508,-11,6,0,1,224,1,12,0,1,0,0
254,1,248,1,29981,0,1,1,2,134,320,900,7497,-9,6,0,1,174,1,195,0,1,0,0
255,1,249,1,29919,0,1,1,2,145,320,900,7514,-11,6,0,0,0,1,198,0,1,0,0
256,1,250,1,29892,0,1,1,2,157,320,900,7495,17,7,0,1,239,1,147,0,1,0,0
257,1,251,1,29797,0,1,1,2,159,320,900,7479,-19,7,0,1,58,1,186,0,1,0,0
258,1,252,1,29778,0,1,1,2,154,320,900,7473,-16,6,0,1,210,1,5,0,1,0,0
259,1,253,1,29768,0,1,1,2,155,320,900,7449,-6,5,0,1,134,1,253,0,1,0,0
260,1,254,1,29818,0,1,1,2,156,320,900,7444,-24,7,0,0,0,1,0,0,1,0,0
261,1,255,1,29660,0,1,1,2,156,320,900,7442,-5,5,0,1,53,1,160,0,1,0,0
262,1,256,1,29724,0,1,1,2,152,320,900,7454,-2,3,0,1,122,1,17,1,0,0,0
263,1,257,1,29788,0,1,1,2,152,320,900,7415,12,6,0,0,0,0,17,0,0,0,0
264,1,258,1,29727,0,1,1,2,143,320,900,7431,-39,8,0,1,155,0,17,0,0,0,0
265,1,259,1,29735,0,1,1,2,130,320,900,7447,16,7,0,1,201,0,17,0,0,0,0
266,1,260,1,29777,0,1,1,2,124,320,900,7431,16,7,0,1,6,0,17,0,0,0,0
267,1,261,1,29708,0,1,1,2,114,320,900,7433,-16,6,0,1,16,0,17,0,0,0,0
268,1,262,1,29849,0,1,1,2,98,320,900,7444,2,4,0,1,8,0,17,0,0,0,0
269,1,263,1,29722,0,1,1,2,89,320,900,7427,11,6,0,1,44,0,17,0,1,0,0
270,1,264,1,29815,0,1,1,2,76,320,900,7462,-17,7,0,0,0,1,8,0,1,0,0
271,1,265,1,29865,0,1,1,2,62,320,900,7430,35,8,0,1,203,1,16,0,1,0,0
272,1,266,1,29855,0,1,1,2,52,320,900,7453,-32,7,0,1,123,1,192,0,1,0,0
273,1,267,1,29856,0,1,1,2,49,320,900,7466,23,7,0,1,4,1,3,0,1,0,0
274,1,268,1,29982,0,1,1,2,46,320,900,7463,13,6,0,1,124,1,0,0,1,0,0
275,1,269,1,30047,0,1,1,2,51,320,900,7464,-3,4,0,1,105,1,48,0,1,0,0
276,1,270,1,30081,0,1,1,2,65,320,900,7495,1,3,0,0,0,1,0,0,1,0,0
277,1,271,1,30073,0,1,1,2,79,320,900,7511,31,7,0,1,58,1,0,0,1,0,0
278,1,272,1,30199,0,1,1,2,98,320,900,7520,16,7,0,0,0,1,0,0,1,0,0
279,1,273,1,30258,0,1,1,2,112,320,900,7518,9,6,0,1,31,1,0,0,1,0,0
280,1,274,1,30273,0,1,1,2,133,320,900,7549,-2,3,0,1,72,1,72,0,1,0,0
281,1,275,1,30255,0,1,1,2,156,320,900,7564,31,7,0,0,0,1,106,0,1,0,0
282,1,276,1,30309,0,1,1,2,167,320,900,7568,15,6,0,1,226,1,123,0,1,0,0
283,1,277,1,30323,0,1,1,2,173,320,900,7563,4,5,0,1,207,1,204,0,1,0,0
284,1,278,1,30419,0,1,1,2,177,320,900,7577,-5,5,0,1,67,1,137,0,1,0,0
285,1,279,1,30420,0,1,1,2,175,320,900,7580,14,6,0,0,0,1,249,0,1,0,0
286,1,280,1,30479,0,1,1,2,187,320,900,7604,3,4,0,1,182,1,140,0,1,0,0
287,1,281,1,30400,0,1,1,2,180,320,900,7605,24,7,0,1,51,1,243,0,1,0,0
288,1,282,1,30407,0,1,1,2,173,320,900,7619,1,3,0,0,0,1,146,0,1,0,0
289,1,283,1,30463,0,1,1,2,160,320,900,7600,14,6,0,1,152,1,254,0,1,0,0
290,1,284,1,30366,0,1,1,2,142,320,900,7601,-19,7,0,1,56,1,59,0,1,0,0
291,1,285,1,30510,0,1,1,2,128,320,900,7615,1,3,0,0,0,1,200,0,1,0,0
292,1,286,1,30467,0,1,1,2,111,320,900,7591,14,6,0,1,237,1,49,0,1,0,0
293,1,287,1,30368,0,1,1,2,105,320,900,7627,-24,7,0,1,56,1,113,0,1,0,0
294,1,288,1,30278,0,1,1,2,94,320,900,7616,36,8,0,0,0,1,132,0,1,0,0
295,1,289,1,30361,0,1,1,2,75,320,900,7592,-11,6,0,1,104,1,19,0,1,0,0
296,1,290,1,30249,0,1,1,2,70,320,900,7569,-24,7,0,1,146,1,204,0,1,0,0
297,1,291,1,30265,0,1,1,2,64,320,900,7590,-23,7,0,1,26,1,180,0,1,0,0
298,1,292,1,30280,0,1,1,2,66,320,900,7562,21,7,0,1,157,1,210,0,1,0,0
299,1,293,1,30195,0,1,1,2,65,320,900,7566,-28,7,0,1,174,1,26,0,1,0,0
300,1,294,1,30123,0,1,1,2,67,320,900,7570,4,5,0,1,144,1,19,0,1,0,0
301,1,295,1,30041,0,1,1,2,80,320,900,7548,4,5,0,0,0,1,201,0,1,0,0
302,1,296,1,29972,0,1,1,2,96,320,900,7530,-22,7,0,1,9,1,194,0,1,0,0
303,1,297,1,29942,0,1,1,2,112,320,900,7510,-18,7,0,1,81,1,108,0,1,0,0
304,1,298,1,29996,0,1,1,2,124,320,900,7493,-20,7,0,1,187,1,102,0,1,0,0
305,1,299,1,29923,0,1,1,2,143,320,900,7485,-17,7,0,1,217,1,14,0,1,0,0
306,1,300,1,29858,0,1,1,2,156,320,900,7499,-8,5,0,0,0,1,134,0,1,0,0
307,1,301,1,29790,0,1,1,2,164,320,900,7480,14,6,0,1,111,1,204,0,1,0,0
308,1,302,1,29760,0,1,1,2,178,320,900,7464,-19,7,0,1,236,1,42,0,1,0,0
309,1,303,1,29796,0,1,1,2,180,320,900,7447,-16,6,0,1,180,1,242,0,1,0,0
310,1,304,1,29728,0,1,1,2,177,320,900,7440,-17,7,0,0,0,1,189,0,1,0,0
311,1,305,1,29699,0,1,1,2,172,320,900,7449,-7,5,0,1,225,1,177,0,1,0,0
312,1,306,1,29670,0,1,1,2,171,320,900,7432,9,6,0,1,119,1,130,0,1,0,0
313,1,307,1,29631,0,1,1,2,164,320,900,7424,-17,7,0,1,78,1,219,0,1,0,0
314,1,308,1,29716,0,1,1,2,164,320,900,7417,-8,5,0,1,222,1,224,0,1,0,0
315,1,309,1,29755,0,1,1,2,158,320,900,7407,-7,5,0,0,0,1,174,0,1,0,0
316,1,310,1,29801,0,1,1,2,141,320,900,7429,-10,6,0,1,56,1,239,0,1,0,0
317,1,311,1,29796,0,1,1,2,121,320,900,7438,22,7,0,1,219,1,58,0,1,0,0
318,1,312,1,29738,0,1,1,2,99,320,900,7450,9,6,0,0,0,1,210,0,1,0,0
319,1,313,1,29835,0,1,1,2,83,320,900,7449,12,6,0,1,150,1,134,0,1,0,0
320,1,314,1,29788,0,1,1,2,75,320,900,7434,-1,2,0,1,132,1,53,0,1,0,0
321,1,315,1,29858,0,1,1,2,68,320,900,7458,-15,6,0,0,0,1,122,0,1,0,0
322,1,316,1,29856,0,1,1,2,55,320,900,7447,24,7,0,1,57,1,155,0,1,0,0
323,1,317,1,29872,0,1,1,2,51,320,900,7464,-11,6,0,1,198,1,201,0,1,0,0
324,1,318,1,29867,0,1,1,2,51,320,900,7464,17,7,0,1,212,1,6,0,1,0,0
325,1,319,1,30012,0,1,1,2,56,320,900,7468,0,1,0,0,0,1,119,0,1,0,0
326,1,320,1,30017,0,1,1,2,59,320,900,7466,4,5,0,1,17,1,205,1,0,0,0
327,1,321,1,30050,0,1,1,2,75,320,900,7503,-2,3,0,0,0,0,205,0,0,0,0
328,1,322,1,30052,0,1,1,2,86,320,900,7504,37,8,0,1,196,0,205,0,0,0,0
329,1,323,1,30229,0,1,1,2,94,320,900,7512,1,3,0,1,37,0,205,0,0,0,0
330,1,324,1,30257,0,1,1,2,108,320,900,7513,8,6,0,0,0,0,205,0,0,0,0
331,1,325,1,30263,0,1,1,2,126,320,900,7557,1,3,0,1,65,0,205,0,0,0,0
332,1,326,1,30290,0,1,1,2,141,320,900,7564,44,8,0,0,0,0,205,0,1,0,0
333,1,327,1,30340,0,1,1,2,152,320,900,7565,7,5,0,1,194,1,8,0,1,0,0
334,1,328,1,30359,0,1,1,2,161,320,900,7572,1,3,0,1,114,1,16,0,1,0,0
335,1,329,1,30350,0,1,1,2,174,320,900,7585,7,5,0,0,0,1,192,0,1,0,0
336,1,330,1,30375,0,1,1,2,180,320,900,7589,13,6,0,1,114,1,4,0,1,0,0
337,1,331,1,30427,0,1,1,2,185,320,900,7587,4,5,0,0,0,1,0,0,1,0,0
338,1,332,1,30504,0,1,1,2,179,320,900,7593,-2,3,0,1,26,1,51,0,1,0,0
339,1,333,1,30362,0,1,1,2,172,320,900,7606,6,5,0,0,0,1,0,0,1,0,0
340,1,334,1,30364,0,1,1,2,162,320,900,7626,13,6,0,1,98,1,0,0,1,0,0
341,1,335,1,30369,0,1,1,2,141,320,900,7590,20,7,0,1,211,1,0,0,1,0,0
342,1,336,1,30372,0,1,1,2,119,320,900,7591,-36,8,0,1,80,1,0,0,1,0,0
343,1,337,1,30377,0,1,1,2,104,320,900,7592,1,3,0,1,184,1,72,0,1,0,0
344,1,338,1,30317,0,1,1,2,85,320,900,7593,1,3,0,0,0,1,16,0,1,0,0
345,1,339,1,30228,0,1,1,2,65,320,900,7594,1,3,0,0,0,1,8,0,1,0,0
346,1,340,1,30248,0,1,1,2,48,320,900,7579,1,3,0,1,147,1,44,0,1,0,0
347,1,341,1,30208,0,1,1,2,48,320,900,7557,-15,6,0,0,0,1,203,0,1,0,0
348,1,342,1,30192,0,1,1,2,50,320,900,7562,-22,7,0,1,36,1,123,0,1,0,0
349,1,343,1,30073,0,1,1,2,55,320,900,7552,5,5,0,1,86,1,4,0,1,0,0
350,1,344,1,30084,0,1,1,2,67,320,900,7548,-10,6,0,0,0,1,124,0,1,0,0
351,1,345,1,30000,0,1,1,2,88,320,900,7518,-4,4,0,1,23,1,105,0,1,0,0
352,1,346,1,29993,0,1,1,2,103,320,900,7521,-30,7,0,1,155,1,58,0,1,0,0
353,1,347,1,29975,0,1,1,2,120,320,900,7500,3,4,0,1,197,1,31,0,1,0,0
354,1,348,1,29829,0,1,1,2,131,320,900,7498,-21,7,0,0,0,1,72,0,1,0,0
355,1,349,1,29776,0,1,1,2,143,320,900,7493,-2,3,0,1,179,1,226,0,1,0,0
356,1,350,1,29805,0,1,1,2,155,320,900,7457,-5,5,0,0,0,1,207,0,1,0,0
357,1,351,1,29754,0,1,1,2,169,320,900,7444,-36,8,0,1,246,1,67,0,1,0,0
358,1,352,1,29703,0,1,1,2,174,320,900,7451,-13,6,0,1,230,1,182,0,1,0,0
359,1,353,1,29626,0,1,1,2,181,320,900,7438,7,5,0,1,158,1,51,0,1,0,0
360,1,354,1,29691,0,1,1,2,182,320,900,7425,-13,6,0,0,0,1,152,0,1,0,0
361,1,355,1,29653,0,1,1,2,189,320,900,7406,-13,6,0,1,207,1,56,0,1,0,0
362,1,356,1,29705,0,1,1,2,186,320,900,7422,-19,7,0,1,60,1,237,0,1,0,0
363,1,357,1,29551,0,1,1,2,183,320,900,7413,16,7,0,1,183,1,56,0,1,0,0
364,1,358,1,29635,0,1,1,2,166,320,900,7426,-9,6,0,1,33,1,104,0,1,0,0
365,1,359,1,29649,0,1,1,2,155,320,900,7387,13,6,0,0,0,1,146,0,1,0,0
366,1,360,1,29664,0,1,1,2,138,320,900,7408,-39,8,0,1,119,1,26,0,1,0,0
367,1,361,1,29733,0,1,1,2,125,320,900,7412,21,7,0,1,147,1,157,0,1,0,0
368,1,362,1,29699,0,1,1,2,107,320,900,7416,4,5,0,1,93,1,174,0,1,0,0
369,1,363,1,29670,0,1,1,2,88,320,900,7433,4,5,0,1,33,1,144,0,1,0,0
370,1,364,1,29712,0,1,1,2,69,320,900,7424,17,7,0,0,0,1,9,0,1,0,0
371,1,365,1,29814,0,1,1,2,54,320,900,7417,-9,6,0,1,36,1,81,0,1,0,0
372,1,366,1,29800,0,1,1,2,46,320,900,7428,-7,5,0,1,114,1,187,0,1,0,0
373,1,367,1,29840,0,1,1,2,49,320,900,7453,11,6,0,0,0,1,217,0,1,0,0
374,1,368,1,29832,0,1,1,2,48,320,900,7450,25,7,0,1,231,1,111,0,1,0,0
375,1,369,1,29867,0,1,1,2,54,320,900,7460,-3,4,0,1,37,1,236,0,1,0,0
376,1,370,1,30018,0,1,1,2,67,320,900,7458,10,6,0,1,211,1,180,0,1,0,0
377,1,371,1,30010,0,1,1,2,76,320,900,7466,-2,3,0,0,0,1,225,0,1,0,0
378,1,372,1,30068,0,1,1,2,96,320,900,7504,8,6,0,1,138,1,119,0,1,0,0
379,1,373,1,30096,0,1,1,2,108,320,900,7502,38,8,0,0,0,1,78,0,1,0,0
380,1,374,1,30064,0,1,1,2,124,320,900,7517,-2,3,0,1,17,1,222,0,1,0,0
381,1,375,1,30189,0,1,1,2,130,320,900,7524,15,6,0,1,19,1,56,0,1,0,0
382,1,376,1,30212,0,1,1,2,140,320,900,7516,7,5,0,1,63,1,219,0,1,0,0
383,1,377,1,30253,0,1,1,2,154,320,900,7547,-8,5,0,0,0,1,150,0,1,0,0
384,1,378,1,30138,0,1,1,2,161,320,900,7553,31,7,0,1,7,1,132,0,1,0,0
385,1,379,1,30275,0,1,1,2,167,320,900,7563,6,5,0,1,127,1,57,0,1,0,0
386,1,380,1,30282,0,1,1,2,155,320,900,7534,10,6,0,0,0,1,198,0,1,0,0
387,1,381,1,30283,0,1,1,2,150,320,900,7568,-29,7,0,1,140,1,212,0,1,0,0
388,1,382,1,30318,0,1,1,2,142,320,900,7570,34,8,0,1,50,1,17,0,1,0,0
389,1,383,1,30285,0,1,1,2,140,320,900,7570,2,4,0,1,22,1,196,0,1,0,0
390,1,384,1,30286,0,1,1,2,134,320,900,7579,0,1,0,0,0,1,37,0,1,0,0
391,1,385,1,30290,0,1,1,2,125,320,900,7571,9,6,0,1,17,1,62,0,1,0,0
392,1,386,1,30280,0,1,1,2,109,320,900,7571,-8,5,0,0,0,1,230,1,0,0,0
393,1,387,1,30195,0,1,1,2,92,320,900,7572,0,1,0,1,9,0,230,0,0,0,0
394,1,388,1,30181,0,1,1,2,83,320,900,7570,1,3,0,1,6,0,230,0,0,0,0
395,1,389,1,30197,0,1,1,2,71,320,900,7548,-2,3,0,0,0,0,230,0,0,0,0
396,1,390,1,30173,0,1,1,2,63,320,900,7545,-22,7,0,0,0,0,230,0,0,0,0
397,1,391,1,30098,0,1,1,2,56,320,900,7549,-3,4,0,1,98,0,230,0,1,0,0
398,1,392,1,30078,0,1,1,2,49,320,900,7543,4,5,0,1,117,1,8,0,1,0,0
399,1,393,1,29984,0,1,1,2,56,320,900,7524,-6,5,0,0,0,1,16,0,1,0,0
400,1,394,1,29927,0,1,1,2,67,320,900,7519,-19,7,0,1,19,1,192,0,1,0,0
401,1,395,1,29937,0,1,1,2,78,320,900,7496,-5,5,0,1,221,1,5,0,1,0,0
402,1,396,1,29929,0,1,1,2,98,320,900,7481,-23,7,0,1,222,1,0,0,1,0,0
403,1,397,1,29776,0,1,1,2,114,320,900,7484,-15,6,0,0,0,1,48,0,1,0,0
404,1,398,1,29808,0,1,1,2,128,320,900,7482,3,4,0,1,233,1,0,0,1,0,0
405,1,399,1,29773,0,1,1,2,144,320,900,7444,-2,3,0,1,120,1,0,0,1,0,0
406,1,400,1,29739,0,1,1,2,154,320,900,7452,-38,8,0,0,0,1,0,0,1,0,0
407,1,401,1,29630,0,1,1,2,162,320,900,7443,8,6,0,1,172,1,0,0,1,0,0
408,1,402,1,29651,0,1,1,2,164,320,900,7434,-9,6,0,1,141,1,72,0,1,0,0
409,1,403,1,29590,0,1,1,2,166,320,900,7407,-9,6,0,1,220,1,65,0,1,0,0
410,1,404,1,29591,0,1,1,2,169,320,900,7412,-27,7,0,0,0,1,194,0,1,0,0
411,1,405,1,29601,0,1,1,2,175,320,900,7397,5,5,0,1,119,1,114,0,1,0,0
412,1,406,1,29558,0,1,1,2,172,320,900,7397,-15,6,0,1,185,1,114,0,1,0,0
413,1,407,1,29561,0,1,1,2,161,320,900,7400,0,1,0,1,196,1,26,0,1,0,0
414,1,408,1,29587,0,1,1,2,152,320,900,7389,3,4,0,0,0,1,98,0,1,0,0
415,1,409,1,29533,0,1,1,2,144,320,900,7390,-11,6,0,0,0,1,211,0,1,0,0
416,1,410,1,29649,0,1,1,2,131,320,900,7396,1,3,0,1,166,1,80,0,1,0,0
417,1,411,1,29594,0,1,1,2,121,320,900,7383,6,5,0,0,0,1,184,0,1,0,0
418,1,412,1,29624,0,1,1,2,103,320,900,7412,-13,6,0,1,142,1,147,0,1,0,0
419,1,413,1,29663,0,1,1,2,85,320,900,7398,29,7,0,1,153,1,36,0,1,0,0
420,1,414,1,29587,0,1,1,2,66,320,900,7406,-14,6,0,1,59,1,86,0,1,0,0
421,1,415,1,29741,0,1,1,2,57,320,900,7415,8,6,0,0,0,1,23,0,1,0,0
422,1,416,1,29736,0,1,1,2,47,320,900,7396,9,6,0,1,50,1,155,0,1,0,0
423,1,417,1,29808,0,1,1,2,45,320,900,7435,-19,7,0,1,146,1,197,0,1,0,0
424,1,418,1,29820,0,1,1,2,47,320,900,7434,39,8,0,1,180,1,179,0,1,0,0
425,1,419,1,29854,0,1,1,2,61,320,900,7452,-1,2,0,1,79,1,246,0,1,0,0
426,1,420,1,29929,0,1,1,2,76,320,900,7455,18,7,0,0,0,1,230,0,1,0,0
427,1,421,1,29963,0,1,1,2,92,320,900,7463,3,4,0,1,150,1,158,0,1,0,0
428,1,422,1,30106,0,1,1,2,108,320,900,7482,8,6,0,0,0,1,207,0,1,0,0
429,1,423,1,30106,0,1,1,2,122,320,900,7490,19,7,0,1,12,1,60,0,1,0,0
430,1,424,1,30122,0,1,1,2,142,320,900,7526,8,6,0,1,50,1,183,0,1,0,0
431,1,425,1,30153,0,1,1,2,154,320,900,7526,36,8,0,1,65,1,33,0,1,0,0
432,1,426,1,30196,0,1,1,2,167,320,900,7530,0,1,0,1,72,1,119,0,1,0,0
433,1,427,1,30256,0,1,1,2,175,320,900,7538,4,5,0,0,0,1,147,0,1,0,0
434,1,428,1,30201,0,1,1,2,186,320,900,7549,8,6,0,0,0,1,93,0,1,0,0
435,1,429,1,30280,0,1,1,2,190,320,900,7564,11,6,0,1,16,1,33,0,1,0,0
436,1,430,1,30241,0,1,1,2,188,320,900,7550,15,6,0,1,100,1,36,0,1,0,0
437,1,431,1,30334,0,1,1,2,186,320,900,7570,-14,6,0,1,121,1,114,0,1,0,0
438,1,432,1,30240,0,1,1,2,167,320,900,7560,20,7,0,0,0,1,231,0,1,0,0
439,1,433,1,30255,0,1,1,2,155,320,900,7583,-10,6,0,1,100,1,37,0,1,0,0
440,1,434,1,30241,0,1,1,2,137,320,900,7560,23,7,0,1,138,1,211,0,1,0,0
441,1,435,1,30247,0,1,1,2,121,320,900,7563,-23,7,0,1,125,1,138,0,1,0,0
442,1,436,1,30200,0,1,1,2,103,320,900,7560,3,4,0,1,73,1,17,0,1,0,0
443,1,437,1,30220,0,1,1,2,83,320,900,7561,-3,4,0,0,0,1,19,0,1,0,0
444,1,438,1,30253,0,1,1,2,65,320,900,7550,1,3,0,1,79,1,63,0,1,0,0
445,1,439,1,30227,0,1,1,2,49,320,900,7555,-11,6,0,0,0,1,7,0,1,0,0
446,1,440,1,30111,0,1,1,2,43,320,900,7563,5,5,0,1,167,1,127,0,1,0,0
447,1,441,1,30083,0,1,1,2,35,320,900,7556,8,6,0,1,46,1,140,0,1,0,0
448,1,442,1,30092,0,1,1,2,37,320,900,7527,-7,5,0,0,0,1,50,0,1,0,0
449,1,443,1,30004,0,1,1,2,43,320,900,7520,-29,7,0,1,72,1,22,0,1,0,0
450,1,444,1,29987,0,1,1,2,56,320,900,7523,-7,5,0,1,30,1,17,0,1,0,0
451,1,445,1,29948,0,1,1,2,71,320,900,7501,3,4,0,0,0,1,9,0,1,0,0
452,1,446,1,29892,0,1,1,2,91,320,900,7496,-22,7,0,1,231,1,6,0,1,0,0
453,1,447,1,29821,0,1,1,2,103,320,900,7487,-5,5,0,1,81,1,87,0,1,0,0
454,1,448,1,29751,0,1,1,2,117,320,900,7473,-9,6,0,0,0,1,205,1,0,0,0
455,1,449,1,29737,0,1,1,2,126,320,900,7455,-14,6,0,1,239,0,205,0,0,0,0
456,1,450,1,29646,0,1,1,2,145,320,900,7437,-18,7,0,1,91,0,205,0,0,0,0
457,1,451,1,29698,0,1,1,2,156,320,900,7434,-18,7,0,1,118,0,205,0,0,0,0
458,1,452,1,29596,0,1,1,2,169,320,900,7411,-3,4,0,1,3,0,205,0,0,0,0
459,1,453,1,29624,0,1,1,2,176,320,900,7424,-23,7,0,1,238,0,205,0,0,0,0
460,1,454,1,29622,0,1,1,2,186,320,900,7399,13,6,0,1,78,0,205,0,0,0,0
461,1,455,1,29596,0,1,1,2,187,320,900,7406,-25,7,0,1,55,0,205,0,1,0,0
462,1,456,1,29566,0,1,1,2,178,320,900,7405,7,5,0,0,0,1,8,0,1,0,0
463,1,457,1,29584,0,1,1,2,166,320,900,7399,-1,2,0,1,231,1,16,0,1,0,0
464,1,458,1,29617,0,1,1,2,156,320,900,7391,-6,5,0,0,0,1,192,0,1,0,0
465,1,459,1,29592,0,1,1,2,143,320,900,7396,-8,5,0,1,179,1,6,0,1,0,0
466,1,460,1,29536,0,1,1,2,124,320,900,7404,5,5,0,1,198,1,0,0,1,0,0
467,1,461,1,29548,0,1,1,2,108,320,900,7398,8,6,0,0,0,1,48,0,1,0,0
468,1,462,1,29656,0,1,1,2,92,320,900,7384,-6,5,0,1,5,1,0,0,1,0,0
469,1,463,1,29677,0,1,1,2,75,320,900,7387,-14,6,0,1,209,1,0,0,1,0,0
470,1,464,1,29660,0,1,1,2,58,320,900,7414,3,4,0,0,0,1,0,0,1,0,0
471,1,465,1,29774,0,1,1,2,48,320,900,7419,27,7,0,1,242,1,0,0,1,0,0
472,1,466,1,29818,0,1,1,2,43,320,900,7415,5,5,0,1,108,1,72,0,1,0,0
473,1,467,1,29809,0,1,1,2,48,320,900,7443,-4,4,0,0,0,1,98,0,1,0,0
474,1,468,1,29872,0,1,1,2,60,320,900,7454,28,7,0,1,10,1,117,0,1,0,0
475,1,469,1,29937,0,1,1,2,72,320,900,7452,11,6,0,1,115,1,19,0,1,0,0
476,1,470,1,29900,0,1,1,2,89,320,900,7468,-2,3,0,0,0,1,221,0,1,0,0
477,1,471,1,29993,0,1,1,2,108,320,900,7484,16,7,0,1,22,1,222,0,1,0,0
478,1,472,1,30063,0,1,1,2,122,320,900,7475,16,7,0,1,67,1,233,0,1,0,0
479,1,473,1,30116,0,1,1,2,135,320,900,7498,-9,6,0,1,32,1,120,0,1,0,0
480,1,474,1,30115,0,1,1,2,144,320,900,7515,23,7,0,0,0,1,172,0,1,0,0
481,1,475,1,30134,0,1,1,2,153,320,900,7529,17,7,0,1,247,1,141,0,1,0,0
482,1,476,1,30146,0,1,1,2,164,320,900,7528,14,6,0,1,37,1,220,0,1,0,0
483,1,477,1,30260,0,1,1,2,167,320,900,7533,-1,2,0,1,226,1,119,0,1,0,0
484,1,478,1,30295,0,1,1,2,166,320,900,7536,5,5,0,0,0,1,185,0,1,0,0
485,1,479,1,30319,0,1,1,2,166,320,900,7565,3,4,0,1,92,1,196,0,1,0,0
486,1,480,1,30321,0,1,1,2,169,320,900,7573,29,7,0,0,0,1,166,0,1,0,0
487,1,481,1,30347,0,1,1,2,167,320,900,7579,8,6,0,1,166,1,142,0,1,0,0
488,1,482,1,30395,0,1,1,2,158,320,900,7580,6,5,0,1,131,1,153,0,1,0,0
489,1,483,1,30339,0,1,1,2,153,320,900,7586,1,3,0,0,0,1,59,0,1,0,0
490,1,484,1,30260,0,1,1,2,155,320,900,7598,6,5,0,1,152,1,50,0,1,0,0
491,1,485,1,30331,0,1,1,2,147,320,900,7584,12,6,0,0,0,1,146,0,1,0,0
492,1,486,1,30371,0,1,1,2,133,320,900,7565,-14,6,0,1,24,1,180,0,1,0,0
493,1,487,1,30379,0,1,1,2,120,320,900,7582,-19,7,0,1,70,1,79,0,1,0,0
494,1,488,1,30328,0,1,1,2,101,320,900,7592,17,7,0,1,110,1,150,0,1,0,0
495,1,489,1,30264,0,1,1,2,90,320,900,7594,10,6,0,1,71,1,12,0,1,0,0
496,1,490,1,30284,0,1,1,2,77,320,900,7582,2,4,0,0,0,1,50,0,1,0,0
497,1,491,1,30108,0,1,1,2,66,320,900,7566,-12,6,0,1,20,1,65,0,1,0,0
498,1,492,1,30147,0,1,1,2,55,320,900,7571,-16,6,0,1,161,1,72,0,1,0,0
499,1,493,1,30125,0,1,1,2,57,320,900,7527,5,5,0,0,0,1,16,0,1,0,0
500,1,494,1,30017,0,1,1,2,59,320,900,7536,-44,8,0,1,225,1,100,0,1,0,0
501,1,495,1,30010,0,1,1,2,74,320,900,7531,9,6,0,1,66,1,121,0,1,0,0
502,1,496,1,29902,0,1,1,2,95,320,900,7504,-5,5,0,1,157,1,100,0,1,0,0
503,1,497,1,29909,0,1,1,2,116,320,900,7502,-27,7,0,0,0,1,138,0,1,0,0
504,1,498,1,29885,0,1,1,2,137,320,900,7475,-2,3,0,1,236,1,125,0,1,0,0
505,1,499,1,29888,0,1,1,2,150,320,900,7477,-27,7,0,1,178,1,73,0,1,0,0
506,1,500,1,29778,0,1,1,2,154,320,900,7471,2,4,0,1,203,1,79,0,1,0,0
507,1,501,1,29789,0,1,1,2,159,320,900,7472,-6,5,0,0,0,1,167,0,1,0,0
508,1,502,1,29728,0,1,1,2,175,320,900,7444,1,3,0,1,162,1,46,0,1,0,0
509,1,503,1,29778,0,1,1,2,176,320,900,7447,-28,7,0,0,0,1,72,0,1,0,0
510,1,504,1,29762,0,1,1,2,174,320,900,7432,3,4,0,1,67,1,30,0,1,0,0
511,1,505,1,29715,0,1,1,2,164,320,900,7444,-15,6,0,0,0,1,231,0,1,0,0
512,1,506,1,29608,0,1,1,2,149,320,900,7440,12,6,0,1,158,1,81,0,1,0,0
513,1,507,1,29584,0,1,1,2,136,320,900,7428,-4,4,0,1,152,1,239,0,1,0,0
514,1,508,1,29652,0,1,1,2,133,320,900,7402,-12,6,0,0,0,1,91,0,1,0,0
515,1,509,1,29706,0,1,1,2,133,320,900,7396,-26,7,0,1,97,1,118,0,1,0,0
516,1,510,1,29695,0,1,1,2,120,320,900,7413,-6,5,0,1,218,1,3,0,1,0,0
517,1,511,1,29686,0,1,1,2,103,320,900,7426,17,7,0,1,172,1,60,0,1,0,0
518,1,512,1,29729,0,1,1,2,94,320,900,7423,13,6,0,1,35,1,187,1,0,0,0
519,1,513,1,29709,0,1,1,2,82,320,900,7421,-3,4,0,0,0,0,187,0,0,0,0
520,1,514,1,29747,0,1,1,2,71,320,900,7432,-2,3,0,1,77,0,187,0,0,0,0
521,1,515,1,29849,0,1,1,2,61,320,900,7427,11,6,0,1,27,0,187,0,0,0,0
522,1,516,1,29882,0,1,1,2,52,320,900,7436,-5,5,0,0,0,0,187,0,0,0,0
523,1,517,1,29981,0,1,1,2,50,320,900,7462,9,6,0,1,203,0,187,0,0,0,0
524,1,518,1,29915,0,1,1,2,59,320,900,7470,26,7,0,1,78,0,187,0,1,0,0
525,1,519,1,29946,0,1,1,2,74,320,900,7495,8,6,0,1,52,1,8,0,1,0,0
526,1,520,1,30021,0,1,1,2,86,320,900,7478,25,7,0,0,0,1,16,0,1,0,0
527,1,521,1,30065,0,1,1,2,102,320,900,7486,-17,7,0,1,72,1,192,0,1,0,0
528,1,522,1,30065,0,1,1,2,122,320,900,7505,8,6,0,1,230,1,7,0,1,0,0
529,1,523,1,30182,0,1,1,2,137,320,900,7516,19,7,0,1,141,1,0,0,1,0,0
530,1,524,1,30230,0,1,1,2,140,320,900,7516,11,6,0,1,76,1,48,0,1,0,0
531,1,525,1,30261,0,1,1,2,145,320,900,7545,0,1,0,0,0,1,0,0,1,0,0
532,1,526,1,30288,0,1,1,2,152,320,900,7557,29,7,0,1,22,1,0,0,1,0,0
533,1,527,1,30288,0,1,1,2,161,320,900,7565,12,6,0,0,0,1,0,0,1,0,0
534,1,528,1,30395,0,1,1,2,167,320,900,7572,8,6,0,1,29,1,0,0,1,0,0
535,1,529,1,30455,0,1,1,2,168,320,900,7572,7,5,0,1,6,1,72,0,1,0,0
536,1,530,1,30435,0,1,1,2,178,320,900,7598,0,1,0,1,57,1,238,0,1,0,0
537,1,531,1,30359,0,1,1,2,181,320,900,7613,26,7,0,0,0,1,78,0,1,0,0
538,1,532,1,30456,0,1,1,2,175,320,900,7608,15,6,0,1,52,1,55,0,1,0,0
539,1,533,1,30426,0,1,1,2,165,320,900,7589,-5,5,0,0,0,1,231,0,1,0,0
540,1,534,1,30399,0,1,1,2,158,320,900,7614,-19,7,0,1,207,1,179,0,1,0,0
541,1,535,1,30391,0,1,1,2,151,320,900,7606,25,7,0,1,110,1,198,0,1,0,0
542,1,536,1,30359,0,1,1,2,135,320,900,7599,-8,5,0,1,103,1,5,0,1,0,0
543,1,537,1,30401,0,1,1,2,119,320,900,7597,-7,5,0,0,0,1,209,0,1,0,0
544,1,538,1,30390,0,1,1,2,101,320,900,7589,-2,3,0,1,112,1,242,0,1,0,0
545,1,539,1,30254,0,1,1,2,83,320,900,7600,-8,5,0,0,0,1,108,0,1,0,0
546,1,540,1,30284,0,1,1,2,66,320,900,7597,11,6,0,1,54,1,10,0,1,0,0
547,1,541,1,30222,0,1,1,2,61,320,900,7563,-3,4,0,1,94,1,115,0,1,0,0
548,1,542,1,30254,0,1,1,2,58,320,900,7571,-34,8,0,0,0,1,22,0,1,0,0
549,1,543,1,30170,0,1,1,2,60,320,900,7555,8,6,0,1,218,1,67,0,1,0,0
550,1,544,1,30129,0,1,1,2,65,320,900,7563,-16,6,0,1,27,1,32,0,1,0,0
551,1,545,1,30105,0,1,1,2,79,320,900,7542,8,6,0,1,129,1,247,0,1,0,0
552,1,546,1,30041,0,1,1,2,93,320,900,7532,-21,7,0,0,0,1,37,0,1,0,0
553,1,547,1,29972,0,1,1,2,101,320,900,7526,-10,6,0,1,145,1,226,0,1,0,0
554,1,548,1,29936,0,1,1,2,110,320,900,7510,-6,5,0,1,181,1,92,0,1,0,0
555,1,549,1,29915,0,1,1,2,127,320,900,7493,-16,6,0,1,173,1,166,0,1,0,0
556,1,550,1,29827,0,1,1,2,138,320,900,7484,-17,7,0,0,0,1,131,0,1,0,0
557,1,551,1,29772,0,1,1,2,147,320,900,7478,-9,6,0,1,225,1,152,0,1,0,0
558,1,552,1,29833,0,1,1,2,159,320,900,7456,-6,5,0,1,247,1,24,0,1,0,0
559,1,553,1,29825,0,1,1,2,170,320,900,7443,-22,7,0,1,173,1,70,0,1,0,0
560,1,554,1,29764,0,1,1,2,174,320,900,7458,-13,6,0,1,213,1,110,0,1,0,0
561,1,555,1,29728,0,1,1,2,170,320,900,7456,15,6,0,0,0,1,71,0,1,0,0
562,1,556,1,29764,0,1,1,2,163,320,900,7441,-2,3,0,1,243,1,20,0,1,0,0
563,1,557,1,29741,0,1,1,2,161,320,900,7432,-15,6,0,0,0,1,161,0,1,0,0
564,1,558,1,29722,0,1,1,2,150,320,900,7441,-9,6,0,1,227,1,225,0,1,0,0
565,1,559,1,29719,0,1,1,2,141,320,900,7435,9,6,0,1,248,1,66,0,1,0,0
566,1,560,1,29733,0,1,1,2,126,320,900,7430,-6,5,0,1,78,1,157,0,1,0,0
567,1,561,1,29822,0,1,1,2,109,320,900,7429,-5,5,0,0,0,1,236,0,1,0,0
568,1,562,1,29814,0,1,1,2,94,320,900,7433,-1,2,0,1,244,1,178,0,1,0,0
569,1,563,1,29766,0,1,1,2,76,320,900,7455,4,5,0,0,0,1,203,0,1,0,0
570,1,564,1,29859,0,1,1,2,62,320,900,7453,22,7,0,1,158,1,162,0,1,0,0
571,1,565,1,29898,0,1,1,2,52,320,900,7441,-2,3,0,1,88,1,67,0,1,0,0
572,1,566,1,29895,0,1,1,2,47,320,900,7464,-12,6,0,0,0,1,158,0,1,0,0
573,1,567,1,29897,0,1,1,2,46,320,900,7474,23,7,0,1,76,1,152,0,1,0,0
574,1,568,1,29982,0,1,1,2,52,320,900,7473,10,6,0,1,95,1,97,0,1,0,0
575,1,569,1,30006,0,1,1,2,56,320,900,7474,-1,2,0,0,0,1,218,0,1,0,0
576,1,570,1,30117,0,1,1,2,66,320,900,7495,1,3,0,1,148,1,172,0,1,0,0
577,1,571,1,30165,0,1,1,2,83,320,900,7501,21,7,0,0,0,1,35,0,1,0,0
578,1,572,1,30040,0,1,1,2,99,320,900,7529,6,5,0,1,83,1,77,0,1,0,0
579,1,573,1,30168,0,1,1,2,112,320,900,7541,28,7,0,1,49,1,27,0,1,0,0
580,1,574,1,30219,0,1,1,2,119,320,900,7510,12,6,0,0,0,1,102,0,1,0,0
581,1,575,1,30236,0,1,1,2,132,320,900,7542,-31,7,0,1,28,1,127,1,0,0,0
582,1,576,1,30304,0,1,1,2,140,320,900,7554,32,8,0,1,38,0,127,0,0,0,0
583,1,577,1,30343,0,1,1,2,144,320,900,7559,12,6,0,1,12,0,127,0,0,0,0
584,1,578,1,30310,0,1,1,2,150,320,900,7576,5,5,0,1,194,0,127,0,0,0,0
585,1,579,1,30381,0,1,1,2,159,320,900,7585,17,7,0,1,20,0,127,0,0,0,0
586,1,580,1,30353,0,1,1,2,157,320,900,7577,9,6,0,0,0,0,127,0,0,0,0
587,1,581,1,30430,0,1,1,2,152,320,900,7595,-8,5,0,1,145,0,127,0,0,0,0
588,1,582,1,30457,0,1,1,2,145,320,900,7588,18,7,0,1,4,0,127,0,1,0,0
589,1,583,1,30419,0,1,1,2,144,320,900,7607,-7,5,0,1,75,1,8,0,1,0,0
590,1,584,1,30455,0,1,1,2,139,320,900,7614,19,7,0,0,0,1,16,0,1,0,0
591,1,585,1,30447,0,1,1,2,129,320,900,7604,7,5,0,1,242,1,192,0,1,0,0
592,1,586,1,30349,0,1,1,2,118,320,900,7613,-10,6,0,1,228,1,8,0,1,0,0
593,1,587,1,30310,0,1,1,2,107,320,900,7611,9,6,0,1,216,1,0,0,1,0,0
594,1,588,1,30280,0,1,1,2,96,320,900,7587,-2,3,0,0,0,1,49,0,1,0,0
595,1,589,1,30382,0,1,1,2,85,320,900,7577,-24,7,0,1,137,1,0,0,1,0,0
596,1,590,1,30320,0,1,1,2,70,320,900,7570,-10,6,0,1,209,1,0,0,1,0,0
597,1,591,1,30273,0,1,1,2,61,320,900,7595,-7,5,0,0,0,1,0,0,1,0,0
598,1,592,1,30162,0,1,1,2,55,320,900,7580,25,7,0,1,118,1,0,0,1,0,0
599,1,593,1,30100,0,1,1,2,52,320,900,7568,-15,6,0,1,206,1,72,0,1,0,0
600,1,594,1,30154,0,1,1,2,62,320,900,7540,-12,6,0,1,196,1,203,0,1,0,0
601,1,595,1,30063,0,1,1,2,78,320,900,7525,-28,7,0,0,0,1,78,0,1,0,0
602,1,596,1,30003,0,1,1,2,92,320,900,7538,-15,6,0,1,52,1,52,0,1,0,0
603,1,597,1,29936,0,1,1,2,108,320,900,7515,13,6,0,1,57,1,72,0,1,0,0
604,1,598,1,29907,0,1,1,2,131,320,900,7500,-23,7,0,1,110,1,230,0,1,0,0
605,1,599,1,29869,0,1,1,2,149,320,900,7484,-15,6,0,1,210,1,141,0,1,0,0
606,1,600,1,29874,0,1,1,2,158,320,900,7476,-16,6,0,0,0,1,76,0,1,0,0
607,1,601,1,29815,0,1,1,2,165,320,900,7467,-8,5,0,1,49,1,22,0,1,0,0
608,1,602,1,29678,0,1,1,2,168,320,900,7468,-9,6,0,1,140,1,29,0,1,0,0
609,1,603,1,29769,0,1,1,2,170,320,900,7453,1,3,0,0,0,1,6,0,1,0,0
610,1,604,1,29702,0,1,1,2,180,320,900,7419,-15,6,0,1,239,1,57,0,1,0,0
611,1,605,1,29641,0,1,1,2,180,320,900,7442,-34,8,0,1,196,1,52,0,1,0,0
612,1,606,1,29689,0,1,1,2,181,320,900,7425,23,7,0,1,222,1,207,0,1,0,0
613,1,607,1,29649,0,1,1,2,172,320,900,7410,-17,7,0,0,0,1,110,0,1,0,0
614,1,608,1,29737,0,1,1,2,160,320,900,7422,-15,6,0,1,151,1,103,0,1,0,0
615,1,609,1,29720,0,1,1,2,151,320,900,7412,12,6,0,1,119,1,112,0,1,0,0
616,1,610,1,29653,0,1,1,2,139,320,900,7434,-10,6,0,1,204,1,54,0,1,0,0
617,1,611,1,29761,0,1,1,2,127,320,900,7430,22,7,0,1,216,1,94,0,1,0,0
618,1,612,1,29689,0,1,1,2,111,320,900,7413,-4,4,0,0,0,1,218,0,1,0,0
619,1,613,1,29798,0,1,1,2,91,320,900,7440,-17,7,0,1,22,1,27,0,1,0,0
620,1,614,1,29808,0,1,1,2,79,320,900,7422,27,7,0,1,126,1,129,0,1,0,0
621,1,615,1,29888,0,1,1,2,69,320,900,7449,-18,7,0,1,111,1,145,0,1,0,0
622,1,616,1,29891,0,1,1,2,63,320,900,7452,27,7,0,1,220,1,181,0,1,0,0
623,1,617,1,29898,0,1,1,2,65,320,900,7472,3,4,0,0,0,1,173,0,1,0,0
624,1,618,1,29959,0,1,1,2,66,320,900,7472,20,7,0,1,155,1,225,0,1,0,0
625,1,619,1,30021,0,1,1,2,74,320,900,7474,0,1,0,1,161,1,247,0,1,0,0
626,1,620,1,30021,0,1,1,2,84,320,900,7489,2,4,0,0,0,1,173,0,1,0,0
627,1,621,1,30047,0,1,1,2,101,320,900,7505,15,6,0,0,0,1,213,0,1,0,0
628,1,622,1,30069,0,1,1,2,114,320,900,7505,16,7,0,1,144,1,243,0,1,0,0
629,1,623,1,30137,0,1,1,2,120,320,900,7511,0,1,0,1,7,1,227,0,1,0,0
630,1,624,1,30140,0,1,1,2,123,320,900,7517,6,5,0,0,0,1,248,0,1,0,0
631,1,625,1,30213,0,1,1,2,127,320,900,7534,6,5,0,1,194,1,78,0,1,0,0
632,1,626,1,30252,0,1,1,2,135,320,900,7535,17,7,0,0,0,1,244,0,1,0,0
633,1,627,1,30309,0,1,1,2,140,320,900,7553,1,3,0,1,152,1,158,0,1,0,0
634,1,628,1,30356,0,1,1,2,138,320,900,7563,18,7,0,1,72,1,88,0,1,0,0
635,1,629,1,30346,0,1,1,2,143,320,900,7577,10,6,0,1,36,1,76,0,1,0,0
636,1,630,1,30397,0,1,1,2,146,320,900,7589,14,6,0,0,0,1,95,0,1,0,0
637,1,631,1,30425,0,1,1,2,149,320,900,7586,12,6,0,1,138,1,148,0,1,0,0
638,1,632,1,30321,0,1,1,2,151,320,900,7599,-3,4,0,1,195,1,83,0,1,0,0
639,1,633,1,30323,0,1,1,2,154,320,900,7606,13,6,0,0,0,1,49,0,1,0,0
640,1,634,1,30376,0,1,1,2,145,320,900,7580,7,5,0,1,116,1,28,0,1,0,0
641,1,635,1,30416,0,1,1,2,132,320,900,7580,-26,7,0,1,115,1,38,0,1,0,0
642,1,636,1,30331,0,1,1,2,122,320,900,7594,0,1,0,1,204,1,12,0,1,0,0
643,1,637,1,30244,0,1,1,2,114,320,900,7604,14,6,0,0,0,1,194,0,1,0,0
644,1,638,1,30238,0,1,1,2,98,320,900,7582,10,6,0,0,0,1,20,0,1,0,0
645,1,639,1,30196,0,1,1,2,83,320,900,7561,-22,7,0,1,28,1,122,0,1,0,0
646,1,640,1,30145,0,1,1,2,72,320,900,7559,-21,7,0,1,69,1,104,1,0,0,0
647,1,641,1,30155,0,1,1,2,68,320,900,7549,-2,3,0,1,189,0,104,0,0,0,0
648,1,642,1,30118,0,1,1,2,69,320,900,7536,-10,6,0,0,0,0,104,0,0,0,0
649,1,643,1,30082,0,1,1,2,74,320,900,7538,-13,6,0,1,182,0,104,0,0,0,0
650,1,644,1,30052,0,1,1,2,86,320,900,7529,2,4,0,1,13,0,104,0,0,0,0
651,1,645,1,29935,0,1,1,2,99,320,900,7520,-9,6,0,1,179,0,104,0,0,0,0
652,1,646,1,29983,0,1,1,2,108,320,900,7513,-9,6,0,1,220,0,104,0,0,0,0
653,1,647,1,29911,0,1,1,2,123,320,900,7483,-7,5,0,0,0,0,104,0,1,0,0
654,1,648,1,29830,0,1,1,2,128,320,900,7495,-30,7,0,1,119,1,8,0,1,0,0
655,1,649,1,29788,0,1,1,2,130,320,900,7477,12,6,0,1,22,1,16,0,1,0,0
656,1,650,1,29708,0,1,1,2,143,320,900,7457,-18,7,0,1,51,1,192,0,1,0,0
657,1,651,1,29748,0,1,1,2,157,320,900,7447,-20,7,0,0,0,1,9,0,1,0,0
658,1,652,1,29717,0,1,1,2,169,320,900,7427,-10,6,0,1,110,1,0,0,1,0,0
659,1,653,1,29705,0,1,1,2,167,320,900,7437,-20,7,0,1,182,1,50,0,1,0,0
660,1,654,1,29639,0,1,1,2,166,320,900,7429,10,6,0,1,205,1,0,0,1,0,0
661,1,655,1,29662,0,1,1,2,166,320,900,7426,-8,5,0,1,86,1,0,0,1,0,0
662,1,656,1,29589,0,1,1,2,166,320,900,7409,-3,4,0,0,0,1,0,0,1,0,0
663,1,657,1,29611,0,1,1,2,161,320,900,7415,-17,7,0,1,112,1,0,0,1,0,0
664,1,658,1,29570,0,1,1,2,156,320,900,7397,6,5,0,1,191,1,72,0,1,0,0
665,1,659,1,29658,0,1,1,2,145,320,900,7402,-18,7,0,0,0,1,145,0,1,0,0
666,1,660,1,29657,0,1,1,2,134,320,900,7392,5,5,0,1,141,1,4,0,1,0,0
667,1,661,1,29624,0,1,1,2,115,320,900,7414,-10,6,0,1,187,1,75,0,1,0,0
668,1,662,1,29641,0,1,1,2,96,320,900,7414,22,7,0,1,216,1,242,0,1,0,0
669,1,663,1,29720,0,1,1,2,86,320,900,7406,0,1,0,0,0,1,228,0,1,0,0
670,1,664,1,29679,0,1,1,2,69,320,900,7410,-8,5,0,1,22,1,216,0,1,0,0
671,1,665,1,29663,0,1,1,2,56,320,900,7430,4,5,0,0,0,1,137,0,1,0,0
672,1,666,1,29745,0,1,1,2,46,320,900,7419,20,7,0,1,152,1,209,0,1,0,0
673,1,667,1,29821,0,1,1,2,38,320,900,7415,-11,6,0,1,80,1,118,0,1,0,0
674,1,668,1,29867,0,1,1,2,42,320,900,7436,-4,4,0,0,0,1,206,0,1,0,0
675,1,669,1,30027,0,1,1,2,49,320,900,7455,21,7,0,1,106,1,196,0,1,0,0
676,1,670,1,29947,0,1,1,2,65,320,900,7466,19,7,0,1,174,1,52,0,1,0,0
677,1,671,1,30020,0,1,1,2,93,320,900,7506,11,6,0,1,76,1,57,0,1,0,0
678,1,672,1,29989,0,1,1,2,110,320,900,7486,40,8,0,0,0,1,110,0,1,0,0
679,1,673,1,30082,0,1,1,2,131,320,900,7505,-20,7,0,1,22,1,210,0,1,0,0
680,1,674,1,30135,0,1,1,2,142,320,900,7497,19,7,0,1,20,1,49,0,1,0,0
681,1,675,1,30158,0,1,1,2,154,320,900,7520,-8,5,0,1,246,1,140,0,1,0,0
682,1,676,1,30149,0,1,1,2,161,320,900,7533,23,7,0,1,4,1,239,0,1,0,0
683,1,677,1,30237,0,1,1,2,170,320,900,7539,13,6,0,1,95,1,196,0,1,0,0
684,1,678,1,30263,0,1,1,2,171,320,900,7537,6,5,0,0,0,1,222,0,1,0,0
685,1,679,1,30189,0,1,1,2,169,320,900,7559,-2,3,0,1,26,1,151,0,1,0,0
686,1,680,1,30278,0,1,1,2,165,320,900,7565,22,7,0,0,0,1,119,0,1,0,0
687,1,681,1,30227,0,1,1,2,157,320,900,7547,6,5,0,1,99,1,204,0,1,0,0
688,1,682,1,30250,0,1,1,2,150,320,900,7569,-18,7,0,1,139,1,216,0,1,0,0
689,1,683,1,30292,0,1,1,2,133,320,900,7556,22,7,0,1,113,1,22,0,1,0,0
690,1,684,1,30337,0,1,1,2,116,320,900,7562,-13,6,0,1,91,1,126,0,1,0,0
691,1,685,1,30187,0,1,1,2,105,320,900,7573,6,5,0,0,0,1,111,0,1,0,0
692,1,686,1,30212,0,1,1,2,97,320,900,7584,11,6,0,1,102,1,220,0,1,0,0
693,1,687,1,30175,0,1,1,2,87,320,900,7546,11,6,0,1,179,1,155,0,1,0,0
694,1,688,1,30146,0,1,1,2,74,320,900,7553,-38,8,0,1,44,1,161,0,1,0,0
695,1,689,1,30185,0,1,1,2,64,320,900,7543,7,5,0,1,218,1,144,0,1,0,0
696,1,690,1,30158,0,1,1,2,54,320,900,7536,-10,6,0,0,0,1,7,0,1,0,0
697,1,691,1,30157,0,1,1,2,48,320,900,7546,-7,5,0,1,199,1,194,0,1,0,0
698,1,692,1,30105,0,1,1,2,47,320,900,7539,10,6,0,1,206,1,152,0,1,0,0
699,1,693,1,30060,0,1,1,2,46,320,900,7539,-7,5,0,0,0,1,72,0,1,0,0
700,1,694,1,29920,0,1,1,2,49,320,900,7526,0,1,0,1,74,1,36,0,1,0,0
701,1,695,1,29922,0,1,1,2,56,320,900,7515,-13,6,0,0,0,1,138,0,1,0,0
702,1,696,1,29862,0,1,1,2,70,320,900,7480,-11,6,0,1,54,1,195,0,1,0,0
703,1,697,1,29857,0,1,1,2,93,320,900,7480,-35,8,0,1,215,1,116,0,1,0,0
704,1,698,1,29743,0,1,1,2,110,320,900,7465,0,1,0,1,221,1,115,0,1,0,0
705,1,699,1,29745,0,1,1,2,130,320,900,7464,-15,6,0,0,0,1,204,0,1,0,0
706,1,700,1,29711,0,1,1,2,151,320,900,7435,-1,2,0,0,0,1,28,0,1,0,0
707,1,701,1,29619,0,1,1,2,164,320,900,7436,-29,7,0,1,226,1,69,0,1,0,0
708,1,702,1,29618,0,1,1,2,167,320,900,7427,1,3,0,1,199,1,189,0,1,0,0
709,1,703,1,29614,0,1,1,2,176,320,900,7404,-9,6,0,0,0,1,182,0,1,0,0
710,1,704,1,29584,0,1,1,2,179,320,900,7404,-23,7,0,1,185,1,13,0,1,0,0
711,1,705,1,29584,0,1,1,2,180,320,900,7403,0,1,0,1,211,1,53,0,1,0,0
712,1,706,1,29584,0,1,1,2,183,320,900,7396,-1,2,0,0,0,1,29,1,0,0,0
713,1,707,1,29591,0,1,1,2,176,320,900,7396,-7,5,0,1,6,0,29,0,0,0,0
714,1,708,1,29571,0,1,1,2,162,320,900,7396,0,1,0,0,0,0,29,0,0,0,0
715,1,709,1,29582,0,1,1,2,144,320,900,7397,0,1,0,0,0,0,29,0,0,0,0
716,1,710,1,29606,0,1,1,2,128,320,900,7392,1,3,0,0,0,0,29,0,1,0,0
717,1,711,1,29671,0,1,1,2,110,320,900,7395,-5,5,0,1,153,1,8,0,1,0,0
718,1,712,1,29614,0,1,1,2,94,320,900,7401,3,4,0,0,0,1,16,0,1,0,0
719,1,713,1,29639,0,1,1,2,75,320,900,7417,6,5,0,1,236,1,192,0,1,0,0
720,1,714,1,29757,0,1,1,2,58,320,900,7403,16,7,0,1,49,1,10,0,1,0,0
721,1,715,1,29727,0,1,1,2,45,320,900,7409,-14,6,0,0,0,1,0,0,1,0,0
722,1,716,1,29746,0,1,1,2,45,320,900,7439,6,5,0,1,16,1,49,0,1,0,0
723,1,717,1,29771,0,1,1,2,45,320,900,7431,30,7,0,1,217,1,0,0,1,0,0
724,1,718,1,29923,0,1,1,2,51,320,900,7436,-8,5,0,1,120,1,0,0,1,0,0
725,1,719,1,29914,0,1,1,2,65,320,900,7442,5,5,0,0,0,1,0,0,1,0,0
726,1,720,1,29894,0,1,1,2,84,320,900,7480,6,5,0,1,112,1,0,0,1,0,0
727,1,721,1,30032,0,1,1,2,100,320,900,7478,38,8,0,1,49,1,72,0,1,0,0
728,1,722,1,30029,0,1,1,2,108,320,900,7473,-2,3,0,1,38,1,179,0,1,0,0
729,1,723,1,29984,0,1,1,2,123,320,900,7508,-5,5,0,0,0,1,220,0,1,0,0
730,1,724,1,30139,0,1,1,2,136,320,900,7507,35,8,0,1,222,1,119,0,1,0,0
731,1,725,1,30146,0,1,1,2,146,320,900,7496,-1,2,0,1,35,1,22,0,1,0,0
732,1,726,1,30238,0,1,1,2,156,320,900,7534,-11,6,0,0,0,1,51,0,1,0,0
733,1,727,1,30210,0,1,1,2,158,320,900,7536,38,8,0,1,215,1,110,0,1,0,0
734,1,728,1,30264,0,1,1,2,162,320,900,7559,2,4,0,1,38,1,182,0,1,0,0
735,1,729,1,30305,0,1,1,2,169,320,900,7552,23,7,0,0,0,1,205,0,1,0,0
736,1,730,1,30299,0,1,1,2,169,320,900,7566,-7,5,0,1,114,1,86,0,1,0,0
737,1,731,1,30282,0,1,1,2,167,320,900,7576,14,6,0,1,201,1,112,0,1,0,0
738,1,732,1,30400,0,1,1,2,170,320,900,7574,10,6,0,0,0,1,191,0,1,0,0
739,1,733,1,30288,0,1,1,2,161,320,900,7570,-2,3,0,1,142,1,141,0,1,0,0
740,1,734,1,30281,0,1,1,2,153,320,900,7600,-4,4,0,0,0,1,187,0,1,0,0
741,1,735,1,30289,0,1,1,2,139,320,900,7572,30,7,0,1,98,1,216,0,1,0,0
742,1,736,1,30284,0,1,1,2,127,320,900,7570,-28,7,0,1,246,1,22,0,1,0,0
743,1,737,1,30190,0,1,1,2,111,320,900,7572,-2,3,0,1,144,1,152,0,1,0,0
744,1,738,1,30270,0,1,1,2,92,320,900,7571,2,4,0,0,0,1,80,0,1,0,0
745,1,739,1,30220,0,1,1,2,79,320,900,7547,-1,2,0,1,45,1,106,0,1,0,0
746,1,740,1,30116,0,1,1,2,64,320,900,7567,-24,7,0,0,0,1,174,0,1,0,0
747,1,741,1,30052,0,1,1,2,49,320,900,7555,20,7,0,1,163,1,76,0,1,0,0
748,1,742,1,30079,0,1,1,2,52,320,900,7529,-12,6,0,1,41,1,22,0,1,0,0
749,1,743,1,30010,0,1,1,2,61,320,900,7513,-26,7,0,0,0,1,20,0,1,0,0
750,1,744,1,30024,0,1,1,2,74,320,900,7519,-16,6,0,1,180,1,246,0,1,0,0
751,1,745,1,29865,0,1,1,2,91,320,900,7502,6,5,0,1,25,1,4,0,1,0,0
752,1,746,1,29880,0,1,1,2,107,320,900,7506,-17,7,0,1,54,1,95,0,1,0,0
753,1,747,1,29844,0,1,1,2,126,320,900,7466,4,5,0,0,0,1,26,0,1,0,0
754,1,748,1,29805,0,1,1,2,138,320,900,7470,-40,8,0,1,111,1,99,0,1,0,0
755,1,749,1,29777,0,1,1,2,149,320,900,7461,4,5,0,1,130,1,139,0,1,0,0
756,1,750,1,29769,0,1,1,2,150,320,900,7451,-9,6,0,1,77,1,113,0,1,0,0
757,1,751,1,29658,0,1,1,2,157,320,900,7444,-10,6,0,0,0,1,91,0,1,0,0
758,1,752,1,29705,0,1,1,2,164,320,900,7442,-7,5,0,1,110,1,102,0,1,0,0
759,1,753,1,29580,0,1,1,2,171,320,900,7414,-2,3,0,1,59,1,179,0,1,0,0
760,1,754,1,29636,0,1,1,2,166,320,900,7426,-28,7,0,0,0,1,44,0,1,0,0
761,1,755,1,29609,0,1,1,2,165,320,900,7395,12,6,0,1,155,1,218,0,1,0,0
762,1,756,1,29571,0,1,1,2,155,320,900,7409,-31,7,0,1,204,1,199,0,1,0,0
763,1,757,1,29583,0,1,1,2,145,320,900,7402,14,6,0,1,132,1,206,0,1,0,0
764,1,758,1,29560,0,1,1,2,141,320,900,7392,-7,5,0,0,0,1,74,0,1,0,0
765,1,759,1,29524,0,1,1,2,139,320,900,7395,-10,6,0,1,157,1,54,0,1,0,0
766,1,760,1,29634,0,1,1,2,129,320,900,7390,3,4,0,1,108,1,215,0,1,0,0
767,1,761,1,29621,0,1,1,2,121,320,900,7381,-5,5,0,0,0,1,221,0,1,0,0
768,1,762,1,29695,0,1,1,2,102,320,900,7408,-9,6,0,1,207,1,226,0,1,0,0
769,1,763,1,29694,0,1,1,2,90,320,900,7405,27,7,0,1,190,1,199,0,1,0,0
770,1,764,1,29674,0,1,1,2,77,320,900,7423,-3,4,0,1,55,1,185,0,1,0,0
771,1,765,1,29788,0,1,1,2,66,320,900,7423,18,7,0,0,0,1,211,0,1,0,0
772,1,766,1,29834,0,1,1,2,58,320,900,7418,0,1,0,1,45,1,6,0,1,0,0
773,1,767,1,29952,0,1,1,2,59,320,900,7447,-5,5,0,0,0,1,122,0,1,0,0
774,1,768,1,29820,0,1,1,2,67,320,900,7458,29,7,0,1,177,1,230,1,0,0,0
775,1,769,1,29841,0,1,1,2,85,320,900,7488,11,6,0,1,59,0,230,0,0,0,0
776,1,770,1,30062,0,1,1,2,96,320,900,7455,30,7,0,0,0,0,230,0,0,0,0
777,1,771,1,30030,0,1,1,2,108,320,900,7460,-33,8,0,1,139,0,230,0,0,0,0
778,1,772,1,30047,0,1,1,2,131,320,900,7515,5,5,0,1,7,0,230,0,0,0,0
779,1,773,1,30157,0,1,1,2,144,320,900,7507,55,8,0,1,223,0,230,0,0,0,0
780,1,774,1,30220,0,1,1,2,151,320,900,7511,-8,5,0,1,229,0,230,0,0,0,0
781,1,775,1,30271,0,1,1,2,166,320,900,7539,4,5,0,1,6,0,230,0,1,0,0
782,1,776,1,30270,0,1,1,2,182,320,900,7555,28,7,0,0,0,1,8,0,1,0,0
783,1,777,1,30242,0,1,1,2,188,320,900,7567,16,7,0,1,19,1,16,0,1,0,0
784,1,778,1,30269,0,1,1,2,192,320,900,7567,12,6,0,1,14,1,192,0,1,0,0
785,1,779,1,30307,0,1,1,2,187,320,900,7560,0,1,0,1,132,1,11,0,1,0,0
786,1,780,1,30322,0,1,1,2,181,320,900,7567,-7,5,0,0,0,1,0,0,1,0,0
787,1,781,1,30356,0,1,1,2,179,320,900,7576,7,5,0,1,145,1,47,0,1,0,0
788,1,782,1,30428,0,1,1,2,167,320,900,7580,9,6,0,0,0,1,0,0,1,0,0
789,1,783,1,30343,0,1,1,2,157,320,900,7589,4,5,0,1,79,1,0,0,1,0,0
790,1,784,1,30360,0,1,1,2,150,320,900,7607,9,6,0,1,66,1,0,0,1,0,0
791,1,785,1,30399,0,1,1,2,136,320,900,7585,18,7,0,0,0,1,0,0,1,0,0
792,1,786,1,30386,0,1,1,2,113,320,900,7590,-22,7,0,1,18,1,72,0,1,0,0
793,1,787,1,30282,0,1,1,2,93,320,900,7599,5,5,0,1,137,1,153,0,1,0,0
794,1,788,1,30202,0,1,1,2,87,320,900,7596,9,6,0,1,186,1,236,0,1,0,0
795,1,789,1,30273,0,1,1,2,71,320,900,7570,-3,4,0,1,36,1,49,0,1,0,0
796,1,790,1,30221,0,1,1,2,61,320,900,7550,-26,7,0,0,0,1,16,0,1,0,0
797,1,791,1,30192,0,1,1,2,54,320,900,7568,-20,7,0,1,109,1,217,0,1,0,0
798,1,792,1,30155,0,1,1,2,54,320,900,7555,18,7,0,1,102,1,120,0,1,0,0
799,1,793,1,30089,0,1,1,2,59,320,900,7548,-13,6,0,1,75,1,112,0,1,0,0
800,1,794,1,30057,0,1,1,2,66,320,900,7538,-7,5,0,0,0,1,49,0,1,0,0
801,1,795,1,30032,0,1,1,2,77,320,900,7522,-10,6,0,1,230,1,38,0,1,0,0
802,1,796,1,29955,0,1,1,2,94,320,900,7514,-16,6,0,1,108,1,222,0,1,0,0
803,1,797,1,30009,0,1,1,2,108,320,900,7508,-8,5,0,1,195,1,35,0,1,0,0
804,1,798,1,29845,0,1,1,2,121,320,900,7488,-6,5,0,0,0,1,215,0,1,0,0
805,1,799,1,29837,0,1,1,2,130,320,900,7502,-20,7,0,1,88,1,38,0,1,0,0
806,1,800,1,29838,0,1,1,2,140,320,900,7461,14,6,0,1,179,1,114,0,1,0,0
807,1,801,1,29843,0,1,1,2,151,320,900,7459,-41,8,0,0,0,1,201,0,1,0,0
808,1,802,1,29746,0,1,1,2,154,320,900,7459,-2,3,0,1,157,1,142,0,1,0,0
809,1,803,1,29766,0,1,1,2,151,320,900,7460,0,1,0,1,107,1,98,0,1,0,0
810,1,804,1,29749,0,1,1,2,152,320,900,7436,1,3,0,0,0,1,246,0,1,0,0
811,1,805,1,29693,0,1,1,2,153,320,900,7441,-24,7,0,0,0,1,144,0,1,0,0
812,1,806,1,29626,0,1,1,2,155,320,900,7437,5,5,0,1,11,1,45,0,1,0,0
813,1,807,1,29722,0,1,1,2,149,320,900,7423,-4,4,0,1,186,1,163,0,1,0,0
814,1,808,1,29666,0,1,1,2,143,320,900,7406,-14,6,0,0,0,1,41,0,1,0,0
815,1,809,1,29692,0,1,1,2,125,320,900,7430,-17,7,0,1,176,1,180,0,1,0,0
816,1,810,1,29710,0,1,1,2,118,320,900,7416,24,7,0,1,252,1,25,0,1,0,0
817,1,811,1,29767,0,1,1,2,109,320,900,7423,-14,6,0,1,198,1,54,0,1,0,0
818,1,812,1,29803,0,1,1,2,96,320,900,7427,7,5,0,1,200,1,111,0,1,0,0
819,1,813,1,29762,0,1,1,2,79,320,900,7441,4,5,0,0,0,1,130,0,1,0,0
820,1,814,1,29834,0,1,1,2,69,320,900,7450,14,6,0,1,135,1,77,0,1,0,0
821,1,815,1,29859,0,1,1,2,53,320,900,7440,9,6,0,1,56,1,110,0,1,0,0
822,1,816,1,29947,0,1,1,2,52,320,900,7458,-10,6,0,0,0,1,59,0,1,0,0
823,1,817,1,29962,0,1,1,2,54,320,900,7464,18,7,0,1,137,1,155,0,1,0,0
824,1,818,1,30018,0,1,1,2,62,320,900,7486,6,5,0,1,45,1,204,0,1,0,0
825,1,819,1,30053,0,1,1,2,76,320,900,7490,22,7,0,1,49,1,132,0,1,0,0
826,1,820,1,30131,0,1,1,2,92,320,900,7504,4,5,0,0,0,1,157,0,1,0,0
827,1,821,1,30067,0,1,1,2,111,320,900,7513,14,6,0,1,22,1,108,0,1,0,0
828,1,822,1,30178,0,1,1,2,131,320,900,7532,9,6,0,1,226,1,207,0,1,0,0
829,1,823,1,30184,0,1,1,2,142,320,900,7516,19,7,0,1,36,1,190,0,1,0,0
830,1,824,1,30240,0,1,1,2,148,320,900,7544,-16,6,0,0,0,1,55,0,1,0,0
831,1,825,1,30248,0,1,1,2,153,320,900,7546,28,7,0,1,19,1,45,0,1,0,0
832,1,826,1,30239,0,1,1,2,156,320,900,7560,2,4,0,1,152,1,177,0,1,0,0
833,1,827,1,30328,0,1,1,2,154,320,900,7562,14,6,0,1,35,1,59,0,1,0,0
834,1,828,1,30410,0,1,1,2,149,320,900,7559,2,4,0,0,0,1,139,0,1,0,0
835,1,829,1,30390,0,1,1,2,151,320,900,7582,-3,4,0,1,142,1,7,0,1,0,0
836,1,830,1,30383,0,1,1,2,153,320,900,7602,23,7,0,0,0,1,65,0,1,0,0
837,1,831,1,30441,0,1,1,2,146,320,900,7597,20,7,0,1,244,1,145,1,0,0,0
838,1,832,1,30429,0,1,1,2,140,320,900,7595,-5,5,0,1,133,0,145,0,0,0,0
839,1,833,1,30430,0,1,1,2,133,320,900,7610,-2,3,0,1,178,0,145,0,0,0,0
840,1,834,1,30409,0,1,1,2,131,320,900,7607,15,6,0,0,0,0,145,0,0,0,0
841,1,835,1,30378,0,1,1,2,126,320,900,7607,-3,4,0,1,253,0,145,0,0,0,0
842,1,836,1,30393,0,1,1,2,117,320,900,7602,0,1,0,1,0,0,145,0,0,0,0
843,1,837,1,30427,0,1,1,2,104,320,900,7594,-5,5,0,0,0,0,145,0,0,0,0
844,1,838,1,30270,0,1,1,2,93,320,900,7598,-8,5,0,1,109,0,145,0,0,0,0
845,1,839,1,30325,0,1,1,2,79,320,900,7606,4,5,0,0,0,0,145,0,1,0,0
846,1,840,1,30243,0,1,1,2,71,320,900,7567,8,6,0,1,99,1,8,0,1,0,0
847,1,841,1,30292,0,1,1,2,63,320,900,7581,-39,8,0,1,130,1,16,0,1,0,0
848,1,842,1,30229,0,1,1,2,62,320,900,7560,14,6,0,1,100,1,192,0,1,0,0
849,1,843,1,30174,0,1,1,2,59,320,900,7573,-21,7,0,1,59,1,12,0,1,0,0
850,1,844,1,30154,0,1,1,2,62,320,900,7557,13,6,0,0,0,1,0,0,1,0,0
851,1,845,1,30114,0,1,1,2,76,320,900,7543,-16,6,0,1,235,1,50,0,1,0,0
852,1,846,1,30004,0,1,1,2,85,320,900,7538,-14,6,0,1,6,1,0,0,1,0,0
853,1,847,1,29993,0,1,1,2,96,320,900,7528,-5,5,0,1,150,1,0,0,1,0,0
854,1,848,1,30010,0,1,1,2,113,320,900,7501,-10,6,0,0,0,1,0,0,1,0,0
855,1,849,1,29890,0,1,1,2,123,320,900,7498,-27,7,0,1,183,1,0,0,1,0,0
856,1,850,1,29867,0,1,1,2,132,320,900,7502,-3,4,0,1,93,1,72,0,1,0,0
857,1,851,1,29858,0,1,1,2,142,320,900,7472,4,5,0,0,0,1,223,0,1,0,0
858,1,852,1,29820,0,1,1,2,152,320,900,7466,-30,7,0,1,110,1,229,0,1,0,0
859,1,853,1,29737,0,1,1,2,161,320,900,7464,-6,5,0,1,34,1,6,0,1,0,0
860,1,854,1,29751,0,1,1,2,166,320,900,7455,-2,3,0,1,214,1,19,0,1,0,0
861,1,855,1,29739,0,1,1,2,163,320,900,7434,-9,6,0,0,0,1,14,0,1,0,0
862,1,856,1,29726,0,1,1,2,165,320,900,7437,-21,7,0,1,190,1,132,0,1,0,0
863,1,857,1,29720,0,1,1,2,164,320,900,7434,3,4,0,1,215,1,145,0,1,0,0
864,1,858,1,29746,0,1,1,2,161,320,900,7431,-3,4,0,0,0,1,79,0,1,0,0
865,1,859,1,29784,0,1,1,2,147,320,900,7430,-3,4,0,1,211,1,66,0,1,0,0
866,1,860,1,29719,0,1,1,2,132,320,900,7436,-1,2,0,0,0,1,18,0,1,0,0
867,1,861,1,29768,0,1,1,2,116,320,900,7446,6,5,0,0,0,1,137,0,1,0,0
868,1,862,1,29754,0,1,1,2,102,320,900,7429,10,6,0,1,189,1,186,0,1,0,0
869,1,863,1,29779,0,1,1,2,85,320,900,7442,-17,7,0,1,81,1,36,0,1,0,0
870,1,864,1,29790,0,1,1,2,72,320,900,7438,13,6,0,1,222,1,109,0,1,0,0
871,1,865,1,29848,0,1,1,2,56,320,900,7444,-4,4,0,0,0,1,102,0,1,0,0
872,1,866,1,29838,0,1,1,2,42,320,900,7447,6,5,0,1,13,1,75,0,1,0,0
873,1,867,1,30025,0,1,1,2,39,320,900,7462,3,4,0,0,0,1,230,0,1,0,0
874,1,868,1,29985,0,1,1,2,39,320,900,7459,15,6,0,1,155,1,108,0,1,0,0
875,1,869,1,29958,0,1,1,2,54,320,900,7506,-3,4,0,1,121,1,195,0,1,0,0
876,1,870,1,30097,0,1,1,2,71,320,900,7496,47,8,0,0,0,1,88,0,1,0,0
877,1,871,1,30072,0,1,1,2,84,320,900,7489,-10,6,0,1,250,1,179,0,1,0,0
878,1,872,1,30229,0,1,1,2,103,320,900,7524,-7,5,0,1,197,1,157,0,1,0,0
879,1,873,1,30181,0,1,1,2,122,320,900,7518,35,8,0,1,206,1,107,0,1,0,0
880,1,874,1,30253,0,1,1,2,141,320,900,7557,-6,5,0,1,35,1,11,0,1,0,0
881,1,875,1,30272,0,1,1,2,150,320,900,7545,39,8,0,0,0,1,186,0,1,0,0
882,1,876,1,30289,0,1,1,2,159,320,900,7563,-12,6,0,1,250,1,176,0,1,0,0
883,1,877,1,30363,0,1,1,2,169,320,900,7568,18,7,0,1,132,1,252,0,1,0,0
884,1,878,1,30348,0,1,1,2,171,320,900,7572,5,5,0,1,150,1,198,0,1,0,0
885,1,879,1,30441,0,1,1,2,174,320,900,7590,4,5,0,0,0,1,200,0,1,0,0
886,1,880,1,30378,0,1,1,2,174,320,900,7587,18,7,0,1,20,1,135,0,1,0,0
887,1,881,1,30463,0,1,1,2,172,320,900,7610,-3,4,0,1,34,1,56,0,1,0,0
888,1,882,1,30416,0,1,1,2,160,320,900,7594,23,7,0,0,0,1,137,0,1,0,0
889,1,883,1,30436,0,1,1,2,151,320,900,7615,-16,6,0,1,233,1,45,0,1,0,0
890,1,884,1,30463,0,1,1,2,135,320,900,7604,21,7,0,1,11,1,49,0,1,0,0
891,1,885,1,30335,0,1,1,2,130,320,900,7609,-11,6,0,1,92,1,22,0,1,0,0
892,1,886,1,30319,0,1,1,2,122,320,900,7615,5,5,0,1,169,1,226,0,1,0,0
893,1,887,1,30379,0,1,1,2,99,320,900,7583,6,5,0,0,0,1,36,0,1,0,0
894,1,888,1,30345,0,1,1,2,84,320,900,7579,-32,7,0,1,139,1,19,0,1,0,0
895,1,889,1,30287,0,1,1,2,69,320,900,7594,-4,4,0,1,1,1,152,0,1,0,0
896,1,890,1,30325,0,1,1,2,62,320,900,7586,15,6,0,0,0,1,35,0,1,0,0
897,1,891,1,30256,0,1,1,2,56,320,900,7571,-8,5,0,1,243,1,142,0,1,0,0
898,1,892,1,30233,0,1,1,2,51,320,900,7581,-15,6,0,1,131,1,244,0,1,0,0
899,1,893,1,30178,0,1,1,2,52,320,900,7564,10,6,0,0,0,1,133,0,1,0,0
900,1,894,1,29959,0,1,1,2,55,320,900,7558,-17,7,0,1,99,1,178,0,1,0,0
901,1,895,1,30013,0,1,1,2,69,320,900,7544,-6,5,0,1,229,1,253,0,1,0,0
902,1,896,1,30021,0,1,1,2,99,320,900,7489,-14,6,0,1,173,1,0,0,1,0,0
903,1,897,1,29895,0,1,1,2,115,320,900,7503,-55,8,0,0,0,1,157,0,1,0,0
904,1,898,1,29843,0,1,1,2,135,320,900,7505,14,6,0,1,229,1,202,1,0,0,0
905,1,899,1,29867,0,1,1,2,156,320,900,7473,2,4,0,1,100,0,202,0,0,0,0
906,1,900,1,29747,0,1,1,2,175,320,900,7460,-32,7,0,1,7,0,202,0,0,0,0
907,1,901,1,29870,0,1,1,2,188,320,900,7466,-13,6,0,1,2,0,202,0,0,0,0
908,1,902,1,29758,0,1,1,2,195,320,900,7436,6,5,0,1,158,0,202,0,0,0,0
909,1,903,1,29759,0,1,1,2,194,320,900,7467,-30,7,0,0,0,0,202,0,1,0,0
910,1,904,1,29704,0,1,1,2,192,320,900,7439,31,7,0,1,141,1,8,0,1,0,0
911,1,905,1,29652,0,1,1,2,185,320,900,7439,-28,7,0,1,248,1,16,0,1,0,0
912,1,906,1,29654,0,1,1,2,176,320,900,7426,0,1,0,1,67,1,192,0,1,0,0
913,1,907,1,29681,0,1,1,2,168,320,900,7413,-13,6,0,0,0,1,13,0,1,0,0
914,1,908,1,29725,0,1,1,2,152,320,900,7413,-13,6,0,1,54,1,0,0,1,0,0
915,1,909,1,29717,0,1,1,2,141,320,900,7420,0,1,0,1,207,1,49,0,1,0,0
916,1,910,1,29697,0,1,1,2,122,320,900,7431,7,5,0,0,0,1,0,0,1,0,0
917,1,911,1,29741,0,1,1,2,102,320,900,7429,11,6,0,0,0,1,0,0,1,0,0
918,1,912,1,29700,0,1,1,2,93,320,900,7424,-2,3,0,1,206,1,0,0,1,0,0
919,1,913,1,29748,0,1,1,2,74,320,900,7435,-5,5,0,0,0,1,0,0,1,0,0
920,1,914,1,29725,0,1,1,2,59,320,900,7425,11,6,0,1,226,1,72,0,1,0,0
921,1,915,1,29814,0,1,1,2,50,320,900,7437,-10,6,0,1,189,1,109,0,1,0,0
922,1,916,1,29852,0,1,1,2,43,320,900,7431,12,6,0,1,216,1,99,0,1,0,0
923,1,917,1,29802,0,1,1,2,41,320,900,7453,-6,5,0,0,0,1,130,0,1,0,0
924,1,918,1,29910,0,1,1,2,47,320,900,7463,22,7,0,1,140,1,100,0,1,0,0
925,1,919,1,30021,0,1,1,2,44,320,900,7450,10,6,0,1,182,1,59,0,1,0,0
926,1,920,1,29989,0,1,1,2,58,320,900,7477,-13,6,0,1,40,1,235,0,1,0,0
927,1,921,1,30003,0,1,1,2,81,320,900,7505,27,7,0,0,0,1,6,0,1,0,0
928,1,922,1,30075,0,1,1,2,96,320,900,7497,28,7,0,1,243,1,150,0,1,0,0
929,1,923,1,30138,0,1,1,2,107,320,900,7500,-8,5,0,1,134,1,183,0,1,0,0
930,1,924,1,30238,0,1,1,2,119,320,900,7518,3,4,0,1,131,1,93,0,1,0,0
931,1,925,1,30203,0,1,1,2,134,320,900,7534,18,7,0,0,0,1,110,0,1,0,0
932,1,926,1,30234,0,1,1,2,151,320,900,7559,16,7,0,1,71,1,34,0,1,0,0
933,1,927,1,30259,0,1,1,2,161,320,900,7550,25,7,0,1,2,1,214,0,1,0,0
934,1,928,1,30269,0,1,1,2,163,320,900,7558,-9,6,0,1,201,1,190,0,1,0,0
935,1,929,1,30362,0,1,1,2,166,320,900,7564,8,6,0,1,220,1,215,0,1,0,0
936,1,930,1,30329,0,1,1,2,166,320,900,7567,6,5,0,0,0,1,211,0,1,0,0
937,1,931,1,30306,0,1,1,2,168,320,900,7590,3,4,0,1,136,1,189,0,1,0,0
938,1,932,1,30334,0,1,1,2,160,320,900,7582,23,7,0,0,0,1,81,0,1,0,0
939,1,933,1,30296,0,1,1,2,150,320,900,7576,-8,5,0,1,153,1,222,0,1,0,0
940,1,934,1,30354,0,1,1,2,139,320,900,7583,-6,5,0,1,11,1,13,0,1,0,0
941,1,935,1,30338,0,1,1,2,116,320,900,7574,7,5,0,1,214,1,155,0,1,0,0
942,1,936,1,30316,0,1,1,2,101,320,900,7588,-9,6,0,0,0,1,121,0,1,0,0
943,1,937,1,30278,0,1,1,2,91,320,900,7584,14,6,0,1,231,1,250,0,1,0,0
944,1,938,1,30242,0,1,1,2,76,320,900,7579,-4,4,0,1,118,1,197,0,1,0,0
945,1,939,1,30287,0,1,1,2,58,320,900,7569,-5,5,0,0,0,1,206,0,1,0,0
946,1,940,1,30206,0,1,1,2,48,320,900,7560,-10,6,0,1,120,1,35,0,1,0,0
947,1,941,1,30164,0,1,1,2,39,320,900,7571,-9,6,0,1,219,1,250,0,1,0,0
948,1,942,1,30019,0,1,1,2,41,320,900,7551,11,6,0,0,0,1,132,0,1,0,0
949,1,943,1,30093,0,1,1,2,46,320,900,7541,-20,7,0,1,247,1,150,0,1,0,0
950,1,944,1,29998,0,1,1,2,62,320,900,7504,-10,6,0,1,194,1,20,0,1,0,0
951,1,945,1,29968,0,1,1,2,79,320,900,7523,-37,8,0,1,182,1,34,0,1,0,0
952,1,946,1,29890,0,1,1,2,102,320,900,7499,19,7,0,1,183,1,233,0,1,0,0
953,1,947,1,29805,0,1,1,2,117,320,900,7492,-24,7,0,1,39,1,11,0,1,0,0
954,1,948,1,29862,0,1,1,2,136,320,900,7472,-7,5,0,0,0,1,92,0,1,0,0
955,1,949,1,29750,0,1,1,2,157,320,900,7451,-20,7,0,1,232,1,169,0,1,0,0
956,1,950,1,29705,0,1,1,2,165,320,900,7465,-21,7,0,1,204,1,139,0,1,0,0
957,1,951,1,29693,0,1,1,2,179,320,900,7437,14,6,0,1,94,1,1,0,1,0,0
958,1,952,1,29636,0,1,1,2,183,320,900,7426,-28,7,0,1,59,1,243,0,1,0,0
959,1,953,1,29581,0,1,1,2,186,320,900,7423,-11,6,0,0,0,1,131,0,1,0,0
960,1,954,1,29590,0,1,1,2,190,320,900,7409,-3,4,0,1,228,1,99,0,1,0,0
961,1,955,1,29680,0,1,1,2,190,320,900,7395,-14,6,0,1,186,1,229,0,1,0,0
962,1,956,1,29611,0,1,1,2,188,320,900,7397,-14,6,0,0,0,1,173,0,1,0,0
963,1,957,1,29550,0,1,1,2,172,320,900,7420,2,4,0,1,101,1,229,0,1,0,0
964,1,958,1,29575,0,1,1,2,159,320,900,7402,23,7,0,1,89,1,100,0,1,0,0
965,1,959,1,29563,0,1,1,2,146,320,900,7387,-18,7,0,1,46,1,7,0,1,0,0
966,1,960,1,29569,0,1,1,2,136,320,900,7393,-15,6,0,0,0,1,195,0,1,0,0
967,1,961,1,29665,0,1,1,2,117,320,900,7390,6,5,0,1,238,1,27,1,0,0,0
968,1,962,1,29605,0,1,1,2,104,320,900,7392,-3,4,0,1,216,0,27,0,0,0,0
969,1,963,1,29684,0,1,1,2,85,320,900,7416,2,4,0,1,52,0,27,0,0,0,0
970,1,964,1,29696,0,1,1,2,73,320,900,7401,24,7,0,0,0,0,27,0,0,0,0
971,1,965,1,29665,0,1,1,2,64,320,900,7421,-15,6,0,1,130,0,27,0,0,0,0
972,1,966,1,29792,0,1,1,2,54,320,900,7424,20,7,0,1,137,0,27,0,1,0,0
973,1,967,1,29821,0,1,1,2,48,320,900,7416,3,4,0,1,41,1,8,0,1,0,0
974,1,968,1,29821,0,1,1,2,54,320,900,7448,-8,5,0,0,0,1,16,0,1,0,0
975,1,969,1,29892,0,1,1,2,64,320,900,7455,32,8,0,1,131,1,192,0,1,0,0
976,1,970,1,29931,0,1,1,2,75,320,900,7455,7,5,0,1,65,1,14,0,1,0,0
977,1,971,1,29971,0,1,1,2,89,320,900,7473,0,1,0,0,0,1,0,0,1,0,0
978,1,972,1,30078,0,1,1,2,104,320,900,7482,18,7,0,0,0,1,50,0,1,0,0
979,1,973,1,30113,0,1,1,2,125,320,900,7492,9,6,0,1,14,1,0,0,1,0,0
980,1,974,1,30123,0,1,1,2,143,320,900,7519,10,6,0,1,73,1,0,0,1,0,0
981,1,975,1,30144,0,1,1,2,152,320,900,7528,27,7,0,1,162,1,0,0,1,0,0
982,1,976,1,30112,0,1,1,2,163,320,900,7530,9,6,0,1,108,1,0,0,1,0,0
983,1,977,1,30247,0,1,1,2,168,320,900,7536,2,4,0,0,0,1,72,0,1,0,0
984,1,978,1,30297,0,1,1,2,166,320,900,7528,6,5,0,1,18,1,2,0,1,0,0
985,1,979,1,30224,0,1,1,2,175,320,900,7561,-8,5,0,1,49,1,158,0,1,0,0
986,1,980,1,30226,0,1,1,2,176,320,900,7574,33,8,0,0,0,1,141,0,1,0,0
987,1,981,1,30292,0,1,1,2,171,320,900,7556,13,6,0,1,56,1,248,0,1,0,0
988,1,982,1,30344,0,1,1,2,158,320,900,7556,-18,7,0,1,164,1,67,0,1,0,0
989,1,983,1,30227,0,1,1,2,141,320,900,7573,0,1,0,1,113,1,54,0,1,0,0
990,1,984,1,30219,0,1,1,2,135,320,900,7586,17,7,0,0,0,1,207,0,1,0,0
991,1,985,1,30298,0,1,1,2,123,320,900,7556,13,6,0,1,139,1,206,0,1,0,0
992,1,986,1,30256,0,1,1,2,107,320,900,7554,-30,7,0,1,52,1,226,0,1,0,0
993,1,987,1,30203,0,1,1,2,94,320,900,7574,-2,3,0,0,0,1,189,0,1,0,0
994,1,988,1,30150,0,1,1,2,77,320,900,7564,20,7,0,1,98,1,216,0,1,0,0
995,1,989,1,30175,0,1,1,2,61,320,900,7550,-10,6,0,1,83,1,140,0,1,0,0
996,1,990,1,30146,0,1,1,2,56,320,900,7537,-14,6,0,0,0,1,182,0,1,0,0
997,1,991,1,30095,0,1,1,2,52,320,900,7543,-13,6,0,1,108,1,40,0,1,0,0
998,1,992,1,30033,0,1,1,2,51,320,900,7536,6,5,0,1,121,1,243,0,1,0,0
999,1,993,1,30053,0,1,1,2,55,320,900,7523,-7,5,0,1,54,1,134,0,1,0,0
1000,1,994,1,29872,0,1,1,2,63,320,900,7508,-13,6,0,0,0,1,131,0,1,0,0
1001,1,995,1,29929,0,1,1,2,77,320,900,7513,-15,6,0,1,121,1,71,0,1,0,0
1002,1,996,1,29932,0,1,1,2,92,320,900,7468,5,5,0,1,142,1,2,0,1,0,0
1003,1,997,1,29825,0,1,1,2,107,320,900,7482,-45,8,0,0,0,1,201,0,1,0,0
1004,1,998,1,29823,0,1,1,2,122,320,900,7483,14,6,0,1,203,1,220,0,1,0,0
1005,1,999,1,29770,0,1,1,2,135,320,900,7456,1,3,0,1,180,1,136,0,1,0,0
1006,1,1000,1,29661,0,1,1,2,138,320,900,7455,-27,7,0,0,0,1,153,0,1,0,0
1007,1,1001,1,29641,0,1,1,2,151,320,900,7442,-1,2,0,1,147,1,11,0,1,0,0
1008,1,1002,1,29673,0,1,1,2,165,320,900,7415,-13,6,0,1,242,1,214,0,1,0,0
1009,1,1003,1,29504,0,1,1,2,166,320,900,7410,-27,7,0,0,0,1,231,0,1,0,0
1010,1,1004,1,29532,0,1,1,2,166,320,900,7418,-5,5,0,1,115,1,118,0,1,0,0
1011,1,1005,1,29559,0,1,1,2,173,320,900,7376,8,6,0,1,121,1,120,0,1,0,0
1012,1,1006,1,29514,0,1,1,2,177,320,900,7383,-42,8,0,1,35,1,219,0,1,0,0
1013,1,1007,1,29555,0,1,1,2,176,320,900,7389,7,5,0,1,214,1,247,0,1,0,0
1014,1,1008,1,29591,0,1,1,2,172,320,900,7378,6,5,0,0,0,1,194,0,1,0,0
1015,1,1009,1,29559,0,1,1,2,162,320,900,7388,-11,6,0,1,199,1,182,0,1,0,0
1016,1,1010,1,29605,0,1,1,2,146,320,900,7397,10,6,0,1,212,1,183,0,1,0,0
1017,1,1011,1,29596,0,1,1,2,127,320,900,7389,9,6,0,0,0,1,39,0,1,0,0
1018,1,1012,1,29671,0,1,1,2,115,320,900,7401,-8,5,0,1,74,1,232,0,1,0,0
1019,1,1013,1,29655,0,1,1,2,98,320,900,7399,12,6,0,1,130,1,204,0,1,0,0
1020,1,1014,1,29679,0,1,1,2,80,320,900,7417,-2,3,0,0,0,1,94,0,1,0,0
1021,1,1015,1,29729,0,1,1,2,68,320,900,7413,18,7,0,1,25,1,59,0,1,0,0
1022,1,1016,1,29734,0,1,1,2,59,320,900,7419,-4,4,0,1,75,1,228,0,1,0,0
1023,1,1017,1,29778,0,1,1,2,57,320,900,7432,6,5,0,0,0,1,186,0,1,0,0
1024,1,1018,1,29831,0,1,1,2,62,320,900,7433,13,6,0,1,216,1,101,0,1,0,0
1025,1,1019,1,29910,0,1,1,2,72,320,900,7444,1,3,0,1,52,1,89,0,1,0,0
1026,1,1020,1,29923,0,1,1,2,86,320,900,7457,11,6,0,0,0,1,46,0,1,0,0
1027,1,1021,1,30028,0,1,1,2,96,320,900,7477,13,6,0,1,89,1,238,0,1,0,0
1028,1,1022,1,30029,0,1,1,2,109,320,900,7480,20,7,0,0,0,1,216,0,1,0,0
1029,1,1023,1,30114,0,1,1,2,127,320,900,7507,3,4,0,1,26,1,52,0,1,0,0
1030,0,1023,1,30114,0,1,1,2,139,320,900,7507,27,7,0,1,202,1,190,0,1,0,0
1031,0,1023,1,30114,0,1,1,2,139,320,900,7528,0,1,0,1,108,1,52,1,0,0,0
1032,0,1023,1,30114,0,1,1,2,139,320,900,7528,21,7,0,0,0,0,52,0,0,0,0
1033,0,1023,1,30114,0,1,1,2,139,320,900,7528,21,7,0,1,84,0,52,0,0,0,0
1034,0,1023,1,30114,0,1,1,2,139,320,900,7528,21,7,0,1,0,0,52,0,0,0,0
1035,0,1023,1,30114,0,1,1,2,139,320,900,7528,21,7,0,0,0,0,52,0,0,0,0
1036,0,1023,1,30114,0,1,1,2,139,320,900,7528,21,7,0,0,0,0,52,0,0,0,0
1037,0,1023,1,30114,0,1,1,2,139,320,900,7528,21,7,0,0,0,0,52,0,1,0,0
1038,0,1023,1,30114,0,1,1,2,139,320,900,7528,21,7,0,0,0,1,8,0,1,0,0
1039,0,1023,1,30114,0,1,1,2,139,320,900,7528,21,7,0,0,0,1,16,0,1,0,0
1040,0,1023,1,30114,0,1,1,2,139,320,900,7528,21,7,0,0,0,1,192,0,1,0,0
1041,0,1023,1,30114,0,1,1,2,139,320,900,7528,21,7,0,0,0,1,15,0,1,0,0
1042,0,1023,1,30114,0,1,1,2,139,320,900,7528,21,7,0,0,0,1,0,0,1,0,0
1043,0,1023,1,30114,0,1,1,2,139,320,900,7528,21,7,0,0,0,1,49,0,1,0,0
1044,0,1023,1,30114,0,1,1,2,139,320,900,7528,21,7,0,0,0,1,0,0,1,0,0
1045,0,1023,1,30114,0,1,1,2,139,320,900,7528,21,7,0,0,0,1,0,0,1,0,0
1046,0,1023,1,30114,0,1,1,2,139,320,900,7528,21,7,0,0,0,1,0,0,1,0,0
1047,0,1023,1,30114,0,1,1,2,139,320,900,7528,21,7,0,0,0,1,0,0,1,0,0
1048,0,1023,1,30114,0,1,1,2,139,320,900,7528,21,7,0,0,0,1,72,0,1,0,0
1049,0,1023,1,30114,0,1,1,2,139,320,900,7528,21,7,0,0,0,1,130,0,1,0,0
1050,0,1023,1,30114,0,1,1,2,139,320,900,7528,21,7,0,0,0,1,137,0,1,0,0
1051,0,1023,1,30114,0,1,1,2,139,320,900,7528,21,7,0,0,0,1,41,0,1,0,0
1052,0,1023,1,30114,0,1,1,2,139,320,900,7528,21,7,0,0,0,1,131,0,1,0,0
1053,0,1023,1,30114,0,1,1,2,139,320,900,7528,21,7,0,0,0,1,65,0,1,0,0
1054,0,1023,1,30114,0,1,1,2,139,320,900,7528,21,7,0,0,0,1,14,0,1,0,0
1055,0,1023,1,30114,0,1,1,2,139,320,900,7528,21,7,0,0,0,1,73,0,1,0,0
1056,0,1023,1,30114,0,1,1,2,139,320,900,7528,21,7,0,0,0,1,162,0,1,0,0
1057,0,1023,1,30114,0,1,1,2,139,320,900,7528,21,7,0,0,0,1,108,0,1,0,0
1058,0,1023,1,30114,0,1,1,2,139,320,900,7528,21,7,0,0,0,1,18,0,1,0,0
1059,0,1023,1,30114,0,1,1,2,139,320,900,7528,21,7,0,0,0,1,49,0,1,0,0
1060,0,1023,1,30114,0,1,1,2,139,320,900,7528,21,7,0,0,0,1,56,0,1,0,0
1061,0,1023,1,30114,0,1,1,2,139,320,900,7528,21,7,0,0,0,1,164,0,1,0,0
1062,0,1023,1,30114,0,1,1,2,139,320,900,7528,21,7,0,0,0,1,113,0,1,0,0
1063,0,1023,1,30114,0,1,1,2,139,320,900,7528,21,7,0,0,0,1,139,0,1,0,0
1064,0,1023,1,30114,0,1,1,2,139,320,900,7528,21,7,0,0,0,1,52,0,1,0,0
1065,0,1023,1,30114,0,1,1,2,139,320,900,7528,21,7,0,0,0,1,98,0,1,0,0
1066,0,1023,1,30114,0,1,1,2,139,320,900,7528,21,7,0,0,0,1,83,0,1,0,0
1067,0,1023,1,30114,0,1,1,2,139,320,900,7528,21,7,0,0,0,1,108,0,1,0,0
1068,0,1023,1,30114,0,1,1,2,139,320,900,7528,21,7,0,0,0,1,121,0,1,0,0
1069,0,1023,1,30114,0,1,1,2,139,320,900,7528,21,7,0,0,0,1,54,0,1,0,0
1070,0,1023,1,30114,0,1,1,2,139,320,900,7528,21,7,0,0,0,1,121,0,1,0,0
1071,0,1023,1,30114,0,1,1,2,139,320,900,7528,21,7,0,0,0,1,142,0,1,0,0
1072,0,1023,1,30114,0,1,1,2,139,320,900,7528,21,7,0,0,0,1,203,0,1,0,0
1073,0,1023,1,30114,0,1,1,2,139,320,900,7528,21,7,0,0,0,1,180,0,1,0,0
1074,0,1023,1,30114,0,1,1,2,139,320,900,7528,21,7,0,0,0,1,147,0,1,0,0
1075,0,1023,1,30114,0,1,1,2,139,320,900,7528,21,7,0,0,0,1,242,0,1,0,0
1076,0,1023,1,30114,0,1,1,2,139,320,900,7528,21,7,0,0,0,1,115,0,1,0,0
1077,0,1023,1,30114,0,1,1,2,139,320,900,7528,21,7,0,0,0,1,121,0,1,0,0
1078,0,1023,1,30114,0,1,1,2,139,320,900,7528,21,7,0,0,0,1,35,0,1,0,0
1079,0,1023,1,30114,0,1,1,2,139,320,900,7528,21,7,0,0,0,1,214,0,1,0,0
1080,0,1023,1,30114,0,1,1,2,139,320,900,7528,21,7,0,0,0,1,199,0,1,0,0
1081,0,1023,1,30114,0,1,1,2,139,320,900,7528,21,7,0,0,0,1,212,0,1,0,0
1082,0,1023,1,30114,0,1,1,2,139,320,900,7528,21,7,0,0,0,1,74,0,1,0,0
1083,0,1023,1,30114,0,1,1,2,139,320,900,7528,21,7,0,0,0,1,130,0,1,0,0
1084,0,1023,1,30114,0,1,1,2,139,320,900,7528,21,7,0,0,0,1,25,0,1,0,0
1085,0,1023,1,30114,0,1,1,2,139,320,900,7528,21,7,0,0,0,1,75,0,1,0,0
1086,0,1023,1,30114,0,1,1,2,139,320,900,7528,21,7,0,0,0,1,216,0,1,0,0
1087,0,1023,1,30114,0,1,1,2,139,320,900,7528,21,7,0,0,0,1,52,0,1,0,0
1088,0,1023,1,30114,0,1,1,2,139,320,900,7528,21,7,0,0,0,1,89,0,1,0,0
1089,0,1023,1,30114,0,1,1,2,139,320,900,7528,21,7,0,0,0,1,26,0,1,0,0
1090,0,1023,1,30114,0,1,1,2,139,320,900,7528,21,7,0,0,0,1,202,0,1,0,0
1091,0,1023,1,30114,0,1,1,2,139,320,900,7528,21,7,0,0,0,1,108,0,1,0,0
1092,0,1023,1,30114,0,1,1,2,139,320,900,7528,21,7,0,0,0,1,84,0,1,0,0
1093,0,1023,1,30114,0,1,1,2,139,320,900,7528,21,7,0,0,0,1,0,0,1,0,0
1094,0,1023,1,30114,0,1,1,2,139,320,900,7528,21,7,0,0,0,1,75,0,1,0,0
1095,0,1023,1,30114,0,1,1,2,139,320,900,7528,21,7,0,0,0,1,123,1,0,0,0
1096,0,1023,1,30114,0,1,1,2,139,320,900,7528,21,7,0,0,0,0,123,0,0,0,0
1097,0,1023,1,30114,0,1,1,2,139,320,900,7528,21,7,0,0,0,0,123,0,0,0,0
1098,0,1023,1,30114,0,1,1,2,139,320,900,7528,21,7,0,0,0,0,123,0,0,0,0
1099,0,1023,1,30114,0,1,1,2,139,320,900,7528,21,7,0,0,0,0,123,0,0,0,0
1100,0,1023,1,30114,0,1,1,2,139,320,900,7528,21,7,0,0,0,0,123,0,0,0,0
1101,0,1023,1,30114,0,1,1,2,139,320,900,7528,21,7,0,0,0,0,123,0,0,0,0
1102,0,1023,1,30114,0,1,1,2,139,320,900,7528,21,7,0,0,0,0,123,0,0,0,0
1103,0,1023,1,30114,0,1,1,2,139,320,900,7528,21,7,0,0,0,0,123,0,0,0,0
1104,0,1023,1,30114,0,1,1,2,139,320,900,7528,21,7,0,0,0,0,123,0,0,0,0
1105,0,1023,1,30114,0,1,1,2,139,320,900,7528,21,7,0,0,0,0,123,0,0,0,0
1106,0,1023,1,30114,0,1,1,2,139,320,900,7528,21,7,0,0,0,0,123,0,0,0,0
1107,0,1023,1,30114,0,1,1,2,139,320,900,7528,21,7,0,0,0,0,123,0,0,0,0
1108,0,1023,1,30114,0,1,1,2,139,320,900,7528,21,7,0,0,0,0,123,0,0,0,0
1109,0,1023,1,30114,0,1,1,2,139,320,900,7528,21,7,0,0,0,0,123,0,0,0,0
1110,0,1023,1,30114,0,1,1,2,139,320,900,7528,21,7,0,0,0,0,123,0,0,0,0
1111,0,1023,1,30114,0,1,1,2,139,320,900,7528,21,7,0,0,0,0,123,0,0,0,0
1112,0,1023,1,30114,0,1,1,2,139,320,900,7528,21,7,0,0,0,0,123,0,0,0,0
1113,0,1023,1,30114,0,1,1,2,139,320,900,7528,21,7,0,0,0,0,123,0,0,0,0
1114,0,1023,1,30114,0,1,1,2,139,320,900,7528,21,7,0,0,0,0,123,0,0,0,0
1115,0,1023,1,30114,0,1,1,2,139,320,900,7528,21,7,0,0,0,0,123,0,0,0,0
1116,0,1023,1,30114,0,1,1,2,139,320,900,7528,21,7,0,0,0,0,123,0,0,0,0
1117,0,1023,1,30114,0,1,1,2,139,320,900,7528,21,7,0,0,0,0,123,0,0,0,0
1118,0,1023,1,30114,0,1,1,2,139,320,900,7528,21,7,0,0,0,0,123,0,0,0,0
1119,0,1023,1,30114,0,1,1,2,139,320,900,7528,21,7,0,0,0,0,123,0,0,0,0
1120,0,1023,1,30114,0,1,1,2,139,320,900,7528,21,7,0,0,0,0,123,0,0,0,0
1121,0,1023,1,30114,0,1,1,2,139,320,900,7528,21,7,0,0,0,0,123,0,0,0,0
1122,0,1023,1,30114,0,1,1,2,139,320,900,7528,21,7,0,0,0,0,123,0,0,0,0
1123,0,1023,1,30114,0,1,1,2,139,320,900,7528,21,7,0,0,0,0,123,0,0,0,0
1124,0,1023,1,30114,0,1,1,2,139,320,900,7528,21,7,0,0,0,0,123,0,0,0,0
1125,0,1023,1,30114,0,1,1,2,139,320,900,7528,21,7,0,0,0,0,123,0,0,0,0
1126,0,1023,1,30114,0,1,1,2,139,320,900,7528,21,7,0,0,0,0,123,0,0,0,0
1127,0,1023,1,30114,0,1,1,2,139,320,900,7528,21,7,0,0,0,0,123,0,0,0,0
1128,0,1023,1,30114,0,1,1,2,139,320,900,7528,21,7,0,0,0,0,123,0,0,0,0
1129,0,1023,1,30114,0,1,1,2,139,320,900,7528,21,7,0,0,0,0,123,0,0,0,0
1130,0,1023,1,30114,0,1,1,2,139,320,900,7528,21,7,0,0,0,0,123,0,0,0,0
1131,0,1023,1,30114,0,1,1,2,139,320,900,7528,21,7,0,0,0,0,123,0,0,0,0
1132,0,1023,1,30114,0,1,1,2,139,320,900,7528,21,7,0,0,0,0,123,0,0,0,0
1133,0,1023,1,30114,0,1,1,2,139,320,900,7528,21,7,0,0,0,0,123,0,0,0,0
1134,0,1023,1,30114,0,1,1,2,139,320,900,7528,21,7,0,0,0,0,123,0,0,0,0
1135,0,1023,1,30114,0,1,1,2,139,320,900,7528,21,7,0,0,0,0,123,0,0,0,0
1136,0,1023,1,30114,0,1,1,2,139,320,900,7528,21,7,0,0,0,0,123,0,0,0,0
1137,0,1023,1,30114,0,1,1,2,139,320,900,7528,21,7,0,0,0,0,123,0,0,0,0
1138,0,1023,1,30114,0,1,1,2,139,320,900,7528,21,7,0,0,0,0,123,0,0,0,0
1139,0,1023,1,30114,0,1,1,2,139,320,900,7528,21,7,0,0,0,0,123,0,0,0,0
1140,0,1023,1,30114,0,1,1,2,139,320,900,7528,21,7,0,0,0,0,123,0,0,0,0
1141,0,1023,1,30114,0,1,1,2,139,320,900,7528,21,7,0,0,0,0,123,0,0,0,0
1142,0,1023,1,30114,0,1,1,2,139,320,900,7528,21,7,0,0,0,0,123,0,0,0,0
1143,0,1023,1,30114,0,1,1,2,139,320,900,7528,21,7,0,0,0,0,123,0,0,0,0
1144,0,1023,1,30114,0,1,1,2,139,320,900,7528,21,7,0,0,0,0,123,0,0,0,0
1145,0,1023,1,30114,0,1,1,2,139,320,900,7528,21,7,0,0,0,0,123,0,0,0,0
1146,0,1023,1,30114,0,1,1,2,139,320,900,7528,21,7,0,0,0,0,123,0,0,0,0
1147,0,1023,1,30114,0,1,1,2,139,320,900,7528,21,7,0,0,0,0,123,0,0,0,0
1148,0,1023,1,30114,0,1,1,2,139,320,900,7528,21,7,0,0,0,0,123,0,0,0,0
1149,0,1023,1,30114,0,1,1,2,139,320,900,7528,21,7,0,0,0,0,123,0,0,0,0
1150,0,1023,1,30114,0,1,1,2,139,320,900,7528,21,7,0,0,0,0,123,0,0,0,0
1151,0,1023,1,30114,0,1,1,2,139,320,900,7528,21,7,0,0,0,0,123,0,0,0,0
1152,0,1023,1,30114,0,1,1,2,139,320,900,7528,21,7,0,0,0,0,123,0,0,0,0
1153,0,1023,1,30114,0,1,1,2,139,320,900,7528,21,7,0,0,0,0,123,0,0,0,0
1154,0,1023,1,30114,0,1,1,2,139,320,900,7528,21,7,0,0,0,0,123,0,0,0,0
1155,0,1023,1,30114,0,1,1,2,139,320,900,7528,21,7,0,0,0,0,123,0,0,0,0
1156,0,1023,1,30114,0,1,1,2,139,320,900,7528,21,7,0,0,0,0,123,0,0,0,0
1157,0,1023,1,30114,0,1,1,2,139,320,900,7528,21,7,0,0,0,0,123,0,0,0,0
1158,0,1023,1,30114,0,1,1,2,139,320,900,7528,21,7,0,0,0,0,123,0,0,0,0
1159,0,1023,1,30114,0,1,1,2,139,320,900,7528,21,7,0,0,0,0,123,0,0,0,0
1160,0,1023,1,30114,0,1,1,2,139,320,900,7528,21,7,0,0,0,0,123,0,0,0,0
1161,0,1023,1,30114,0,1,1,2,139,320,900,7528,21,7,0,0,0,0,123,0,0,0,0
1162,0,1023,1,30114,0,1,1,2,139,320,900,7528,21,7,0,0,0,0,123,0,0,0,0
1163,0,1023,1,30114,0,1,1,2,139,320,900,7528,21,7,0,0,0,0,123,0,0,0,0
1164,0,1023,1,30114,0,1,1,2,139,320,900,7528,21,7,0,0,0,0,123,0,0,0,0
1165,0,1023,1,30114,0,1,1,2,139,320,900,7528,21,7,0,0,0,0,123,0,0,0,0
1166,0,1023,1,30114,0,1,1,2,139,320,900,7528,21,7,0,0,0,0,123,0,0,0,0
1167,0,1023,1,30114,0,1,1,2,139,320,900,7528,21,7,0,0,0,0,123,0,0,0,0
1168,0,1023,1,30114,0,1,1,2,139,320,900,7528,21,7,0,0,0,0,123,0,0,0,0
1169,0,1023,1,30114,0,1,1,2,139,320,900,7528,21,7,0,0,0,0,123,0,0,0,0
1170,0,1023,1,30114,0,1,1,2,139,320,900,7528,21,7,0,0,0,0,123,0,0,0,0
1171,0,1023,1,30114,0,1,1,2,139,320,900,7528,21,7,0,0,0,0,123,0,0,0,0
1172,0,1023,1,30114,0,1,1,2,139,320,900,7528,21,7,0,0,0,0,123,0,0,0,0
1173,0,1023,1,30114,0,1,1,2,139,320,900,7528,21,7,0,0,0,0,123,0,0,0,0
1174,0,1023,1,30114,0,1,1,2,139,320,900,7528,21,7,0,0,0,0,123,0,0,0,0
1175,0,1023,1,30114,0,1,1,2,139,320,900,7528,21,7,0,0,0,0,123,0,0,0,0
1176,0,1023,1,30114,0,1,1,2,139,320,900,7528,21,7,0,0,0,0,123,0,0,0,0
1177,0,1023,1,30114,0,1,1,2,139,320,900,7528,21,7,0,0,0,0,123,0,0,0,0
1178,0,1023,1,30114,0,1,1,2,139,320,900,7528,21,7,0,0,0,0,123,0,0,0,0
1179,0,1023,1,30114,0,1,1,2,139,320,900,7528,21,7,0,0,0,0,123,0,0,0,0
1180,0,1023,1,30114,0,1,1,2,139,320,900,7528,21,7,0,0,0,0,123,0,0,0,0
1181,0,1023,1,30114,0,1,1,2,139,320,900,7528,21,7,0,0,0,0,123,0,0,0,0
1182,0,1023,1,30114,0,1,1,2,139,320,900,7528,21,7,0,0,0,0,123,0,0,0,0
1183,0,1023,1,30114,0,1,1,2,139,320,900,7528,21,7,0,0,0,0,123,0,0,0,0
1184,0,1023,1,30114,0,1,1,2,139,320,900,7528,21,7,0,0,0,0,123,0,0,0,0
1185,0,1023,1,30114,0,1,1,2,139,320,900,7528,21,7,0,0,0,0,123,0,0,0,0
1186,0,1023,1,30114,0,1,1,2,139,320,900,7528,21,7,0,0,0,0,123,0,0,0,0
1187,0,1023,1,30114,0,1,1,2,139,320,900,7528,21,7,0,0,0,0,123,0,0,0,0
1188,0,1023,1,30114,0,1,1,2,139,320,900,7528,21,7,0,0,0,0,123,0,0,0,0
1189,0,1023,1,30114,0,1,1,2,139,320,900,7528,21,7,0,0,0,0,123,0,0,0,0
1190,0,1023,1,30114,0,1,1,2,139,320,900,7528,21,7,0,0,0,0,123,0,0,0,0
1191,0,1023,1,30114,0,1,1,2,139,320,900,7528,21,7,0,0,0,0,123,0,0,0,0
1192,0,1023,1,30114,0,1,1,2,139,320,900,7528,21,7,0,0,0,0,123,0,0,0,0
1193,0,1023,1,30114,0,1,1,2,139,320,900,7528,21,7,0,0,0,0,123,0,0,0,0
1194,0,1023,1,30114,0,1,1,2,139,320,900,7528,21,7,0,0,0,0,123,0,0,0,0
1195,0,1023,1,30114,0,1,1,2,139,320,900,7528,21,7,0,0,0,0,123,0,0,0,0
1196,0,1023,1,30114,0,1,1,2,139,320,900,7528,21,7,0,0,0,0,123,0,0,0,0
1197,0,1023,1,30114,0,1,1,2,139,320,900,7528,21,7,0,0,0,0,123,0,0,0,0
1198,0,1023,1,30114,0,1,1,2,139,320,900,7528,21,7,0,0,0,0,123,0,0,0,0
1199,0,1023,1,30114,0,1,1,2,139,320,900,7528,21,7,0,0,0,0,123,0,0,0,0
1200,0,1023,1,30114,0,1,1,2,139,320,900,7528,21,7,0,0,0,0,123,0,0,0,0
1201,0,1023,1,30114,0,1,1,2,139,320,900,7528,21,7,0,0,0,0,123,0,0,0,0
1202,0,1023,1,30114,0,1,1,2,139,320,900,7528,21,7,0,0,0,0,123,0,0,0,0
1203,0,1023,1,30114,0,1,1,2,139,320,900,7528,21,7,0,0,0,0,123,0,0,0,0
1204,0,1023,1,30114,0,1,1,2,139,320,900,7528,21,7,0,0,0,0,123,0,0,0,0
1205,0,1023,1,30114,0,1,1,2,139,320,900,7528,21,7,0,0,0,0,123,0,0,0,0
1206,0,1023,1,30114,0,1,1,2,139,320,900,7528,21,7,0,0,0,0,123,0,0,0,0
1207,0,1023,1,30114,0,1,1,2,139,320,900,7528,21,7,0,0,0,0,123,0,0,0,0
1208,0,1023,1,30114,0,1,1,2,139,320,900,7528,21,7,0,0,0,0,123,0,0,0,0
1209,0,1023,1,30114,0,1,1,2,139,320,900,7528,21,7,0,0,0,0,123,0,0,0,0
1210,0,1023,1,30114,0,1,1,2,139,320,900,7528,21,7,0,0,0,0,123,0,0,0,0
1211,0,1023,1,30114,0,1,1,2,139,320,900,7528,21,7,0,0,0,0,123,0,0,0,0
1212,0,1023,1,30114,0,1,1,2,139,320,900,7528,21,7,0,0,0,0,123,0,0,0,0
1213,0,1023,1,30114,0,1,1,2,139,320,900,7528,21,7,0,0,0,0,123,0,0,0,0
1214,0,1023,1,30114,0,1,1,2,139,320,900,7528,21,7,0,0,0,0,123,0,0,0,0
1215,0,1023,1,30114,0,1,1,2,139,320,900,7528,21,7,0,0,0,0,123,0,0,0,0
1216,0,1023,1,30114,0,1,1,2,139,320,900,7528,21,7,0,0,0,0,123,0,0,0,0
1217,0,1023,1,30114,0,1,1,2,139,320,900,7528,21,7,0,0,0,0,123,0,0,0,0
1218,0,1023,1,30114,0,1,1,2,139,320,900,7528,21,7,0,0,0,0,123,0,0,0,0
1219,0,1023,1,30114,0,1,1,2,139,320,900,7528,21,7,0,0,0,0,123,0,0,0,0
1220,0,1023,1,30114,0,1,1,2,139,320,900,7528,21,7,0,0,0,0,123,0,0,0,0
1221,0,1023,1,30114,0,1,1,2,139,320,900,7528,21,7,0,0,0,0,123,0,0,0,0
1222,0,1023,1,30114,0,1,1,2,139,320,900,7528,21,7,0,0,0,0,123,0,0,0,0
1223,0,1023,1,30114,0,1,1,2,139,320,900,7528,21,7,0,0,0,0,123,0,0,0,0
1224,0,1023,1,30114,0,1,1,2,139,320,900,7528,21,7,0,0,0,0,123,0,0,0,0
1225,0,1023,1,30114,0,1,1,2,139,320,900,7528,21,7,0,0,0,0,123,0,0,0,0
1226,0,1023,1,30114,0,1,1,2,139,320,900,7528,21,7,0,0,0,0,123,0,0,0,0
1227,0,1023,1,30114,0,1,1,2,139,320,900,7528,21,7,0,0,0,0,123,0,0,0,0
1228,0,1023,1,30114,0,1,1,2,139,320,900,7528,21,7,0,0,0,0,123,0,0,0,0
1229,0,1023,1,30114,0,1,1,2,139,320,900,7528,21,7,0,0,0,0,123,0,0,0,0
1230,0,1023,1,30114,0,1,1,2,139,320,900,7528,21,7,0,0,0,0,123,0,0,0,0
1231,0,1023,1,30114,0,1,1,2,139,320,900,7528,21,7,0,0,0,0,123,0,0,0,0
1232,0,1023,1,30114,0,1,1,2,139,320,900,7528,21,7,0,0,0,0,123,0,0,0,0
1233,0,1023,1,30114,0,1,1,2,139,320,900,7528,21,7,0,0,0,0,123,0,0,0,0
1234,0,1023,1,30114,0,1,1,2,139,320,900,7528,21,7,0,0,0,0,123,0,0,0,0
1235,0,1023,1,30114,0,1,1,2,139,320,900,7528,21,7,0,0,0,0,123,0,0,0,0
1236,0,1023,1,30114,0,1,1,2,139,320,900,7528,21,7,0,0,0,0,123,0,0,0,0
1237,0,1023,1,30114,0,1,1,2,139,320,900,7528,21,7,0,0,0,0,123,0,0,0,0
1238,0,1023,1,30114,0,1,1,2,139,320,900,7528,21,7,0,0,0,0,123,0,0,0,0
1239,0,1023,1,30114,0,1,1,2,139,320,900,7528,21,7,0,0,0,0,123,0,0,0,0
1240,0,1023,1,30114,0,1,1,2,139,320,900,7528,21,7,0,0,0,0,123,0,0,0,0
1241,0,1023,1,30114,0,1,1,2,139,320,900,7528,21,7,0,0,0,0,123,0,0,0,0
1242,0,1023,1,30114,0,1,1,2,139,320,900,7528,21,7,0,0,0,0,123,0,0,0,0
1243,0,1023,1,30114,0,1,1,2,139,320,900,7528,21,7,0,0,0,0,123,0,0,0,0
1244,0,1023,1,30114,0,1,1,2,139,320,900,7528,21,7,0,0,0,0,123,0,0,0,0
1245,0,1023,1,30114,0,1,1,2,139,320,900,7528,21,7,0,0,0,0,123,0,0,0,0
1246,0,1023,1,30114,0,1,1,2,139,320,900,7528,21,7,0,0,0,0,123,0,0,0,0
1247,0,1023,1,30114,0,1,1,2,139,320,900,7528,21,7,0,0,0,0,123,0,0,0,0
1248,0,1023,1,30114,0,1,1,2,139,320,900,7528,21,7,0,0,0,0,123,0,0,0,0
1249,0,1023,1,30114,0,1,1,2,139,320,900,7528,21,7,0,0,0,0,123,0,0,0,0
1250,0,1023,1,30114,0,1,1,2,139,320,900,7528,21,7,0,0,0,0,123,0,0,0,0
1251,0,1023,1,30114,0,1,1,2,139,320,900,7528,21,7,0,0,0,0,123,0,0,0,0
1252,0,1023,1,30114,0,1,1,2,139,320,900,7528,21,7,0,0,0,0,123,0,0,0,0
1253,0,1023,1,30114,0,1,1,2,139,320,900,7528,21,7,0,0,0,0,123,0,0,0,0
1254,0,1023,1,30114,0,1,1,2,139,320,900,7528,21,7,0,0,0,0,123,0,0,0,0
1255,0,1023,1,30114,0,1,1,2,139,320,900,7528,21,7,0,0,0,0,123,0,0,0,0
1256,0,1023,1,30114,0,1,1,2,139,320,900,7528,21,7,0,0,0,0,123,0,0,0,0
1257,0,1023,1,30114,0,1,1,2,139,320,900,7528,21,7,0,0,0,0,123,0,0,0,0
1258,0,1023,1,30114,0,1,1,2,139,320,900,7528,21,7,0,0,0,0,123,0,0,0,0
1259,0,1023,1,30114,0,1,1,2,139,320,900,7528,21,7,0,0,0,0,123,0,0,0,0
1260,0,1023,1,30114,0,1,1,2,139,320,900,7528,21,7,0,0,0,0,123,0,0,0,0
1261,0,1023,1,30114,0,1,1,2,139,320,900,7528,21,7,0,0,0,0,123,0,0,0,0
1262,0,1023,1,30114,0,1,1,2,139,320,900,7528,21,7,0,0,0,0,123,0,0,0,0
1263,0,1023,1,30114,0,1,1,2,139,320,900,7528,21,7,0,0,0,0,123,0,0,0,0
1264,0,1023,1,30114,0,1,1,2,139,320,900,7528,21,7,0,0,0,0,123,0,0,0,0
1265,0,1023,1,30114,0,1,1,2,139,320,900,7528,21,7,0,0,0,0,123,0,0,0,0
1266,0,1023,1,30114,0,1,1,2,139,320,900,7528,21,7,0,0,0,0,123,0,0,0,0
1267,0,1023,1,30114,0,1,1,2,139,320,900,7528,21,7,0,0,0,0,123,0,0,0,0
1268,0,1023,1,30114,0,1,1,2,139,320,900,7528,21,7,0,0,0,0,123,0,0,0,0
1269,0,1023,1,30114,0,1,1,2,139,320,900,7528,21,7,0,0,0,0,123,0,0,0,0
1270,0,1023,1,30114,0,1,1,2,139,320,900,7528,21,7,0,0,0,0,123,0,0,0,0
1271,0,1023,1,30114,0,1,1,2,139,320,900,7528,21,7,0,0,0,0,123,0,0,0,0
1272,0,1023,1,30114,0,1,1,2,139,320,900,7528,21,7,0,0,0,0,123,0,0,0,0
1273,0,1023,1,30114,0,1,1,2,139,320,900,7528,21,7,0,0,0,0,123,0,0,0,0
1274,0,1023,1,30114,0,1,1,2,139,320,900,7528,21,7,0,0,0,0,123,0,0,0,0
1275,0,1023,1,30114,0,1,1,2,139,320,900,7528,21,7,0,0,0,0,123,0,0,0,0
1276,0,1023,1,30114,0,1,1,2,139,320,900,7528,21,7,0,0,0,0,123,0,0,0,0
1277,0,1023,1,30114,0,1,1,2,139,320,900,7528,21,7,0,0,0,0,123,0,0,0,0
1278,0,1023,1,30114,0,1,1,2,139,320,900,7528,21,7,0,0,0,0,123,0,0,0,0
1279,0,1023,1,30114,0,1,1,2,139,320,900,7528,21,7,0,0,0,0,123,0,0,0,0
1280,0,1023,1,30114,0,1,1,2,139,320,900,7528,21,7,0,0,0,0,123,0,0,0,0
1281,0,1023,1,30114,0,1,1,2,139,320,900,7528,21,7,0,0,0,0,123,0,0,0,0
1282,0,1023,1,30114,0,1,1,2,139,320,900,7528,21,7,0,0,0,0,123,0,0,0,0
1283,0,1023,1,30114,0,1,1,2,139,320,900,7528,21,7,0,0,0,0,123,0,0,0,0
1284,0,1023,1,30114,0,1,1,2,139,320,900,7528,21,7,0,0,0,0,123,0,0,0,0
1285,0,1023,1,30114,0,1,1,2,139,320,900,7528,21,7,0,0,0,0,123,0,0,0,0
1286,0,1023,1,30114,0,1,1,2,139,320,900,7528,21,7,0,0,0,0,123,0,0,0,0
1287,0,1023,1,30114,0,1,1,2,139,320,900,7528,21,7,0,0,0,0,123,0,0,0,0
1288,0,1023,1,30114,0,1,1,2,139,320,900,7528,21,7,0,0,0,0,123,0,0,0,0
1289,0,1023,1,30114,0,1,1,2,139,320,900,7528,21,7,0,0,0,0,123,0,0,0,0
1290,0,1023,1,30114,0,1,1,2,139,320,900,7528,21,7,0,0,0,0,123,0,0,0,0
1291,0,1023,1,30114,0,1,1,2,139,320,900,7528,21,7,0,0,0,0,123,0,0,0,0
1292,0,1023,1,30114,0,1,1,2,139,320,900,7528,21,7,0,0,0,0,123,0,0,0,0
1293,0,1023,1,30114,0,1,1,2,139,320,900,7528,21,7,0,0,0,0,123,0,0,0,0
1294,0,1023,1,30114,0,1,1,2,139,320,900,7528,21,7,0,0,0,0,123,0,0,0,0
1295,0,1023,1,30114,0,1,1,2,139,320,900,7528,21,7,0,0,0,0,123,0,0,0,0
1296,0,1023,1,30114,0,1,1,2,139,320,900,7528,21,7,0,0,0,0,123,0,0,0,0
1297,0,1023,1,30114,0,1,1,2,139,320,900,7528,21,7,0,0,0,0,123,0,0,0,0
1298,0,1023,1,30114,0,1,1,2,139,320,900,7528,21,7,0,0,0,0,123,0,0,0,0
1299,0,1023,1,30114,0,1,1,2,139,320,900,7528,21,7,0,0,0,0,123,0,0,0,0
1300,0,1023,1,30114,0,1,1,2,139,320,900,7528,21,7,0,0,0,0,123,0,0,0,0
1301,0,1023,1,30114,0,1,1,2,139,320,900,7528,21,7,0,0,0,0,123,0,0,0,0
1302,0,1023,1,30114,0,1,1,2,139,320,900,7528,21,7,0,0,0,0,123,0,0,0,0
1303,0,1023,1,30114,0,1,1,2,139,320,900,7528,21,7,0,0,0,0,123,0,0,0,0
1304,0,1023,1,30114,0,1,1,2,139,320,900,7528,21,7,0,0,0,0,123,0,0,0,0
1305,0,1023,1,30114,0,1,1,2,139,320,900,7528,21,7,0,0,0,0,123,0,0,0,0
1306,0,1023,1,30114,0,1,1,2,139,320,900,7528,21,7,0,0,0,0,123,0,0,0,0
1307,0,1023,1,30114,0,1,1,2,139,320,900,7528,21,7,0,0,0,0,123,0,0,0,0
1308,0,1023,1,30114,0,1,1,2,139,320,900,7528,21,7,0,0,0,0,123,0,0,0,0
1309,0,1023,1,30114,0,1,1,2,139,320,900,7528,21,7,0,0,0,0,123,0,0,0,0
1310,0,1023,1,30114,0,1,1,2,139,320,900,7528,21,7,0,0,0,0,123,0,0,0,0
1311,0,1023,1,30114,0,1,1,2,139,320,900,7528,21,7,0,0,0,0,123,0,0,0,0
1312,0,1023,1,30114,0,1,1,2,139,320,900,7528,21,7,0,0,0,0,123,0,0,0,0
1313,0,1023,1,30114,0,1,1,2,139,320,900,7528,21,7,0,0,0,0,123,0,0,0,0
1314,0,1023,1,30114,0,1,1,2,139,320,900,7528,21,7,0,0,0,0,123,0,0,0,0
1315,0,1023,1,30114,0,1,1,2,139,320,900,7528,21,7,0,0,0,0,123,0,0,0,0
1316,0,1023,1,30114,0,1,1,2,139,320,900,7528,21,7,0,0,0,0,123,0,0,0,0
1317,0,1023,1,30114,0,1,1,2,139,320,900,7528,21,7,0,0,0,0,123,0,0,0,0
1318,0,1023,1,30114,0,1,1,2,139,320,900,7528,21,7,0,0,0,0,123,0,0,0,0
1319,0,1023,1,30114,0,1,1,2,139,320,900,7528,21,7,0,0,0,0,123,0,0,0,0
1320,0,1023,1,30114,0,1,1,2,139,320,900,7528,21,7,0,0,0,0,123,0,0,0,0
1321,0,1023,1,30114,0,1,1,2,139,320,900,7528,21,7,0,0,0,0,123,0,0,0,0
1322,0,1023,1,30114,0,1,1,2,139,320,900,7528,21,7,0,0,0,0,123,0,0,0,0
1323,0,1023,1,30114,0,1,1,2,139,320,900,7528,21,7,0,0,0,0,123,0,0,0,0
1324,0,1023,1,30114,0,1,1,2,139,320,900,7528,21,7,0,0,0,0,123,0,0,0,0
1325,0,1023,1,30114,0,1,1,2,139,320,900,7528,21,7,0,0,0,0,123,0,0,0,0
1326,0,1023,1,30114,0,1,1,2,139,320,900,7528,21,7,0,0,0,0,123,0,0,0,0
1327,0,1023,1,30114,0,1,1,2,139,320,900,7528,21,7,0,0,0,0,123,0,0,0,0
1328,0,1023,1,30114,0,1,1,2,139,320,900,7528,21,7,0,0,0,0,123,0,0,0,0
1329,0,1023,1,30114,0,1,1,2,139,320,900,7528,21,7,0,0,0,0,123,0,0,0,0
1330,0,1023,1,30114,0,1,1,2,139,320,900,7528,21,7,0,0,0,0,123,0,0,0,0
1331,0,1023,1,30114,0,1,1,2,139,320,900,7528,21,7,0,0,0,0,123,0,0,0,0
1332,0,1023,1,30114,0,1,1,2,139,320,900,7528,21,7,0,0,0,0,123,0,0,0,0
1333,0,1023,1,30114,0,1,1,2,139,320,900,7528,21,7,0,0,0,0,123,0,0,0,0
1334,0,1023,1,30114,0,1,1,2,139,320,900,7528,21,7,0,0,0,0,123,0,0,0,0
1335,0,1023,1,30114,0,1,1,2,139,320,900,7528,21,7,0,0,0,0,123,0,0,0,0
1336,0,1023,1,30114,0,1,1,2,139,320,900,7528,21,7,0,0,0,0,123,0,0,0,0
1337,0,1023,1,30114,0,1,1,2,139,320,900,7528,21,7,0,0,0,0,123,0,0,0,0
1338,0,1023,1,30114,0,1,1,2,139,320,900,7528,21,7,0,0,0,0,123,0,0,0,0
1339,0,1023,1,30114,0,1,1,2,139,320,900,7528,21,7,0,0,0,0,123,0,0,0,0
1340,0,1023,1,30114,0,1,1,2,139,320,900,7528,21,7,0,0,0,0,123,0,0,0,0
1341,0,1023,1,30114,0,1,1,2,139,320,900,7528,21,7,0,0,0,0,123,0,0,0,0
1342,0,1023,1,30114,0,1,1,2,139,320,900,7528,21,7,0,0,0,0,123,0,0,0,0
1343,0,1023,1,30114,0,1,1,2,139,320,900,7528,21,7,0,0,0,0,123,0,0,0,0
1344,0,1023,1,30114,0,1,1,2,139,320,900,7528,21,7,0,0,0,0,123,0,0,0,0
1345,0,1023,1,30114,0,1,1,2,139,320,900,7528,21,7,0,0,0,0,123,0,0,0,0
1346,0,1023,1,30114,0,1,1,2,139,320,900,7528,21,7,0,0,0,0,123,0,0,0,0
1347,0,1023,1,30114,0,1,1,2,139,320,900,7528,21,7,0,0,0,0,123,0,0,0,0
1348,0,1023,1,30114,0,1,1,2,139,320,900,7528,21,7,0,0,0,0,123,0,0,0,0
1349,0,1023,1,30114,0,1,1,2,139,320,900,7528,21,7,0,0,0,0,123,0,0,0,0
1350,0,1023,1,30114,0,1,1,2,139,320,900,7528,21,7,0,0,0,0,123,0,0,0,0
1351,0,1023,1,30114,0,1,1,2,139,320,900,7528,21,7,0,0,0,0,123,0,0,0,0
1352,0,1023,1,30114,0,1,1,2,139,320,900,7528,21,7,0,0,0,0,123,0,0,0,0
1353,0,1023,1,30114,0,1,1,2,139,320,900,7528,21,7,0,0,0,0,123,0,0,0,0
1354,0,1023,1,30114,0,1,1,2,139,320,900,7528,21,7,0,0,0,0,123,0,0,0,0
1355,0,1023,1,30114,0,1,1,2,139,320,900,7528,21,7,0,0,0,0,123,0,0,0,0
1356,0,1023,1,30114,0,1,1,2,139,320,900,7528,21,7,0,0,0,0,123,0,0,0,0
1357,0,1023,1,30114,0,1,1,2,139,320,900,7528,21,7,0,0,0,0,123,0,0,0,0
1358,0,1023,1,30114,0,1,1,2,139,320,900,7528,21,7,0,0,0,0,123,0,0,0,0
1359,0,1023,1,30114,0,1,1,2,139,320,900,7528,21,7,0,0,0,0,123,0,0,0,0
1360,0,1023,1,30114,0,1,1,2,139,320,900,7528,21,7,0,0,0,0,123,0,0,0,0
1361,0,1023,1,30114,0,1,1,2,139,320,900,7528,21,7,0,0,0,0,123,0,0,0,0
1362,0,1023,1,30114,0,1,1,2,139,320,900,7528,21,7,0,0,0,0,123,0,0,0,0
1363,0,1023,1,30114,0,1,1,2,139,320,900,7528,21,7,0,0,0,0,123,0,0,0,0
1364,0,1023,1,30114,0,1,1,2,139,320,900,7528,21,7,0,0,0,0,123,0,0,0,0
1365,0,1023,1,30114,0,1,1,2,139,320,900,7528,21,7,0,0,0,0,123,0,0,0,0
1366,0,1023,1,30114,0,1,1,2,139,320,900,7528,21,7,0,0,0,0,123,0,0,0,0
1367,0,1023,1,30114,0,1,1,2,139,320,900,7528,21,7,0,0,0,0,123,0,0,0,0
1368,0,1023,1,30114,0,1,1,2,139,320,900,7528,21,7,0,0,0,0,123,0,0,0,0
1369,0,1023,1,30114,0,1,1,2,139,320,900,7528,21,7,0,0,0,0,123,0,0,0,0
1370,0,1023,1,30114,0,1,1,2,139,320,900,7528,21,7,0,0,0,0,123,0,0,0,0
1371,0,1023,1,30114,0,1,1,2,139,320,900,7528,21,7,0,0,0,0,123,0,0,0,0
1372,0,1023,1,30114,0,1,1,2,139,320,900,7528,21,7,0,0,0,0,123,0,0,0,0
1373,0,1023,1,30114,0,1,1,2,139,320,900,7528,21,7,0,0,0,0,123,0,0,0,0
1374,0,1023,1,30114,0,1,1,2,139,320,900,7528,21,7,0,0,0,0,123,0,0,0,0
1375,0,1023,1,30114,0,1,1,2,139,320,900,7528,21,7,0,0,0,0,123,0,0,0,0
1376,0,1023,1,30114,0,1,1,2,139,320,900,7528,21,7,0,0,0,0,123,0,0,0,0
1377,0,1023,1,30114,0,1,1,2,139,320,900,7528,21,7,0,0,0,0,123,0,0,0,0
1378,0,1023,1,30114,0,1,1,2,139,320,900,7528,21,7,0,0,0,0,123,0,0,0,0
1379,0,1023,1,30114,0,1,1,2,139,320,900,7528,21,7,0,0,0,0,123,0,0,0,0
1380,0,1023,1,30114,0,1,1,2,139,320,900,7528,21,7,0,0,0,0,123,0,0,0,0
1381,0,1023,1,30114,0,1,1,2,139,320,900,7528,21,7,0,0,0,0,123,0,0,0,0
1382,0,1023,1,30114,0,1,1,2,139,320,900,7528,21,7,0,0,0,0,123,0,0,0,0
1383,0,1023,1,30114,0,1,1,2,139,320,900,7528,21,7,0,0,0,0,123,0,0,0,0
1384,0,1023,1,30114,0,1,1,2,139,320,900,7528,21,7,0,0,0,0,123,0,0,0,0
1385,0,1023,1,30114,0,1,1,2,139,320,900,7528,21,7,0,0,0,0,123,0,0,0,0
1386,0,1023,1,30114,0,1,1,2,139,320,900,7528,21,7,0,0,0,0,123,0,0,0,0
1387,0,1023,1,30114,0,1,1,2,139,320,900,7528,21,7,0,0,0,0,123,0,0,0,0
1388,0,1023,1,30114,0,1,1,2,139,320,900,7528,21,7,0,0,0,0,123,0,0,0,0
1389,0,1023,1,30114,0,1,1,2,139,320,900,7528,21,7,0,0,0,0,123,0,0,0,0
1390,0,1023,1,30114,0,1,1,2,139,320,900,7528,21,7,0,0,0,0,123,0,0,0,0
1391,0,1023,1,30114,0,1,1,2,139,320,900,7528,21,7,0,0,0,0,123,0,0,0,0
1392,0,1023,1,30114,0,1,1,2,139,320,900,7528,21,7,0,0,0,0,123,0,0,0,0
1393,0,1023,1,30114,0,1,1,2,139,320,900,7528,21,7,0,0,0,0,123,0,0,0,0
1394,0,1023,1,30114,0,1,1,2,139,320,900,7528,21,7,0,0,0,0,123,0,0,0,0
1395,0,1023,1,30114,0,1,1,2,139,320,900,7528,21,7,0,0,0,0,123,0,0,0,0
1396,0,1023,1,30114,0,1,1,2,139,320,900,7528,21,7,0,0,0,0,123,0,0,0,0
1397,0,1023,1,30114,0,1,1,2,139,320,900,7528,21,7,0,0,0,0,123,0,0,0,0
1398,0,1023,1,30114,0,1,1,2,139,320,900,7528,21,7,0,0,0,0,123,0,0,0,0
1399,0,1023,1,30114,0,1,1,2,139,320,900,7528,21,7,0,0,0,0,123,0,0,0,0
1400,0,1023,1,30114,0,1,1,2,139,320,900,7528,21,7,0,0,0,0,123,0,0,0,0
1401,0,1023,1,30114,0,1,1,2,139,320,900,7528,21,7,0,0,0,0,123,0,0,0,0
1402,0,1023,1,30114,0,1,1,2,139,320,900,7528,21,7,0,0,0,0,123,0,0,0,0
1403,0,1023,1,30114,0,1,1,2,139,320,900,7528,21,7,0,0,0,0,123,0,0,0,0
1404,0,1023,1,30114,0,1,1,2,139,320,900,7528,21,7,0,0,0,0,123,0,0,0,0
1405,0,1023,1,30114,0,1,1,2,139,320,900,7528,21,7,0,0,0,0,123,0,0,0,0
1406,0,1023,1,30114,0,1,1,2,139,320,900,7528,21,7,0,0,0,0,123,0,0,0,0
1407,0,1023,1,30114,0,1,1,2,139,320,900,7528,21,7,0,0,0,0,123,0,0,0,0
1408,0,1023,1,30114,0,1,1,2,139,320,900,7528,21,7,0,0,0,0,123,0,0,0,0
1409,0,1023,1,30114,0,1,1,2,139,320,900,7528,21,7,0,0,0,0,123,0,0,0,0
1410,0,1023,1,30114,0,1,1,2,139,320,900,7528,21,7,0,0,0,0,123,0,0,0,0
1411,0,1023,1,30114,0,1,1,2,139,320,900,7528,21,7,0,0,0,0,123,0,0,0,0
1412,0,1023,1,30114,0,1,1,2,139,320,900,7528,21,7,0,0,0,0,123,0,0,0,0
1413,0,1023,1,30114,0,1,1,2,139,320,900,7528,21,7,0,0,0,0,123,0,0,0,0
1414,0,1023,1,30114,0,1,1,2,139,320,900,7528,21,7,0,0,0,0,123,0,0,0,0
1415,0,1023,1,30114,0,1,1,2,139,320,900,7528,21,7,0,0,0,0,123,0,0,0,0
1416,0,1023,1,30114,0,1,1,2,139,320,900,7528,21,7,0,0,0,0,123,0,0,0,0
1417,0,1023,1,30114,0,1,1,2,139,320,900,7528,21,7,0,0,0,0,123,0,0,0,0
1418,0,1023,1,30114,0,1,1,2,139,320,900,7528,21,7,0,0,0,0,123,0,0,0,0
1419,0,1023,1,30114,0,1,1,2,139,320,900,7528,21,7,0,0,0,0,123,0,0,0,0
1420,0,1023,1,30114,0,1,1,2,139,320,900,7528,21,7,0,0,0,0,123,0,0,0,0
1421,0,1023,1,30114,0,1,1,2,139,320,900,7528,21,7,0,0,0,0,123,0,0,0,0
1422,0,1023,1,30114,0,1,1,2,139,320,900,7528,21,7,0,0,0,0,123,0,0,0,0
1423,0,1023,1,30114,0,1,1,2,139,320,900,7528,21,7,0,0,0,0,123,0,0,0,0
1424,0,1023,1,30114,0,1,1,2,139,320,900,7528,21,7,0,0,0,0,123,0,0,0,0
1425,0,1023,1,30114,0,1,1,2,139,320,900,7528,21,7,0,0,0,0,123,0,0,0,0
1426,0,1023,1,30114,0,1,1,2,139,320,900,7528,21,7,0,0,0,0,123,0,0,0,0
1427,0,1023,1,30114,0,1,1,2,139,320,900,7528,21,7,0,0,0,0,123,0,0,0,0
1428,0,1023,1,30114,0,1,1,2,139,320,900,7528,21,7,0,0,0,0,123,0,0,0,0
1429,0,1023,1,30114,0,1,1,2,139,320,900,7528,21,7,0,0,0,0,123,0,0,0,0
1430,0,1023,1,30114,0,1,1,2,139,320,900,7528,21,7,0,0,0,0,123,0,0,0,0
1431,0,1023,1,30114,0,1,1,2,139,320,900,7528,21,7,0,0,0,0,123,0,0,0,0
1432,0,1023,1,30114,0,1,1,2,139,320,900,7528,21,7,0,0,0,0,123,0,0,0,0
1433,0,1023,1,30114,0,1,1,2,139,320,900,7528,21,7,0,0,0,0,123,0,0,0,0
1434,0,1023,1,30114,0,1,1,2,139,320,900,7528,21,7,0,0,0,0,123,0,0,0,0
1435,0,1023,1,30114,0,1,1,2,139,320,900,7528,21,7,0,0,0,0,123,0,0,0,0
1436,0,1023,1,30114,0,1,1,2,139,320,900,7528,21,7,0,0,0,0,123,0,0,0,0
1437,0,1023,1,30114,0,1,1,2,139,320,900,7528,21,7,0,0,0,0,123,0,0,0,0
1438,0,1023,1,30114,0,1,1,2,139,320,900,7528,21,7,0,0,0,0,123,0,0,0,0
1439,0,1023,1,30114,0,1,1,2,139,320,900,7528,21,7,0,0,0,0,123,0,0,0,0
1440,0,1023,1,30114,0,1,1,2,139,320,900,7528,21,7,0,0,0,0,123,0,0,0,0
1441,0,1023,1,30114,0,1,1,2,139,320,900,7528,21,7,0,0,0,0,123,0,0,0,0
1442,0,1023,1,30114,0,1,1,2,139,320,900,7528,21,7,0,0,0,0,123,0,0,0,0
1443,0,1023,1,30114,0,1,1,2,139,320,900,7528,21,7,0,0,0,0,123,0,0,0,0
1444,0,1023,1,30114,0,1,1,2,139,320,900,7528,21,7,0,0,0,0,123,0,0,0,0
1445,0,1023,1,30114,0,1,1,2,139,320,900,7528,21,7,0,0,0,0,123,0,0,0,0
1446,0,1023,1,30114,0,1,1,2,139,320,900,7528,21,7,0,0,0,0,123,0,0,0,0
1447,0,1023,1,30114,0,1,1,2,139,320,900,7528,21,7,0,0,0,0,123,0,0,0,0
1448,0,1023,1,30114,0,1,1,2,139,320,900,7528,21,7,0,0,0,0,123,0,0,0,0
1449,0,1023,1,30114,0,1,1,2,139,320,900,7528,21,7,0,0,0,0,123,0,0,0,0
1450,0,1023,1,30114,0,1,1,2,139,320,900,7528,21,7,0,0,0,0,123,0,0,0,0
1451,0,1023,1,30114,0,1,1,2,139,320,900,7528,21,7,0,0,0,0,123,0,0,0,0
1452,0,1023,1,30114,0,1,1,2,139,320,900,7528,21,7,0,0,0,0,123,0,0,0,0
1453,0,1023,1,30114,0,1,1,2,139,320,900,7528,21,7,0,0,0,0,123,0,0,0,0
1454,0,1023,1,30114,0,1,1,2,139,320,900,7528,21,7,0,0,0,0,123,0,0,0,0
1455,0,1023,1,30114,0,1,1,2,139,320,900,7528,21,7,0,0,0,0,123,0,0,0,0
1456,0,1023,1,30114,0,1,1,2,139,320,900,7528,21,7,0,0,0,0,123,0,0,0,0
1457,0,1023,1,30114,0,1,1,2,139,320,900,7528,21,7,0,0,0,0,123,0,0,0,0
1458,0,1023,1,30114,0,1,1,2,139,320,900,7528,21,7,0,0,0,0,123,0,0,0,0
1459,0,1023,1,30114,0,1,1,2,139,320,900,7528,21,7,0,0,0,0,123,0,0,0,0
1460,0,1023,1,30114,0,1,1,2,139,320,900,7528,21,7,0,0,0,0,123,0,0,0,0
1461,0,1023,1,30114,0,1,1,2,139,320,900,7528,21,7,0,0,0,0,123,0,0,0,0
1462,0,1023,1,30114,0,1,1,2,139,320,900,7528,21,7,0,0,0,0,123,0,0,0,0
1463,0,1023,1,30114,0,1,1,2,139,320,900,7528,21,7,0,0,0,0,123,0,0,0,0
1464,0,1023,1,30114,0,1,1,2,139,320,900,7528,21,7,0,0,0,0,123,0,0,0,0
1465,0,1023,1,30114,0,1,1,2,139,320,900,7528,21,7,0,0,0,0,123,0,0,0,0
1466,0,1023,1,30114,0,1,1,2,139,320,900,7528,21,7,0,0,0,0,123,0,0,0,0
1467,0,1023,1,30114,0,1,1,2,139,320,900,7528,21,7,0,0,0,0,123,0,0,0,0
1468,0,1023,1,30114,0,1,1,2,139,320,900,7528,21,7,0,0,0,0,123,0,0,0,0
1469,0,1023,1,30114,0,1,1,2,139,320,900,7528,21,7,0,0,0,0,123,0,0,0,0
1470,0,1023,1,30114,0,1,1,2,139,320,900,7528,21,7,0,0,0,0,123,0,0,0,0
1471,0,1023,1,30114,0,1,1,2,139,320,900,7528,21,7,0,0,0,0,123,0,0,0,0
1472,0,1023,1,30114,0,1,1,2,139,320,900,7528,21,7,0,0,0,0,123,0,0,0,0
1473,0,1023,1,30114,0,1,1,2,139,320,900,7528,21,7,0,0,0,0,123,0,0,0,0
1474,0,1023,1,30114,0,1,1,2,139,320,900,7528,21,7,0,0,0,0,123,0,0,0,0
1475,0,1023,1,30114,0,1,1,2,139,320,900,7528,21,7,0,0,0,0,123,0,0,0,0
1476,0,1023,1,30114,0,1,1,2,139,320,900,7528,21,7,0,0,0,0,123,0,0,0,0
1477,0,1023,1,30114,0,1,1,2,139,320,900,7528,21,7,0,0,0,0,123,0,0,0,0
1478,0,1023,1,30114,0,1,1,2,139,320,900,7528,21,7,0,0,0,0,123,0,0,0,0
1479,0,1023,1,30114,0,1,1,2,139,320,900,7528,21,7,0,0,0,0,123,0,0,0,0
1480,0,1023,1,30114,0,1,1,2,139,320,900,7528,21,7,0,0,0,0,123,0,0,0,0
1481,0,1023,1,30114,0,1,1,2,139,320,900,7528,21,7,0,0,0,0,123,0,0,0,0
1482,0,1023,1,30114,0,1,1,2,139,320,900,7528,21,7,0,0,0,0,123,0,0,0,0
1483,0,1023,1,30114,0,1,1,2,139,320,900,7528,21,7,0,0,0,0,123,0,0,0,0
1484,0,1023,1,30114,0,1,1,2,139,320,900,7528,21,7,0,0,0,0,123,0,0,0,0
1485,0,1023,1,30114,0,1,1,2,139,320,900,7528,21,7,0,0,0,0,123,0,0,0,0
1486,0,1023,1,30114,0,1,1,2,139,320,900,7528,21,7,0,0,0,0,123,0,0,0,0
1487,0,1023,1,30114,0,1,1,2,139,320,900,7528,21,7,0,0,0,0,123,0,0,0,0
1488,0,1023,1,30114,0,1,1,2,139,320,900,7528,21,7,0,0,0,0,123,0,0,0,0
1489,0,1023,1,30114,0,1,1,2,139,320,900,7528,21,7,0,0,0,0,123,0,0,0,0
1490,0,1023,1,30114,0,1,1,2,139,320,900,7528,21,7,0,0,0,0,123,0,0,0,0
1491,0,1023,1,30114,0,1,1,2,139,320,900,7528,21,7,0,0,0,0,123,0,0,0,0
1492,0,1023,1,30114,0,1,1,2,139,320,900,7528,21,7,0,0,0,0,123,0,0,0,0
1493,0,1023,1,30114,0,1,1,2,139,320,900,7528,21,7,0,0,0,0,123,0,0,0,0
1494,0,1023,1,30114,0,1,1,2,139,320,900,7528,21,7,0,0,0,0,123,0,0,0,0
1495,0,1023,1,30114,0,1,1,2,139,320,900,7528,21,7,0,0,0,0,123,0,0,0,0
1496,0,1023,1,30114,0,1,1,2,139,320,900,7528,21,7,0,0,0,0,123,0,0,0,0
1497,0,1023,1,30114,0,1,1,2,139,320,900,7528,21,7,0,0,0,0,123,0,0,0,0
1498,0,1023,1,30114,0,1,1,2,139,320,900,7528,21,7,0,0,0,0,123,0,0,0,0
1499,0,1023,1,30114,0,1,1,2,139,320,900,7528,21,7,0,0,0,0,123,0,0,0,0
1500,0,1023,1,30114,0,1,1,2,139,320,900,7528,21,7,0,0,0,0,123,0,0,0,0
1501,0,1023,1,30114,0,1,1,2,139,320,900,7528,21,7,0,0,0,0,123,0,0,0,0
1502,0,1023,1,30114,0,1,1,2,139,320,900,7528,21,7,0,0,0,0,123,0,0,0,0
1503,0,1023,1,30114,0,1,1,2,139,320,900,7528,21,7,0,0,0,0,123,0,0,0,0
1504,0,1023,1,30114,0,1,1,2,139,320,900,7528,21,7,0,0,0,0,123,0,0,0,0
1505,0,1023,1,30114,0,1,1,2,139,320,900,7528,21,7,0,0,0,0,123,0,0,0,0
1506,0,1023,1,30114,0,1,1,2,139,320,900,7528,21,7,0,0,0,0,123,0,0,0,0
1507,0,1023,1,30114,0,1,1,2,139,320,900,7528,21,7,0,0,0,0,123,0,0,0,0
1508,0,1023,1,30114,0,1,1,2,139,320,900,7528,21,7,0,0,0,0,123,0,0,0,0
1509,0,1023,1,30114,0,1,1,2,139,320,900,7528,21,7,0,0,0,0,123,0,0,0,0
1510,0,1023,1,30114,0,1,1,2,139,320,900,7528,21,7,0,0,0,0,123,0,0,0,0
1511,0,1023,1,30114,0,1,1,2,139,320,900,7528,21,7,0,0,0,0,123,0,0,0,0
1512,0,1023,1,30114,0,1,1,2,139,320,900,7528,21,7,0,0,0,0,123,0,0,0,0
1513,0,1023,1,30114,0,1,1,2,139,320,900,7528,21,7,0,0,0,0,123,0,0,0,0
1514,0,1023,1,30114,0,1,1,2,139,320,900,7528,21,7,0,0,0,0,123,0,0,0,0
1515,0,1023,1,30114,0,1,1,2,139,320,900,7528,21,7,0,0,0,0,123,0,0,0,0
1516,0,1023,1,30114,0,1,1,2,139,320,900,7528,21,7,0,0,0,0,123,0,0,0,0
1517,0,1023,1,30114,0,1,1,2,139,320,900,7528,21,7,0,0,0,0,123,0,0,0,0
1518,0,1023,1,30114,0,1,1,2,139,320,900,7528,21,7,0,0,0,0,123,0,0,0,0
1519,0,1023,1,30114,0,1,1,2,139,320,900,7528,21,7,0,0,0,0,123,0,0,0,0
1520,0,1023,1,30114,0,1,1,2,139,320,900,7528,21,7,0,0,0,0,123,0,0,0,0
1521,0,1023,1,30114,0,1,1,2,139,320,900,7528,21,7,0,0,0,0,123,0,0,0,0
1522,0,1023,1,30114,0,1,1,2,139,320,900,7528,21,7,0,0,0,0,123,0,0,0,0
1523,0,1023,1,30114,0,1,1,2,139,320,900,7528,21,7,0,0,0,0,123,0,0,0,0
1524,0,1023,1,30114,0,1,1,2,139,320,900,7528,21,7,0,0,0,0,123,0,0,0,0
1525,0,1023,1,30114,0,1,1,2,139,320,900,7528,21,7,0,0,0,0,123,0,0,0,0
1526,0,1023,1,30114,0,1,1,2,139,320,900,7528,21,7,0,0,0,0,123,0,0,0,0
1527,0,1023,1,30114,0,1,1,2,139,320,900,7528,21,7,0,0,0,0,123,0,0,0,0
1528,0,1023,1,30114,0,1,1,2,139,320,900,7528,21,7,0,0,0,0,123,0,0,0,0
1529,0,1023,1,30114,0,1,1,2,139,320,900,7528,21,7,0,0,0,0,123,0,0,0,0
1530,0,1023,1,30114,0,1,1,2,139,320,900,7528,21,7,0,0,0,0,123,0,0,0,0
1531,0,1023,1,30114,0,1,1,2,139,320,900,7528,21,7,0,0,0,0,123,0,0,0,0
1532,0,1023,1,30114,0,1,1,2,139,320,900,7528,21,7,0,0,0,0,123,0,0,0,0
1533,0,1023,1,30114,0,1,1,2,139,320,900,7528,21,7,0,0,0,0,123,0,0,0,0
1534,0,1023,1,30114,0,1,1,2,139,320,900,7528,21,7,0,0,0,0,123,0,0,0,0
1535,0,1023,1,30114,0,1,1,2,139,320,900,7528,21,7,0,0,0,0,123,0,0,0,0
1536,0,1023,1,30114,0,1,1,2,139,320,900,7528,21,7,0,0,0,0,123,0,0,0,0
1537,0,1023,1,30114,0,1,1,2,139,320,900,7528,21,7,0,0,0,0,123,0,0,0,0
1538,0,1023,1,30114,0,1,1,2,139,320,900,7528,21,7,0,0,0,0,123,0,0,0,0
1539,0,1023,1,30114,0,1,1,2,139,320,900,7528,21,7,0,0,0,0,123,0,0,0,0
1540,0,1023,1,30114,0,1,1,2,139,320,900,7528,21,7,0,0,0,0,123,0,0,0,0
1541,0,1023,1,30114,0,1,1,2,139,320,900,7528,21,7,0,0,0,0,123,0,0,0,0
1542,0,1023,1,30114,0,1,1,2,139,320,900,7528,21,7,0,0,0,0,123,0,0,0,0
1543,0,1023,1,30114,0,1,1,2,139,320,900,7528,21,7,0,0,0,0,123,0,0,0,0
1544,0,1023,1,30114,0,1,1,2,139,320,900,7528,21,7,0,0,0,0,123,0,0,0,0
1545,0,1023,1,30114,0,1,1,2,139,320,900,7528,21,7,0,0,0,0,123,0,0,0,0
1546,0,1023,1,30114,0,1,1,2,139,320,900,7528,21,7,0,0,0,0,123,0,0,0,0
1547,0,1023,1,30114,0,1,1,2,139,320,900,7528,21,7,0,0,0,0,123,0,0,0,0
1548,0,1023,1,30114,0,1,1,2,139,320,900,7528,21,7,0,0,0,0,123,0,0,0,0
1549,0,1023,1,30114,0,1,1,2,139,320,900,7528,21,7,0,0,0,0,123,0,0,0,0
1550,0,1023,1,30114,0,1,1,2,139,320,900,7528,21,7,0,0,0,0,123,0,0,0,0
1551,0,1023,1,30114,0,1,1,2,139,320,900,7528,21,7,0,0,0,0,123,0,0,0,0
1552,0,1023,1,30114,0,1,1,2,139,320,900,7528,21,7,0,0,0,0,123,0,0,0,0
1553,0,1023,1,30114,0,1,1,2,139,320,900,7528,21,7,0,0,0,0,123,0,0,0,0
1554,0,1023,1,30114,0,1,1,2,139,320,900,7528,21,7,0,0,0,0,123,0,0,0,0
1555,0,1023,1,30114,0,1,1,2,139,320,900,7528,21,7,0,0,0,0,123,0,0,0,0
1556,0,1023,1,30114,0,1,1,2,139,320,900,7528,21,7,0,0,0,0,123,0,0,0,0
1557,0,1023,1,30114,0,1,1,2,139,320,900,7528,21,7,0,0,0,0,123,0,0,0,0
1558,0,1023,1,30114,0,1,1,2,139,320,900,7528,21,7,0,0,0,0,123,0,0,0,0
1559,0,1023,1,30114,0,1,1,2,139,320,900,7528,21,7,0,0,0,0,123,0,0,0,0
1560,0,1023,1,30114,0,1,1,2,139,320,900,7528,21,7,0,0,0,0,123,0,0,0,0
1561,0,1023,1,30114,0,1,1,2,139,320,900,7528,21,7,0,0,0,0,123,0,0,0,0
1562,0,1023,1,30114,0,1,1,2,139,320,900,7528,21,7,0,0,0,0,123,0,0,0,0
1563,0,1023,1,30114,0,1,1,2,139,320,900,7528,21,7,0,0,0,0,123,0,0,0,0
1564,0,1023,1,30114,0,1,1,2,139,320,900,7528,21,7,0,0,0,0,123,0,0,0,0
1565,0,1023,1,30114,0,1,1,2,139,320,900,7528,21,7,0,0,0,0,123,0,0,0,0
1566,0,1023,1,30114,0,1,1,2,139,320,900,7528,21,7,0,0,0,0,123,0,0,0,0
1567,0,1023,1,30114,0,1,1,2,139,320,900,7528,21,7,0,0,0,0,123,0,0,0,0
1568,0,1023,1,30114,0,1,1,2,139,320,900,7528,21,7,0,0,0,0,123,0,0,0,0
1569,0,1023,1,30114,0,1,1,2,139,320,900,7528,21,7,0,0,0,0,123,0,0,0,0
1570,0,1023,1,30114,0,1,1,2,139,320,900,7528,21,7,0,0,0,0,123,0,0,0,0
1571,0,1023,1,30114,0,1,1,2,139,320,900,7528,21,7,0,0,0,0,123,0,0,0,0
1572,0,1023,1,30114,0,1,1,2,139,320,900,7528,21,7,0,0,0,0,123,0,0,0,0
1573,0,1023,1,30114,0,1,1,2,139,320,900,7528,21,7,0,0,0,0,123,0,0,0,0
1574,0,1023,1,30114,0,1,1,2,139,320,900,7528,21,7,0,0,0,0,123,0,0,0,0
1575,0,1023,1,30114,0,1,1,2,139,320,900,7528,21,7,0,0,0,0,123,0,0,0,0
1576,0,1023,1,30114,0,1,1,2,139,320,900,7528,21,7,0,0,0,0,123,0,0,0,0
1577,0,1023,1,30114,0,1,1,2,139,320,900,7528,21,7,0,0,0,0,123,0,0,0,0
1578,0,1023,1,30114,0,1,1,2,139,320,900,7528,21,7,0,0,0,0,123,0,0,0,0
1579,0,1023,1,30114,0,1,1,2,139,320,900,7528,21,7,0,0,0,0,123,0,0,0,0
1580,0,1023,1,30114,0,1,1,2,139,320,900,7528,21,7,0,0,0,0,123,0,0,0,0
1581,0,1023,1,30114,0,1,1,2,139,320,900,7528,21,7,0,0,0,0,123,0,0,0,0
1582,0,1023,1,30114,0,1,1,2,139,320,900,7528,21,7,0,0,0,0,123,0,0,0,0
1583,0,1023,1,30114,0,1,1,2,139,320,900,7528,21,7,0,0,0,0,123,0,0,0,0
1584,0,1023,1,30114,0,1,1,2,139,320,900,7528,21,7,0,0,0,0,123,0,0,0,0
1585,0,1023,1,30114,0,1,1,2,139,320,900,7528,21,7,0,0,0,0,123,0,0,0,0
1586,0,1023,1,30114,0,1,1,2,139,320,900,7528,21,7,0,0,0,0,123,0,0,0,0
1587,0,1023,1,30114,0,1,1,2,139,320,900,7528,21,7,0,0,0,0,123,0,0,0,0
1588,0,1023,1,30114,0,1,1,2,139,320,900,7528,21,7,0,0,0,0,123,0,0,0,0
1589,0,1023,1,30114,0,1,1,2,139,320,900,7528,21,7,0,0,0,0,123,0,0,0,0
1590,0,1023,1,30114,0,1,1,2,139,320,900,7528,21,7,0,0,0,0,123,0,0,0,0
1591,0,1023,1,30114,0,1,1,2,139,320,900,7528,21,7,0,0,0,0,123,0,0,0,0
1592,0,1023,1,30114,0,1,1,2,139,320,900,7528,21,7,0,0,0,0,123,0,0,0,0
1593,0,1023,1,30114,0,1,1,2,139,320,900,7528,21,7,0,0,0,0,123,0,0,0,0
1594,0,1023,1,30114,0,1,1,2,139,320,900,7528,21,7,0,0,0,0,123,0,0,0,0
1595,0,1023,1,30114,0,1,1,2,139,320,900,7528,21,7,0,0,0,0,123,0,0,0,0
1596,0,1023,1,30114,0,1,1,2,139,320,900,7528,21,7,0,0,0,0,123,0,0,0,0
1597,0,1023,1,30114,0,1,1,2,139,320,900,7528,21,7,0,0,0,0,123,0,0,0,0
1598,0,1023,1,30114,0,1,1,2,139,320,900,7528,21,7,0,0,0,0,123,0,0,0,0
1599,0,1023,1,30114,0,1,1,2,139,320,900,7528,21,7,0,0,0,0,123,0,0,0,0
1600,0,1023,1,30114,0,1,1,2,139,320,900,7528,21,7,0,0,0,0,123,0,0,0,0
1601,0,1023,1,30114,0,1,1,2,139,320,900,7528,21,7,0,0,0,0,123,0,0,0,0
1602,0,1023,1,30114,0,1,1,2,139,320,900,7528,21,7,0,0,0,0,123,0,0,0,0
1603,0,1023,1,30114,0,1,1,2,139,320,900,7528,21,7,0,0,0,0,123,0,0,0,0
1604,0,1023,1,30114,0,1,1,2,139,320,900,7528,21,7,0,0,0,0,123,0,0,0,0
1605,0,1023,1,30114,0,1,1,2,139,320,900,7528,21,7,0,0,0,0,123,0,0,0,0
1606,0,1023,1,30114,0,1,1,2,139,320,900,7528,21,7,0,0,0,0,123,0,0,0,0
1607,0,1023,1,30114,0,1,1,2,139,320,900,7528,21,7,0,0,0,0,123,0,0,0,0
1608,0,1023,1,30114,0,1,1,2,139,320,900,7528,21,7,0,0,0,0,123,0,0,0,0
1609,0,1023,1,30114,0,1,1,2,139,320,900,7528,21,7,0,0,0,0,123,0,0,0,0
1610,0,1023,1,30114,0,1,1,2,139,320,900,7528,21,7,0,0,0,0,123,0,0,0,0
1611,0,1023,1,30114,0,1,1,2,139,320,900,7528,21,7,0,0,0,0,123,0,0,0,0
1612,0,1023,1,30114,0,1,1,2,139,320,900,7528,21,7,0,0,0,0,123,0,0,0,0
1613,0,1023,1,30114,0,1,1,2,139,320,900,7528,21,7,0,0,0,0,123,0,0,0,0
1614,0,1023,1,30114,0,1,1,2,139,320,900,7528,21,7,0,0,0,0,123,0,0,0,0
1615,0,1023,1,30114,0,1,1,2,139,320,900,7528,21,7,0,0,0,0,123,0,0,0,0
1616,0,1023,1,30114,0,1,1,2,139,320,900,7528,21,7,0,0,0,0,123,0,0,0,0
1617,0,1023,1,30114,0,1,1,2,139,320,900,7528,21,7,0,0,0,0,123,0,0,0,0
1618,0,1023,1,30114,0,1,1,2,139,320,900,7528,21,7,0,0,0,0,123,0,0,0,0
1619,0,1023,1,30114,0,1,1,2,139,320,900,7528,21,7,0,0,0,0,123,0,0,0,0
1620,0,1023,1,30114,0,1,1,2,139,320,900,7528,21,7,0,0,0,0,123,0,0,0,0
1621,0,1023,1,30114,0,1,1,2,139,320,900,7528,21,7,0,0,0,0,123,0,0,0,0
1622,0,1023,1,30114,0,1,1,2,139,320,900,7528,21,7,0,0,0,0,123,0,0,0,0
1623,0,1023,1,30114,0,1,1,2,139,320,900,7528,21,7,0,0,0,0,123,0,0,0,0
1624,0,1023,1,30114,0,1,1,2,139,320,900,7528,21,7,0,0,0,0,123,0,0,0,0
1625,0,1023,1,30114,0,1,1,2,139,320,900,7528,21,7,0,0,0,0,123,0,0,0,0
1626,0,1023,1,30114,0,1,1,2,139,320,900,7528,21,7,0,0,0,0,123,0,0,0,0
1627,0,1023,1,30114,0,1,1,2,139,320,900,7528,21,7,0,0,0,0,123,0,0,0,0
1628,0,1023,1,30114,0,1,1,2,139,320,900,7528,21,7,0,0,0,0,123,0,0,0,0
1629,0,1023,1,30114,0,1,1,2,139,320,900,7528,21,7,0,0,0,0,123,0,0,0,0
1630,0,1023,1,30114,0,1,1,2,139,320,900,7528,21,7,0,0,0,0,123,0,0,0,0
1631,0,1023,1,30114,0,1,1,2,139,320,900,7528,21,7,0,0,0,0,123,0,0,0,0
1632,0,1023,1,30114,0,1,1,2,139,320,900,7528,21,7,0,0,0,0,123,0,0,0,0
1633,0,1023,1,30114,0,1,1,2,139,320,900,7528,21,7,0,0,0,0,123,0,0,0,0
1634,0,1023,1,30114,0,1,1,2,139,320,900,7528,21,7,0,0,0,0,123,0,0,0,0
1635,0,1023,1,30114,0,1,1,2,139,320,900,7528,21,7,0,0,0,0,123,0,0,0,0
1636,0,1023,1,30114,0,1,1,2,139,320,900,7528,21,7,0,0,0,0,123,0,0,0,0
1637,0,1023,1,30114,0,1,1,2,139,320,900,7528,21,7,0,0,0,0,123,0,0,0,0
1638,0,1023,1,30114,0,1,1,2,139,320,900,7528,21,7,0,0,0,0,123,0,0,0,0
1639,0,1023,1,30114,0,1,1,2,139,320,900,7528,21,7,0,0,0,0,123,0,0,0,0
1640,0,1023,1,30114,0,1,1,2,139,320,900,7528,21,7,0,0,0,0,123,0,0,0,0
1641,0,1023,1,30114,0,1,1,2,139,320,900,7528,21,7,0,0,0,0,123,0,0,0,0
1642,0,1023,1,30114,0,1,1,2,139,320,900,7528,21,7,0,0,0,0,123,0,0,0,0
1643,0,1023,1,30114,0,1,1,2,139,320,900,7528,21,7,0,0,0,0,123,0,0,0,0
1644,0,1023,1,30114,0,1,1,2,139,320,900,7528,21,7,0,0,0,0,123,0,0,0,0
1645,0,1023,1,30114,0,1,1,2,139,320,900,7528,21,7,0,0,0,0,123,0,0,0,0
1646,0,1023,1,30114,0,1,1,2,139,320,900,7528,21,7,0,0,0,0,123,0,0,0,0
1647,0,1023,1,30114,0,1,1,2,139,320,900,7528,21,7,0,0,0,0,123,0,0,0,0
1648,0,1023,1,30114,0,1,1,2,139,320,900,7528,21,7,0,0,0,0,123,0,0,0,0
1649,0,1023,1,30114,0,1,1,2,139,320,900,7528,21,7,0,0,0,0,123,0,0,0,0
1650,0,1023,1,30114,0,1,1,2,139,320,900,7528,21,7,0,0,0,0,123,0,0,0,0
1651,0,1023,1,30114,0,1,1,2,139,320,900,7528,21,7,0,0,0,0,123,0,0,0,0
1652,0,1023,1,30114,0,1,1,2,139,320,900,7528,21,7,0,0,0,0,123,0,0,0,0
1653,0,1023,1,30114,0,1,1,2,139,320,900,7528,21,7,0,0,0,0,123,0,0,0,0
1654,0,1023,1,30114,0,1,1,2,139,320,900,7528,21,7,0,0,0,0,123,0,0,0,0
1655,0,1023,1,30114,0,1,1,2,139,320,900,7528,21,7,0,0,0,0,123,0,0,0,0
1656,0,1023,1,30114,0,1,1,2,139,320,900,7528,21,7,0,0,0,0,123,0,0,0,0
1657,0,1023,1,30114,0,1,1,2,139,320,900,7528,21,7,0,0,0,0,123,0,0,0,0
1658,0,1023,1,30114,0,1,1,2,139,320,900,7528,21,7,0,0,0,0,123,0,0,0,0
1659,0,1023,1,30114,0,1,1,2,139,320,900,7528,21,7,0,0,0,0,123,0,0,0,0
1660,0,1023,1,30114,0,1,1,2,139,320,900,7528,21,7,0,0,0,0,123,0,0,0,0
1661,0,1023,1,30114,0,1,1,2,139,320,900,7528,21,7,0,0,0,0,123,0,0,0,0
1662,0,1023,1,30114,0,1,1,2,139,320,900,7528,21,7,0,0,0,0,123,0,0,0,0
1663,0,1023,1,30114,0,1,1,2,139,320,900,7528,21,7,0,0,0,0,123,0,0,0,0
1664,0,1023,1,30114,0,1,1,2,139,320,900,7528,21,7,0,0,0,0,123,0,0,0,0
1665,0,1023,1,30114,0,1,1,2,139,320,900,7528,21,7,0,0,0,0,123,0,0,0,0
1666,0,1023,1,30114,0,1,1,2,139,320,900,7528,21,7,0,0,0,0,123,0,0,0,0
1667,0,1023,1,30114,0,1,1,2,139,320,900,7528,21,7,0,0,0,0,123,0,0,0,0
1668,0,1023,1,30114,0,1,1,2,139,320,900,7528,21,7,0,0,0,0,123,0,0,0,0
1669,0,1023,1,30114,0,1,1,2,139,320,900,7528,21,7,0,0,0,0,123,0,0,0,0
1670,0,1023,1,30114,0,1,1,2,139,320,900,7528,21,7,0,0,0,0,123,0,0,0,0
1671,0,1023,1,30114,0,1,1,2,139,320,900,7528,21,7,0,0,0,0,123,0,0,0,0
1672,0,1023,1,30114,0,1,1,2,139,320,900,7528,21,7,0,0,0,0,123,0,0,0,0
1673,0,1023,1,30114,0,1,1,2,139,320,900,7528,21,7,0,0,0,0,123,0,0,0,0
1674,0,1023,1,30114,0,1,1,2,139,320,900,7528,21,7,0,0,0,0,123,0,0,0,0
1675,0,1023,1,30114,0,1,1,2,139,320,900,7528,21,7,0,0,0,0,123,0,0,0,0
1676,0,1023,1,30114,0,1,1,2,139,320,900,7528,21,7,0,0,0,0,123,0,0,0,0
1677,0,1023,1,30114,0,1,1,2,139,320,900,7528,21,7,0,0,0,0,123,0,0,0,0
1678,0,1023,1,30114,0,1,1,2,139,320,900,7528,21,7,0,0,0,0,123,0,0,0,0
1679,0,1023,1,30114,0,1,1,2,139,320,900,7528,21,7,0,0,0,0,123,0,0,0,0
1680,0,1023,1,30114,0,1,1,2,139,320,900,7528,21,7,0,0,0,0,123,0,0,0,0
1681,0,1023,1,30114,0,1,1,2,139,320,900,7528,21,7,0,0,0,0,123,0,0,0,0
1682,0,1023,1,30114,0,1,1,2,139,320,900,7528,21,7,0,0,0,0,123,0,0,0,0
1683,0,1023,1,30114,0,1,1,2,139,320,900,7528,21,7,0,0,0,0,123,0,0,0,0
1684,0,1023,1,30114,0,1,1,2,139,320,900,7528,21,7,0,0,0,0,123,0,0,0,0
1685,0,1023,1,30114,0,1,1,2,139,320,900,7528,21,7,0,0,0,0,123,0,0,0,0
1686,0,1023,1,30114,0,1,1,2,139,320,900,7528,21,7,0,0,0,0,123,0,0,0,0
1687,0,1023,1,30114,0,1,1,2,139,320,900,7528,21,7,0,0,0,0,123,0,0,0,0
1688,0,1023,1,30114,0,1,1,2,139,320,900,7528,21,7,0,0,0,0,123,0,0,0,0
1689,0,1023,1,30114,0,1,1,2,139,320,900,7528,21,7,0,0,0,0,123,0,0,0,0
1690,0,1023,1,30114,0,1,1,2,139,320,900,7528,21,7,0,0,0,0,123,0,0,0,0
1691,0,1023,1,30114,0,1,1,2,139,320,900,7528,21,7,0,0,0,0,123,0,0,0,0
1692,0,1023,1,30114,0,1,1,2,139,320,900,7528,21,7,0,0,0,0,123,0,0,0,0
1693,0,1023,1,30114,0,1,1,2,139,320,900,7528,21,7,0,0,0,0,123,0,0,0,0
1694,0,1023,1,30114,0,1,1,2,139,320,900,7528,21,7,0,0,0,0,123,0,0,0,0
1695,0,1023,1,30114,0,1,1,2,139,320,900,7528,21,7,0,0,0,0,123,0,0,0,0
1696,0,1023,1,30114,0,1,1,2,139,320,900,7528,21,7,0,0,0,0,123,0,0,0,0
1697,0,1023,1,30114,0,1,1,2,139,320,900,7528,21,7,0,0,0,0,123,0,0,0,0
1698,0,1023,1,30114,0,1,1,2,139,320,900,7528,21,7,0,0,0,0,123,0,0,0,0
1699,0,1023,1,30114,0,1,1,2,139,320,900,7528,21,7,0,0,0,0,123,0,0,0,0
1700,0,1023,1,30114,0,1,1,2,139,320,900,7528,21,7,0,0,0,0,123,0,0,0,0
1701,0,1023,1,30114,0,1,1,2,139,320,900,7528,21,7,0,0,0,0,123,0,0,0,0
1702,0,1023,1,30114,0,1,1,2,139,320,900,7528,21,7,0,0,0,0,123,0,0,0,0
1703,0,1023,1,30114,0,1,1,2,139,320,900,7528,21,7,0,0,0,0,123,0,0,0,0
1704,0,1023,1,30114,0,1,1,2,139,320,900,7528,21,7,0,0,0,0,123,0,0,0,0
1705,0,1023,1,30114,0,1,1,2,139,320,900,7528,21,7,0,0,0,0,123,0,0,0,0
1706,0,1023,1,30114,0,1,1,2,139,320,900,7528,21,7,0,0,0,0,123,0,0,0,0
1707,0,1023,1,30114,0,1,1,2,139,320,900,7528,21,7,0,0,0,0,123,0,0,0,0
1708,0,1023,1,30114,0,1,1,2,139,320,900,7528,21,7,0,0,0,0,123,0,0,0,0
1709,0,1023,1,30114,0,1,1,2,139,320,900,7528,21,7,0,0,0,0,123,0,0,0,0
1710,0,1023,1,30114,0,1,1,2,139,320,900,7528,21,7,0,0,0,0,123,0,0,0,0
1711,0,1023,1,30114,0,1,1,2,139,320,900,7528,21,7,0,0,0,0,123,0,0,0,0
1712,0,1023,1,30114,0,1,1,2,139,320,900,7528,21,7,0,0,0,0,123,0,0,0,0
1713,0,1023,1,30114,0,1,1,2,139,320,900,7528,21,7,0,0,0,0,123,0,0,0,0
1714,0,1023,1,30114,0,1,1,2,139,320,900,7528,21,7,0,0,0,0,123,0,0,0,0
1715,0,1023,1,30114,0,1,1,2,139,320,900,7528,21,7,0,0,0,0,123,0,0,0,0
1716,0,1023,1,30114,0,1,1,2,139,320,900,7528,21,7,0,0,0,0,123,0,0,0,0
1717,0,1023,1,30114,0,1,1,2,139,320,900,7528,21,7,0,0,0,0,123,0,0,0,0
1718,0,1023,1,30114,0,1,1,2,139,320,900,7528,21,7,0,0,0,0,123,0,0,0,0
1719,0,1023,1,30114,0,1,1,2,139,320,900,7528,21,7,0,0,0,0,123,0,0,0,0
1720,0,1023,1,30114,0,1,1,2,139,320,900,7528,21,7,0,0,0,0,123,0,0,0,0
1721,0,1023,1,30114,0,1,1,2,139,320,900,7528,21,7,0,0,0,0,123,0,0,0,0
1722,0,1023,1,30114,0,1,1,2,139,320,900,7528,21,7,0,0,0,0,123,0,0,0,0
1723,0,1023,1,30114,0,1,1,2,139,320,900,7528,21,7,0,0,0,0,123,0,0,0,0
1724,0,1023,1,30114,0,1,1,2,139,320,900,7528,21,7,0,0,0,0,123,0,0,0,0
1725,0,1023,1,30114,0,1,1,2,139,320,900,7528,21,7,0,0,0,0,123,0,0,0,0
1726,0,1023,1,30114,0,1,1,2,139,320,900,7528,21,7,0,0,0,0,123,0,0,0,0
1727,0,1023,1,30114,0,1,1,2,139,320,900,7528,21,7,0,0,0,0,123,0,0,0,0
1728,0,1023,1,30114,0,1,1,2,139,320,900,7528,21,7,0,0,0,0,123,0,0,0,0
1729,0,1023,1,30114,0,1,1,2,139,320,900,7528,21,7,0,0,0,0,123,0,0,0,0
1730,0,1023,1,30114,0,1,1,2,139,320,900,7528,21,7,0,0,0,0,123,0,0,0,0
1731,0,1023,1,30114,0,1,1,2,139,320,900,7528,21,7,0,0,0,0,123,0,0,0,0
1732,0,1023,1,30114,0,1,1,2,139,320,900,7528,21,7,0,0,0,0,123,0,0,0,0
1733,0,1023,1,30114,0,1,1,2,139,320,900,7528,21,7,0,0,0,0,123,0,0,0,0
1734,0,1023,1,30114,0,1,1,2,139,320,900,7528,21,7,0,0,0,0,123,0,0,0,0
1735,0,1023,1,30114,0,1,1,2,139,320,900,7528,21,7,0,0,0,0,123,0,0,0,0
1736,0,1023,1,30114,0,1,1,2,139,320,900,7528,21,7,0,0,0,0,123,0,0,0,0
1737,0,1023,1,30114,0,1,1,2,139,320,900,7528,21,7,0,0,0,0,123,0,0,0,0
1738,0,1023,1,30114,0,1,1,2,139,320,900,7528,21,7,0,0,0,0,123,0,0,0,0
1739,0,1023,1,30114,0,1,1,2,139,320,900,7528,21,7,0,0,0,0,123,0,0,0,0
1740,0,1023,1,30114,0,1,1,2,139,320,900,7528,21,7,0,0,0,0,123,0,0,0,0
1741,0,1023,1,30114,0,1,1,2,139,320,900,7528,21,7,0,0,0,0,123,0,0,0,0
1742,0,1023,1,30114,0,1,1,2,139,320,900,7528,21,7,0,0,0,0,123,0,0,0,0
1743,0,1023,1,30114,0,1,1,2,139,320,900,7528,21,7,0,0,0,0,123,0,0,0,0
1744,0,1023,1,30114,0,1,1,2,139,320,900,7528,21,7,0,0,0,0,123,0,0,0,0
1745,0,1023,1,30114,0,1,1,2,139,320,900,7528,21,7,0,0,0,0,123,0,0,0,0
1746,0,1023,1,30114,0,1,1,2,139,320,900,7528,21,7,0,0,0,0,123,0,0,0,0
1747,0,1023,1,30114,0,1,1,2,139,320,900,7528,21,7,0,0,0,0,123,0,0,0,0
1748,0,1023,1,30114,0,1,1,2,139,320,900,7528,21,7,0,0,0,0,123,0,0,0,0
1749,0,1023,1,30114,0,1,1,2,139,320,900,7528,21,7,0,0,0,0,123,0,0,0,0
1750,0,1023,1,30114,0,1,1,2,139,320,900,7528,21,7,0,0,0,0,123,0,0,0,0
1751,0,1023,1,30114,0,1,1,2,139,320,900,7528,21,7,0,0,0,0,123,0,0,0,0
1752,0,1023,1,30114,0,1,1,2,139,320,900,7528,21,7,0,0,0,0,123,0,0,0,0
1753,0,1023,1,30114,0,1,1,2,139,320,900,7528,21,7,0,0,0,0,123,0,0,0,0
1754,0,1023,1,30114,0,1,1,2,139,320,900,7528,21,7,0,0,0,0,123,0,0,0,0
1755,0,1023,1,30114,0,1,1,2,139,320,900,7528,21,7,0,0,0,0,123,0,0,0,0
1756,0,1023,1,30114,0,1,1,2,139,320,900,7528,21,7,0,0,0,0,123,0,0,0,0
1757,0,1023,1,30114,0,1,1,2,139,320,900,7528,21,7,0,0,0,0,123,0,0,0,0
1758,0,1023,1,30114,0,1,1,2,139,320,900,7528,21,7,0,0,0,0,123,0,0,0,0
1759,0,1023,1,30114,0,1,1,2,139,320,900,7528,21,7,0,0,0,0,123,0,0,0,0
1760,0,1023,1,30114,0,1,1,2,139,320,900,7528,21,7,0,0,0,0,123,0,0,0,0
1761,0,1023,1,30114,0,1,1,2,139,320,900,7528,21,7,0,0,0,0,123,0,0,0,0
1762,0,1023,1,30114,0,1,1,2,139,320,900,7528,21,7,0,0,0,0,123,0,0,0,0
1763,0,1023,1,30114,0,1,1,2,139,320,900,7528,21,7,0,0,0,0,123,0,0,0,0
1764,0,1023,1,30114,0,1,1,2,139,320,900,7528,21,7,0,0,0,0,123,0,0,0,0
1765,0,1023,1,30114,0,1,1,2,139,320,900,7528,21,7,0,0,0,0,123,0,0,0,0
1766,0,1023,1,30114,0,1,1,2,139,320,900,7528,21,7,0,0,0,0,123,0,0,0,0
1767,0,1023,1,30114,0,1,1,2,139,320,900,7528,21,7,0,0,0,0,123,0,0,0,0
1768,0,1023,1,30114,0,1,1,2,139,320,900,7528,21,7,0,0,0,0,123,0,0,0,0
1769,0,1023,1,30114,0,1,1,2,139,320,900,7528,21,7,0,0,0,0,123,0,0,0,0
1770,0,1023,1,30114,0,1,1,2,139,320,900,7528,21,7,0,0,0,0,123,0,0,0,0
1771,0,1023,1,30114,0,1,1,2,139,320,900,7528,21,7,0,0,0,0,123,0,0,0,0
1772,0,1023,1,30114,0,1,1,2,139,320,900,7528,21,7,0,0,0,0,123,0,0,0,0
1773,0,1023,1,30114,0,1,1,2,139,320,900,7528,21,7,0,0,0,0,123,0,0,0,0
1774,0,1023,1,30114,0,1,1,2,139,320,900,7528,21,7,0,0,0,0,123,0,0,0,0
1775,0,1023,1,30114,0,1,1,2,139,320,900,7528,21,7,0,0,0,0,123,0,0,0,0
1776,0,1023,1,30114,0,1,1,2,139,320,900,7528,21,7,0,0,0,0,123,0,0,0,0
1777,0,1023,1,30114,0,1,1,2,139,320,900,7528,21,7,0,0,0,0,123,0,0,0,0
1778,0,1023,1,30114,0,1,1,2,139,320,900,7528,21,7,0,0,0,0,123,0,0,0,0
1779,0,1023,1,30114,0,1,1,2,139,320,900,7528,21,7,0,0,0,0,123,0,0,0,0
1780,0,1023,1,30114,0,1,1,2,139,320,900,7528,21,7,0,0,0,0,123,0,0,0,0
1781,0,1023,1,30114,0,1,1,2,139,320,900,7528,21,7,0,0,0,0,123,0,0,0,0
1782,0,1023,1,30114,0,1,1,2,139,320,900,7528,21,7,0,0,0,0,123,0,0,0,0
1783,0,1023,1,30114,0,1,1,2,139,320,900,7528,21,7,0,0,0,0,123,0,0,0,0
1784,0,1023,1,30114,0,1,1,2,139,320,900,7528,21,7,0,0,0,0,123,0,0,0,0
1785,0,1023,1,30114,0,1,1,2,139,320,900,7528,21,7,0,0,0,0,123,0,0,0,0
1786,0,1023,1,30114,0,1,1,2,139,320,900,7528,21,7,0,0,0,0,123,0,0,0,0
1787,0,1023,1,30114,0,1,1,2,139,320,900,7528,21,7,0,0,0,0,123,0,0,0,0
1788,0,1023,1,30114,0,1,1,2,139,320,900,7528,21,7,0,0,0,0,123,0,0,0,0
1789,0,1023,1,30114,0,1,1,2,139,320,900,7528,21,7,0,0,0,0,123,0,0,0,0
1790,0,1023,1,30114,0,1,1,2,139,320,900,7528,21,7,0,0,0,0,123,0,0,0,0
1791,0,1023,1,30114,0,1,1,2,139,320,900,7528,21,7,0,0,0,0,123,0,0,0,0
1792,0,1023,1,30114,0,1,1,2,139,320,900,7528,21,7,0,0,0,0,123,0,0,0,0
1793,0,1023,1,30114,0,1,1,2,139,320,900,7528,21,7,0,0,0,0,123,0,0,0,0
1794,0,1023,1,30114,0,1,1,2,139,320,900,7528,21,7,0,0,0,0,123,0,0,0,0
1795,0,1023,1,30114,0,1,1,2,139,320,900,7528,21,7,0,0,0,0,123,0,0,0,0
1796,0,1023,1,30114,0,1,1,2,139,320,900,7528,21,7,0,0,0,0,123,0,0,0,0
1797,0,1023,1,30114,0,1,1,2,139,320,900,7528,21,7,0,0,0,0,123,0,0,0,0
1798,0,1023,1,30114,0,1,1,2,139,320,900,7528,21,7,0,0,0,0,123,0,0,0,0
1799,0,1023,1,30114,0,1,1,2,139,320,900,7528,21,7,0,0,0,0,123,0,0,0,0
1800,0,1023,1,30114,0,1,1,2,139,320,900,7528,21,7,0,0,0,0,123,0,0,0,0
1801,0,1023,1,30114,0,1,1,2,139,320,900,7528,21,7,0,0,0,0,123,0,0,0,0
1802,0,1023,1,30114,0,1,1,2,139,320,900,7528,21,7,0,0,0,0,123,0,0,0,0
1803,0,1023,1,30114,0,1,1,2,139,320,900,7528,21,7,0,0,0,0,123,0,0,0,0
1804,0,1023,1,30114,0,1,1,2,139,320,900,7528,21,7,0,0,0,0,123,0,0,0,0
1805,0,1023,1,30114,0,1,1,2,139,320,900,7528,21,7,0,0,0,0,123,0,0,0,0
1806,0,1023,1,30114,0,1,1,2,139,320,900,7528,21,7,0,0,0,0,123,0,0,0,0
1807,0,1023,1,30114,0,1,1,2,139,320,900,7528,21,7,0,0,0,0,123,0,0,0,0
1808,0,1023,1,30114,0,1,1,2,139,320,900,7528,21,7,0,0,0,0,123,0,0,0,0
1809,0,1023,1,30114,0,1,1,2,139,320,900,7528,21,7,0,0,0,0,123,0,0,0,0
1810,0,1023,1,30114,0,1,1,2,139,320,900,7528,21,7,0,0,0,0,123,0,0,0,0
1811,0,1023,1,30114,0,1,1,2,139,320,900,7528,21,7,0,0,0,0,123,0,0,0,0
1812,0,1023,1,30114,0,1,1,2,139,320,900,7528,21,7,0,0,0,0,123,0,0,0,0
1813,0,1023,1,30114,0,1,1,2,139,320,900,7528,21,7,0,0,0,0,123,0,0,0,0
1814,0,1023,1,30114,0,1,1,2,139,320,900,7528,21,7,0,0,0,0,123,0,0,0,0
1815,0,1023,1,30114,0,1,1,2,139,320,900,7528,21,7,0,0,0,0,123,0,0,0,0
1816,0,1023,1,30114,0,1,1,2,139,320,900,7528,21,7,0,0,0,0,123,0,0,0,0
1817,0,1023,1,30114,0,1,1,2,139,320,900,7528,21,7,0,0,0,0,123,0,0,0,0
1818,0,1023,1,30114,0,1,1,2,139,320,900,7528,21,7,0,0,0,0,123,0,0,0,0
1819,0,1023,1,30114,0,1,1,2,139,320,900,7528,21,7,0,0,0,0,123,0,0,0,0
1820,0,1023,1,30114,0,1,1,2,139,320,900,7528,21,7,0,0,0,0,123,0,0,0,0
1821,0,1023,1,30114,0,1,1,2,139,320,900,7528,21,7,0,0,0,0,123,0,0,0,0
1822,0,1023,1,30114,0,1,1,2,139,320,900,7528,21,7,0,0,0,0,123,0,0,0,0
1823,0,1023,1,30114,0,1,1,2,139,320,900,7528,21,7,0,0,0,0,123,0,0,0,0
1824,0,1023,1,30114,0,1,1,2,139,320,900,7528,21,7,0,0,0,0,123,0,0,0,0
1825,0,1023,1,30114,0,1,1,2,139,320,900,7528,21,7,0,0,0,0,123,0,0,0,0
1826,0,1023,1,30114,0,1,1,2,139,320,900,7528,21,7,0,0,0,0,123,0,0,0,0
1827,0,1023,1,30114,0,1,1,2,139,320,900,7528,21,7,0,0,0,0,123,0,0,0,0
1828,0,1023,1,30114,0,1,1,2,139,320,900,7528,21,7,0,0,0,0,123,0,0,0,0
1829,0,1023,1,30114,0,1,1,2,139,320,900,7528,21,7,0,0,0,0,123,0,0,0,0
1830,0,1023,1,30114,0,1,1,2,139,320,900,7528,21,7,0,0,0,0,123,0,0,0,0
1831,0,1023,1,30114,0,1,1,2,139,320,900,7528,21,7,0,0,0,0,123,0,0,0,0
1832,0,1023,1,30114,0,1,1,2,139,320,900,7528,21,7,0,0,0,0,123,0,0,0,0
1833,0,1023,1,30114,0,1,1,2,139,320,900,7528,21,7,0,0,0,0,123,0,0,0,0
1834,0,1023,1,30114,0,1,1,2,139,320,900,7528,21,7,0,0,0,0,123,0,0,0,0
1835,0,1023,1,30114,0,1,1,2,139,320,900,7528,21,7,0,0,0,0,123,0,0,0,0
1836,0,1023,1,30114,0,1,1,2,139,320,900,7528,21,7,0,0,0,0,123,0,0,0,0
1837,0,1023,1,30114,0,1,1,2,139,320,900,7528,21,7,0,0,0,0,123,0,0,0,0
1838,0,1023,1,30114,0,1,1,2,139,320,900,7528,21,7,0,0,0,0,123,0,0,0,0
1839,0,1023,1,30114,0,1,1,2,139,320,900,7528,21,7,0,0,0,0,123,0,0,0,0
1840,0,1023,1,30114,0,1,1,2,139,320,900,7528,21,7,0,0,0,0,123,0,0,0,0
1841,0,1023,1,30114,0,1,1,2,139,320,900,7528,21,7,0,0,0,0,123,0,0,0,0
1842,0,1023,1,30114,0,1,1,2,139,320,900,7528,21,7,0,0,0,0,123,0,0,0,0
1843,0,1023,1,30114,0,1,1,2,139,320,900,7528,21,7,0,0,0,0,123,0,0,0,0
1844,0,1023,1,30114,0,1,1,2,139,320,900,7528,21,7,0,0,0,0,123,0,0,0,0
1845,0,1023,1,30114,0,1,1,2,139,320,900,7528,21,7,0,0,0,0,123,0,0,0,0
1846,0,1023,1,30114,0,1,1,2,139,320,900,7528,21,7,0,0,0,0,123,0,0,0,0
1847,0,1023,1,30114,0,1,1,2,139,320,900,7528,21,7,0,0,0,0,123,0,0,0,0
1848,0,1023,1,30114,0,1,1,2,139,320,900,7528,21,7,0,0,0,0,123,0,0,0,0
1849,0,1023,1,30114,0,1,1,2,139,320,900,7528,21,7,0,0,0,0,123,0,0,0,0
1850,0,1023,1,30114,0,1,1,2,139,320,900,7528,21,7,0,0,0,0,123,0,0,0,0
1851,0,1023,1,30114,0,1,1,2,139,320,900,7528,21,7,0,0,0,0,123,0,0,0,0
1852,0,1023,1,30114,0,1,1,2,139,320,900,7528,21,7,0,0,0,0,123,0,0,0,0
1853,0,1023,1,30114,0,1,1,2,139,320,900,7528,21,7,0,0,0,0,123,0,0,0,0
1854,0,1023,1,30114,0,1,1,2,139,320,900,7528,21,7,0,0,0,0,123,0,0,0,0
1855,0,1023,1,30114,0,1,1,2,139,320,900,7528,21,7,0,0,0,0,123,0,0,0,0
1856,0,1023,1,30114,0,1,1,2,139,320,900,7528,21,7,0,0,0,0,123,0,0,0,0
1857,0,1023,1,30114,0,1,1,2,139,320,900,7528,21,7,0,0,0,0,123,0,0,0,0
1858,0,1023,1,30114,0,1,1,2,139,320,900,7528,21,7,0,0,0,0,123,0,0,0,0
1859,0,1023,1,30114,0,1,1,2,139,320,900,7528,21,7,0,0,0,0,123,0,0,0,0
1860,0,1023,1,30114,0,1,1,2,139,320,900,7528,21,7,0,0,0,0,123,0,0,0,0
1861,0,1023,1,30114,0,1,1,2,139,320,900,7528,21,7,0,0,0,0,123,0,0,0,0
1862,0,1023,1,30114,0,1,1,2,139,320,900,7528,21,7,0,0,0,0,123,0,0,0,0
1863,0,1023,1,30114,0,1,1,2,139,320,900,7528,21,7,0,0,0,0,123,0,0,0,0
1864,0,1023,1,30114,0,1,1,2,139,320,900,7528,21,7,0,0,0,0,123,0,0,0,0
1865,0,1023,1,30114,0,1,1,2,139,320,900,7528,21,7,0,0,0,0,123,0,0,0,0
1866,0,1023,1,30114,0,1,1,2,139,320,900,7528,21,7,0,0,0,0,123,0,0,0,0
1867,0,1023,1,30114,0,1,1,2,139,320,900,7528,21,7,0,0,0,0,123,0,0,0,0
1868,0,1023,1,30114,0,1,1,2,139,320,900,7528,21,7,0,0,0,0,123,0,0,0,0
1869,0,1023,1,30114,0,1,1,2,139,320,900,7528,21,7,0,0,0,0,123,0,0,0,0
1870,0,1023,1,30114,0,1,1,2,139,320,900,7528,21,7,0,0,0,0,123,0,0,0,0
1871,0,1023,1,30114,0,1,1,2,139,320,900,7528,21,7,0,0,0,0,123,0,0,0,0
1872,0,1023,1,30114,0,1,1,2,139,320,900,7528,21,7,0,0,0,0,123,0,0,0,0
1873,0,1023,1,30114,0,1,1,2,139,320,900,7528,21,7,0,0,0,0,123,0,0,0,0
1874,0,1023,1,30114,0,1,1,2,139,320,900,7528,21,7,0,0,0,0,123,0,0,0,0
1875,0,1023,1,30114,0,1,1,2,139,320,900,7528,21,7,0,0,0,0,123,0,0,0,0
1876,0,1023,1,30114,0,1,1,2,139,320,900,7528,21,7,0,0,0,0,123,0,0,0,0
1877,0,1023,1,30114,0,1,1,2,139,320,900,7528,21,7,0,0,0,0,123,0,0,0,0
1878,0,1023,1,30114,0,1,1,2,139,320,900,7528,21,7,0,0,0,0,123,0,0,0,0
1879,0,1023,1,30114,0,1,1,2,139,320,900,7528,21,7,0,0,0,0,123,0,0,0,0
1880,0,1023,1,30114,0,1,1,2,139,320,900,7528,21,7,0,0,0,0,123,0,0,0,0
1881,0,1023,1,30114,0,1,1,2,139,320,900,7528,21,7,0,0,0,0,123,0,0,0,0
1882,0,1023,1,30114,0,1,1,2,139,320,900,7528,21,7,0,0,0,0,123,0,0,0,0
1883,0,1023,1,30114,0,1,1,2,139,320,900,7528,21,7,0,0,0,0,123,0,0,0,0
1884,0,1023,1,30114,0,1,1,2,139,320,900,7528,21,7,0,0,0,0,123,0,0,0,0
1885,0,1023,1,30114,0,1,1,2,139,320,900,7528,21,7,0,0,0,0,123,0,0,0,0
1886,0,1023,1,30114,0,1,1,2,139,320,900,7528,21,7,0,0,0,0,123,0,0,0,0
1887,0,1023,1,30114,0,1,1,2,139,320,900,7528,21,7,0,0,0,0,123,0,0,0,0
1888,0,1023,1,30114,0,1,1,2,139,320,900,7528,21,7,0,0,0,0,123,0,0,0,0
1889,0,1023,1,30114,0,1,1,2,139,320,900,7528,21,7,0,0,0,0,123,0,0,0,0
1890,0,1023,1,30114,0,1,1,2,139,320,900,7528,21,7,0,0,0,0,123,0,0,0,0
1891,0,1023,1,30114,0,1,1,2,139,320,900,7528,21,7,0,0,0,0,123,0,0,0,0
1892,0,1023,1,30114,0,1,1,2,139,320,900,7528,21,7,0,0,0,0,123,0,0,0,0
1893,0,1023,1,30114,0,1,1,2,139,320,900,7528,21,7,0,0,0,0,123,0,0,0,0
1894,0,1023,1,30114,0,1,1,2,139,320,900,7528,21,7,0,0,0,0,123,0,0,0,0
1895,0,1023,1,30114,0,1,1,2,139,320,900,7528,21,7,0,0,0,0,123,0,0,0,0
1896,0,1023,1,30114,0,1,1,2,139,320,900,7528,21,7,0,0,0,0,123,0,0,0,0
1897,0,1023,1,30114,0,1,1,2,139,320,900,7528,21,7,0,0,0,0,123,0,0,0,0
1898,0,1023,1,30114,0,1,1,2,139,320,900,7528,21,7,0,0,0,0,123,0,0,0,0
1899,0,1023,1,30114,0,1,1,2,139,320,900,7528,21,7,0,0,0,0,123,0,0,0,0
1900,0,1023,1,30114,0,1,1,2,139,320,900,7528,21,7,0,0,0,0,123,0,0,0,0
1901,0,1023,1,30114,0,1,1,2,139,320,900,7528,21,7,0,0,0,0,123,0,0,0,0
1902,0,1023,1,30114,0,1,1,2,139,320,900,7528,21,7,0,0,0,0,123,0,0,0,0
1903,0,1023,1,30114,0,1,1,2,139,320,900,7528,21,7,0,0,0,0,123,0,0,0,0
1904,0,1023,1,30114,0,1,1,2,139,320,900,7528,21,7,0,0,0,0,123,0,0,0,0
1905,0,1023,1,30114,0,1,1,2,139,320,900,7528,21,7,0,0,0,0,123,0,0,0,0
1906,0,1023,1,30114,0,1,1,2,139,320,900,7528,21,7,0,0,0,0,123,0,0,0,0
1907,0,1023,1,30114,0,1,1,2,139,320,900,7528,21,7,0,0,0,0,123,0,0,0,0
1908,0,1023,1,30114,0,1,1,2,139,320,900,7528,21,7,0,0,0,0,123,0,0,0,0
1909,0,1023,1,30114,0,1,1,2,139,320,900,7528,21,7,0,0,0,0,123,0,0,0,0
1910,0,1023,1,30114,0,1,1,2,139,320,900,7528,21,7,0,0,0,0,123,0,0,0,0
1911,0,1023,1,30114,0,1,1,2,139,320,900,7528,21,7,0,0,0,0,123,0,0,0,0
1912,0,1023,1,30114,0,1,1,2,139,320,900,7528,21,7,0,0,0,0,123,0,0,0,0
1913,0,1023,1,30114,0,1,1,2,139,320,900,7528,21,7,0,0,0,0,123,0,0,0,0
1914,0,1023,1,30114,0,1,1,2,139,320,900,7528,21,7,0,0,0,0,123,0,0,0,0
1915,0,1023,1,30114,0,1,1,2,139,320,900,7528,21,7,0,0,0,0,123,0,0,0,0
1916,0,1023,1,30114,0,1,1,2,139,320,900,7528,21,7,0,0,0,0,123,0,0,0,0
1917,0,1023,1,30114,0,1,1,2,139,320,900,7528,21,7,0,0,0,0,123,0,0,0,0
1918,0,1023,1,30114,0,1,1,2,139,320,900,7528,21,7,0,0,0,0,123,0,0,0,0
1919,0,1023,1,30114,0,1,1,2,139,320,900,7528,21,7,0,0,0,0,123,0,0,0,0
1920,0,1023,1,30114,0,1,1,2,139,320,900,7528,21,7,0,0,0,0,123,0,0,0,0
1921,0,1023,1,30114,0,1,1,2,139,320,900,7528,21,7,0,0,0,0,123,0,0,0,0
1922,0,1023,1,30114,0,1,1,2,139,320,900,7528,21,7,0,0,0,0,123,0,0,0,0
1923,0,1023,1,30114,0,1,1,2,139,320,900,7528,21,7,0,0,0,0,123,0,0,0,0
1924,0,1023,1,30114,0,1,1,2,139,320,900,7528,21,7,0,0,0,0,123,0,0,0,0
1925,0,1023,1,30114,0,1,1,2,139,320,900,7528,21,7,0,0,0,0,123,0,0,0,0
1926,0,1023,1,30114,0,1,1,2,139,320,900,7528,21,7,0,0,0,0,123,0,0,0,0
1927,0,1023,1,30114,0,1,1,2,139,320,900,7528,21,7,0,0,0,0,123,0,0,0,0
1928,0,1023,1,30114,0,1,1,2,139,320,900,7528,21,7,0,0,0,0,123,0,0,0,0
1929,0,1023,1,30114,0,1,1,2,139,320,900,7528,21,7,0,0,0,0,123,0,0,0,0
1930,0,1023,1,30114,0,1,1,2,139,320,900,7528,21,7,0,0,0,0,123,0,0,0,0
1931,0,1023,1,30114,0,1,1,2,139,320,900,7528,21,7,0,0,0,0,123,0,0,0,0
1932,0,1023,1,30114,0,1,1,2,139,320,900,7528,21,7,0,0,0,0,123,0,0,0,0
1933,0,1023,1,30114,0,1,1,2,139,320,900,7528,21,7,0,0,0,0,123,0,0,0,0
1934,0,1023,1,30114,0,1,1,2,139,320,900,7528,21,7,0,0,0,0,123,0,0,0,0
1935,0,1023,1,30114,0,1,1,2,139,320,900,7528,21,7,0,0,0,0,123,0,0,0,0
1936,0,1023,1,30114,0,1,1,2,139,320,900,7528,21,7,0,0,0,0,123,0,0,0,0
1937,0,1023,1,30114,0,1,1,2,139,320,900,7528,21,7,0,0,0,0,123,0,0,0,0
1938,0,1023,1,30114,0,1,1,2,139,320,900,7528,21,7,0,0,0,0,123,0,0,0,0
1939,0,1023,1,30114,0,1,1,2,139,320,900,7528,21,7,0,0,0,0,123,0,0,0,0
1940,0,1023,1,30114,0,1,1,2,139,320,900,7528,21,7,0,0,0,0,123,0,0,0,0
1941,0,1023,1,30114,0,1,1,2,139,320,900,7528,21,7,0,0,0,0,123,0,0,0,0
1942,0,1023,1,30114,0,1,1,2,139,320,900,7528,21,7,0,0,0,0,123,0,0,0,0
1943,0,1023,1,30114,0,1,1,2,139,320,900,7528,21,7,0,0,0,0,123,0,0,0,0
1944,0,1023,1,30114,0,1,1,2,139,320,900,7528,21,7,0,0,0,0,123,0,0,0,0
1945,0,1023,1,30114,0,1,1,2,139,320,900,7528,21,7,0,0,0,0,123,0,0,0,0
1946,0,1023,1,30114,0,1,1,2,139,320,900,7528,21,7,0,0,0,0,123,0,0,0,0
1947,0,1023,1,30114,0,1,1,2,139,320,900,7528,21,7,0,0,0,0,123,0,0,0,0
1948,0,1023,1,30114,0,1,1,2,139,320,900,7528,21,7,0,0,0,0,123,0,0,0,0
1949,0,1023,1,30114,0,1,1,2,139,320,900,7528,21,7,0,0,0,0,123,0,0,0,0
1950,0,1023,1,30114,0,1,1,2,139,320,900,7528,21,7,0,0,0,0,123,0,0,0,0
1951,0,1023,1,30114,0,1,1,2,139,320,900,7528,21,7,0,0,0,0,123,0,0,0,0
1952,0,1023,1,30114,0,1,1,2,139,320,900,7528,21,7,0,0,0,0,123,0,0,0,0
1953,0,1023,1,30114,0,1,1,2,139,320,900,7528,21,7,0,0,0,0,123,0,0,0,0
1954,0,1023,1,30114,0,1,1,2,139,320,900,7528,21,7,0,0,0,0,123,0,0,0,0
1955,0,1023,1,30114,0,1,1,2,139,320,900,7528,21,7,0,0,0,0,123,0,0,0,0
1956,0,1023,1,30114,0,1,1,2,139,320,900,7528,21,7,0,0,0,0,123,0,0,0,0
1957,0,1023,1,30114,0,1,1,2,139,320,900,7528,21,7,0,0,0,0,123,0,0,0,0
1958,0,1023,1,30114,0,1,1,2,139,320,900,7528,21,7,0,0,0,0,123,0,0,0,0
1959,0,1023,1,30114,0,1,1,2,139,320,900,7528,21,7,0,0,0,0,123,0,0,0,0
1960,0,1023,1,30114,0,1,1,2,139,320,900,7528,21,7,0,0,0,0,123,0,0,0,0
1961,0,1023,1,30114,0,1,1,2,139,320,900,7528,21,7,0,0,0,0,123,0,0,0,0
1962,0,1023,1,30114,0,1,1,2,139,320,900,7528,21,7,0,0,0,0,123,0,0,0,0
1963,0,1023,1,30114,0,1,1,2,139,320,900,7528,21,7,0,0,0,0,123,0,0,0,0
1964,0,1023,1,30114,0,1,1,2,139,320,900,7528,21,7,0,0,0,0,123,0,0,0,0
1965,0,1023,1,30114,0,1,1,2,139,320,900,7528,21,7,0,0,0,0,123,0,0,0,0
1966,0,1023,1,30114,0,1,1,2,139,320,900,7528,21,7,0,0,0,0,123,0,0,0,0
1967,0,1023,1,30114,0,1,1,2,139,320,900,7528,21,7,0,0,0,0,123,0,0,0,0
1968,0,1023,1,30114,0,1,1,2,139,320,900,7528,21,7,0,0,0,0,123,0,0,0,0
1969,0,1023,1,30114,0,1,1,2,139,320,900,7528,21,7,0,0,0,0,123,0,0,0,0
1970,0,1023,1,30114,0,1,1,2,139,320,900,7528,21,7,0,0,0,0,123,0,0,0,0
1971,0,1023,1,30114,0,1,1,2,139,320,900,7528,21,7,0,0,0,0,123,0,0,0,0
1972,0,1023,1,30114,0,1,1,2,139,320,900,7528,21,7,0,0,0,0,123,0,0,0,0
1973,0,1023,1,30114,0,1,1,2,139,320,900,7528,21,7,0,0,0,0,123,0,0,0,0
1974,0,1023,1,30114,0,1,1,2,139,320,900,7528,21,7,0,0,0,0,123,0,0,0,0
1975,0,1023,1,30114,0,1,1,2,139,320,900,7528,21,7,0,0,0,0,123,0,0,0,0
1976,0,1023,1,30114,0,1,1,2,139,320,900,7528,21,7,0,0,0,0,123,0,0,0,0
1977,0,1023,1,30114,0,1,1,2,139,320,900,7528,21,7,0,0,0,0,123,0,0,0,0
1978,0,1023,1,30114,0,1,1,2,139,320,900,7528,21,7,0,0,0,0,123,0,0,0,0
1979,0,1023,1,30114,0,1,1,2,139,320,900,7528,21,7,0,0,0,0,123,0,0,0,0
1980,0,1023,1,30114,0,1,1,2,139,320,900,7528,21,7,0,0,0,0,123,0,0,0,0
1981,0,1023,1,30114,0,1,1,2,139,320,900,7528,21,7,0,0,0,0,123,0,0,0,0
1982,0,1023,1,30114,0,1,1,2,139,320,900,7528,21,7,0,0,0,0,123,0,0,0,0
1983,0,1023,1,30114,0,1,1,2,139,320,900,7528,21,7,0,0,0,0,123,0,0,0,0
1984,0,1023,1,30114,0,1,1,2,139,320,900,7528,21,7,0,0,0,0,123,0,0,0,0
1985,0,1023,1,30114,0,1,1,2,139,320,900,7528,21,7,0,0,0,0,123,0,0,0,0
1986,0,1023,1,30114,0,1,1,2,139,320,900,7528,21,7,0,0,0,0,123,0,0,0,0
1987,0,1023,1,30114,0,1,1,2,139,320,900,7528,21,7,0,0,0,0,123,0,0,0,0
1988,0,1023,1,30114,0,1,1,2,139,320,900,7528,21,7,0,0,0,0,123,0,0,0,0
1989,0,1023,1,30114,0,1,1,2,139,320,900,7528,21,7,0,0,0,0,123,0,0,0,0
1990,0,1023,1,30114,0,1,1,2,139,320,900,7528,21,7,0,0,0,0,123,0,0,0,0
1991,0,1023,1,30114,0,1,1,2,139,320,900,7528,21,7,0,0,0,0,123,0,0,0,0
1992,0,1023,1,30114,0,1,1,2,139,320,900,7528,21,7,0,0,0,0,123,0,0,0,0
1993,0,1023,1,30114,0,1,1,2,139,320,900,7528,21,7,0,0,0,0,123,0,0,0,0
1994,0,1023,1,30114,0,1,1,2,139,320,900,7528,21,7,0,0,0,0,123,0,0,0,0
1995,0,1023,1,30114,0,1,1,2,139,320,900,7528,21,7,0,0,0,0,123,0,0,0,0
1996,0,1023,1,30114,0,1,1,2,139,320,900,7528,21,7,0,0,0,0,123,0,0,0,0
1997,0,1023,1,30114,0,1,1,2,139,320,900,7528,21,7,0,0,0,0,123,0,0,0,0
1998,0,1023,1,30114,0,1,1,2,139,320,900,7528,21,7,0,0,0,0,123,0,0,0,0
1999,0,1023,1,30114,0,1,1,2,139,320,900,7528,21,7,0,0,0,0,123,0,0,0,0
2000,0,1023,1,30114,0,1,1,2,139,320,900,7528,21,7,0,0,0,0,123,0,0,0,0
2001,0,1023,1,30114,0,1,1,2,139,320,900,7528,21,7,0,0,0,0,123,0,0,0,0
2002,0,1023,1,30114,0,1,1,2,139,320,900,7528,21,7,0,0,0,0,123,0,0,0,0
2003,0,1023,1,30114,0,1,1,2,139,320,900,7528,21,7,0,0,0,0,123,0,0,0,0
2004,0,1023,1,30114,0,1,1,2,139,320,900,7528,21,7,0,0,0,0,123,0,0,0,0
2005,0,1023,1,30114,0,1,1,2,139,320,900,7528,21,7,0,0,0,0,123,0,0,0,0
2006,0,1023,1,30114,0,1,1,2,139,320,900,7528,21,7,0,0,0,0,123,0,0,0,0
2007,0,1023,1,30114,0,1,1,2,139,320,900,7528,21,7,0,0,0,0,123,0,0,0,0
2008,0,1023,1,30114,0,1,1,2,139,320,900,7528,21,7,0,0,0,0,123,0,0,0,0
2009,0,1023,1,30114,0,1,1,2,139,320,900,7528,21,7,0,0,0,0,123,0,0,0,0
2010,0,1023,1,30114,0,1,1,2,139,320,900,7528,21,7,0,0,0,0,123,0,0,0,0
2011,0,1023,1,30114,0,1,1,2,139,320,900,7528,21,7,0,0,0,0,123,0,0,0,0
2012,0,1023,1,30114,0,1,1,2,139,320,900,7528,21,7,0,0,0,0,123,0,0,0,0
2013,0,1023,1,30114,0,1,1,2,139,320,900,7528,21,7,0,0,0,0,123,0,0,0,0
2014,0,1023,1,30114,0,1,1,2,139,320,900,7528,21,7,0,0,0,0,123,0,0,0,0
2015,0,1023,1,30114,0,1,1,2,139,320,900,7528,21,7,0,0,0,0,123,0,0,0,0
2016,0,1023,1,30114,0,1,1,2,139,320,900,7528,21,7,0,0,0,0,123,0,0,0,0
2017,0,1023,1,30114,0,1,1,2,139,320,900,7528,21,7,0,0,0,0,123,0,0,0,0
2018,0,1023,1,30114,0,1,1,2,139,320,900,7528,21,7,0,0,0,0,123,0,0,0,0
2019,0,1023,1,30114,0,1,1,2,139,320,900,7528,21,7,0,0,0,0,123,0,0,0,0
2020,0,1023,1,30114,0,1,1,2,139,320,900,7528,21,7,0,0,0,0,123,0,0,0,0
2021,0,1023,1,30114,0,1,1,2,139,320,900,7528,21,7,0,0,0,0,123,0,0,0,0
2022,0,1023,1,30114,0,1,1,2,139,320,900,7528,21,7,0,0,0,0,123,0,0,0,0
2023,0,1023,1,30114,0,1,1,2,139,320,900,7528,21,7,0,0,0,0,123,0,0,0,0
2024,0,1023,1,30114,0,1,1,2,139,320,900,7528,21,7,0,0,0,0,123,0,0,0,0
2025,0,1023,1,30114,0,1,1,2,139,320,900,7528,21,7,0,0,0,0,123,0,0,0,0
2026,0,1023,1,30114,0,1,1,2,139,320,900,7528,21,7,0,0,0,0,123,0,0,0,0
2027,0,1023,1,30114,0,1,1,2,139,320,900,7528,21,7,0,0,0,0,123,0,0,0,0
2028,0,1023,1,30114,0,1,1,2,139,320,900,7528,21,7,0,0,0,0,123,0,0,0,0
2029,0,1023,1,30114,0,1,1,2,139,320,900,7528,21,7,0,0,0,0,123,0,0,0,0
2030,0,1023,1,30114,0,1,1,2,139,320,900,7528,21,7,0,0,0,0,123,0,0,0,0
2031,0,1023,1,30114,0,1,1,2,139,320,900,7528,21,7,0,0,0,0,123,0,0,0,0
2032,0,1023,1,30114,0,1,1,2,139,320,900,7528,21,7,0,0,0,0,123,0,0,0,0
2033,0,1023,1,30114,0,1,1,2,139,320,900,7528,21,7,0,0,0,0,123,0,0,0,0
2034,0,1023,1,30114,0,1,1,2,139,320,900,7528,21,7,0,0,0,0,123,0,0,0,0
2035,0,1023,1,30114,0,1,1,2,139,320,900,7528,21,7,0,0,0,0,123,0,0,0,0
2036,0,1023,1,30114,0,1,1,2,139,320,900,7528,21,7,0,0,0,0,123,0,0,0,0
2037,0,1023,1,30114,0,1,1,2,139,320,900,7528,21,7,0,0,0,0,123,0,0,0,0
2038,0,1023,1,30114,0,1,1,2,139,320,900,7528,21,7,0,0,0,0,123,0,0,0,0
2039,0,1023,1,30114,0,1,1,2,139,320,900,7528,21,7,0,0,0,0,123,0,0,0,0
2040,0,1023,1,30114,0,1,1,2,139,320,900,7528,21,7,0,0,0,0,123,0,0,0,0
2041,0,1023,1,30114,0,1,1,2,139,320,900,7528,21,7,0,0,0,0,123,0,0,0,0
2042,0,1023,1,30114,0,1,1,2,139,320,900,7528,21,7,0,0,0,0,123,0,0,0,0
2043,0,1023,1,30114,0,1,1,2,139,320,900,7528,21,7,0,0,0,0,123,0,0,0,0
2044,0,1023,1,30114,0,1,1,2,139,320,900,7528,21,7,0,0,0,0,123,0,0,0,0
2045,0,1023,1,30114,0,1,1,2,139,320,900,7528,21,7,0,0,0,0,123,0,0,0,0
2046,0,1023,1,30114,0,1,1,2,139,320,900,7528,21,7,0,0,0,0,123,0,0,0,0
2047,0,1023,1,30114,0,1,1,2,139,320,900,7528,21,7,0,0,0,0,123,0,0,0,0
2048,0,1023,1,30114,0,1,1,2,139,320,900,7528,21,7,0,0,0,0,123,0,0,0,0
2049,0,1023,1,30114,0,1,1,2,139,320,900,7528,21,7,0,0,0,0,123,0,0,0,0
2050,0,1023,1,30114,0,1,1,2,139,320,900,7528,21,7,0,0,0,0,123,0,0,0,0
2051,0,1023,1,30114,0,1,1,2,139,320,900,7528,21,7,0,0,0,0,123,0,0,0,0
2052,0,1023,1,30114,0,1,1,2,139,320,900,7528,21,7,0,0,0,0,123,0,0,0,0
2053,0,1023,1,30114,0,1,1,2,139,320,900,7528,21,7,0,0,0,0,123,0,0,0,0
2054,0,1023,1,30114,0,1,1,2,139,320,900,7528,21,7,0,0,0,0,123,0,0,0,0
2055,0,1023,1,30114,0,1,1,2,139,320,900,7528,21,7,0,0,0,0,123,0,0,0,0
2056,0,1023,1,30114,0,1,1,2,139,320,900,7528,21,7,0,0,0,0,123,0,0,0,0
2057,0,1023,1,30114,0,1,1,2,139,320,900,7528,21,7,0,0,0,0,123,0,0,0,0
2058,0,1023,1,30114,0,1,1,2,139,320,900,7528,21,7,0,0,0,0,123,0,0,0,0
2059,0,1023,1,30114,0,1,1,2,139,320,900,7528,21,7,0,0,0,0,123,0,0,0,0
2060,0,1023,1,30114,0,1,1,2,139,320,900,7528,21,7,0,0,0,0,123,0,0,0,0
2061,0,1023,1,30114,0,1,1,2,139,320,900,7528,21,7,0,0,0,0,123,0,0,0,0
2062,0,1023,1,30114,0,1,1,2,139,320,900,7528,21,7,0,0,0,0,123,0,0,0,0
2063,0,1023,1,30114,0,1,1,2,139,320,900,7528,21,7,0,0,0,0,123,0,0,0,0
2064,0,1023,1,30114,0,1,1,2,139,320,900,7528,21,7,0,0,0,0,123,0,0,0,0
2065,0,1023,1,30114,0,1,1,2,139,320,900,7528,21,7,0,0,0,0,123,0,0,0,0
2066,0,1023,1,30114,0,1,1,2,139,320,900,7528,21,7,0,0,0,0,123,0,0,0,0
2067,0,1023,1,30114,0,1,1,2,139,320,900,7528,21,7,0,0,0,0,123,0,0,0,0
2068,0,1023,1,30114,0,1,1,2,139,320,900,7528,21,7,0,0,0,0,123,0,0,0,0
2069,0,1023,1,30114,0,1,1,2,139,320,900,7528,21,7,0,0,0,0,123,0,0,0,0
2070,0,1023,1,30114,0,1,1,2,139,320,900,7528,21,7,0,0,0,0,123,0,0,0,0
2071,0,1023,1,30114,0,1,1,2,139,320,900,7528,21,7,0,0,0,0,123,0,0,0,0
2072,0,1023,1,30114,0,1,1,2,139,320,900,7528,21,7,0,0,0,0,123,0,0,0,0
2073,0,1023,1,30114,0,1,1,2,139,320,900,7528,21,7,0,0,0,0,123,0,0,0,0
2074,0,1023,1,30114,0,1,1,2,139,320,900,7528,21,7,0,0,0,0,123,0,0,0,0
2075,0,1023,1,30114,0,1,1,2,139,320,900,7528,21,7,0,0,0,0,123,0,0,0,0
2076,0,1023,1,30114,0,1,1,2,139,320,900,7528,21,7,0,0,0,0,123,0,0,0,0
2077,0,1023,1,30114,0,1,1,2,139,320,900,7528,21,7,0,0,0,0,123,0,0,0,0
2078,0,1023,1,30114,0,1,1,2,139,320,900,7528,21,7,0,0,0,0,123,0,0,0,0
2079,0,1023,1,30114,0,1,1,2,139,320,900,7528,21,7,0,0,0,0,123,0,0,0,0
2080,0,1023,1,30114,0,1,1,2,139,320,900,7528,21,7,0,0,0,0,123,0,0,0,0
2081,0,1023,1,30114,0,1,1,2,139,320,900,7528,21,7,0,0,0,0,123,0,0,0,0
2082,0,1023,1,30114,0,1,1,2,139,320,900,7528,21,7,0,0,0,0,123,0,0,0,0
2083,0,1023,1,30114,0,1,1,2,139,320,900,7528,21,7,0,0,0,0,123,0,0,0,0
2084,0,1023,1,30114,0,1,1,2,139,320,900,7528,21,7,0,0,0,0,123,0,0,0,0
2085,0,1023,1,30114,0,1,1,2,139,320,900,7528,21,7,0,0,0,0,123,0,0,0,0
2086,0,1023,1,30114,0,1,1,2,139,320,900,7528,21,7,0,0,0,0,123,0,0,0,0
2087,0,1023,1,30114,0,1,1,2,139,320,900,7528,21,7,0,0,0,0,123,0,0,0,0
2088,0,1023,1,30114,0,1,1,2,139,320,900,7528,21,7,0,0,0,0,123,0,0,0,0
2089,0,1023,1,30114,0,1,1,2,139,320,900,7528,21,7,0,0,0,0,123,0,0,0,0
2090,0,1023,1,30114,0,1,1,2,139,320,900,7528,21,7,0,0,0,0,123,0,0,0,0
2091,0,1023,1,30114,0,1,1,2,139,320,900,7528,21,7,0,0,0,0,123,0,0,0,0
2092,0,1023,1,30114,0,1,1,2,139,320,900,7528,21,7,0,0,0,0,123,0,0,0,0
2093,0,1023,1,30114,0,1,1,2,139,320,900,7528,21,7,0,0,0,0,123,0,0,0,0
2094,0,1023,1,30114,0,1,1,2,139,320,900,7528,21,7,0,0,0,0,123,0,0,0,0
2095,0,1023,1,30114,0,1,1,2,139,320,900,7528,21,7,0,0,0,0,123,0,0,0,0
2096,0,1023,1,30114,0,1,1,2,139,320,900,7528,21,7,0,0,0,0,123,0,0,0,0
2097,0,1023,1,30114,0,1,1,2,139,320,900,7528,21,7,0,0,0,0,123,0,0,0,0
2098,0,1023,1,30114,0,1,1,2,139,320,900,7528,21,7,0,0,0,0,123,0,0,0,0
2099,0,1023,1,30114,0,1,1,2,139,320,900,7528,21,7,0,0,0,0,123,0,0,0,0
2100,0,1023,1,30114,0,1,1,2,139,320,900,7528,21,7,0,0,0,0,123,0,0,0,0
2101,0,1023,1,30114,0,1,1,2,139,320,900,7528,21,7,0,0,0,0,123,0,0,0,0
2102,0,1023,1,30114,0,1,1,2,139,320,900,7528,21,7,0,0,0,0,123,0,0,0,0
2103,0,1023,1,30114,0,1,1,2,139,320,900,7528,21,7,0,0,0,0,123,0,0,0,0
2104,0,1023,1,30114,0,1,1,2,139,320,900,7528,21,7,0,0,0,0,123,0,0,0,0
2105,0,1023,1,30114,0,1,1,2,139,320,900,7528,21,7,0,0,0,0,123,0,0,0,0
2106,0,1023,1,30114,0,1,1,2,139,320,900,7528,21,7,0,0,0,0,123,0,0,0,0
2107,0,1023,1,30114,0,1,1,2,139,320,900,7528,21,7,0,0,0,0,123,0,0,0,0
2108,0,1023,1,30114,0,1,1,2,139,320,900,7528,21,7,0,0,0,0,123,0,0,0,0
2109,0,1023,1,30114,0,1,1,2,139,320,900,7528,21,7,0,0,0,0,123,0,0,0,0
2110,0,1023,1,30114,0,1,1,2,139,320,900,7528,21,7,0,0,0,0,123,0,0,0,0
2111,0,1023,1,30114,0,1,1,2,139,320,900,7528,21,7,0,0,0,0,123,0,0,0,0
2112,0,1023,1,30114,0,1,1,2,139,320,900,7528,21,7,0,0,0,0,123,0,0,0,0
2113,0,1023,1,30114,0,1,1,2,139,320,900,7528,21,7,0,0,0,0,123,0,0,0,0
2114,0,1023,1,30114,0,1,1,2,139,320,900,7528,21,7,0,0,0,0,123,0,0,0,0
2115,0,1023,1,30114,0,1,1,2,139,320,900,7528,21,7,0,0,0,0,123,0,0,0,0
2116,0,1023,1,30114,0,1,1,2,139,320,900,7528,21,7,0,0,0,0,123,0,0,0,0
2117,0,1023,1,30114,0,1,1,2,139,320,900,7528,21,7,0,0,0,0,123,0,0,0,0
2118,0,1023,1,30114,0,1,1,2,139,320,900,7528,21,7,0,0,0,0,123,0,0,0,0
2119,0,1023,1,30114,0,1,1,2,139,320,900,7528,21,7,0,0,0,0,123,0,0,0,0
2120,0,1023,1,30114,0,1,1,2,139,320,900,7528,21,7,0,0,0,0,123,0,0,0,0
2121,0,1023,1,30114,0,1,1,2,139,320,900,7528,21,7,0,0,0,0,123,0,0,0,0
2122,0,1023,1,30114,0,1,1,2,139,320,900,7528,21,7,0,0,0,0,123,0,0,0,0
2123,0,1023,1,30114,0,1,1,2,139,320,900,7528,21,7,0,0,0,0,123,0,0,0,0
2124,0,1023,1,30114,0,1,1,2,139,320,900,7528,21,7,0,0,0,0,123,0,0,0,0
2125,0,1023,1,30114,0,1,1,2,139,320,900,7528,21,7,0,0,0,0,123,0,0,0,0
2126,0,1023,1,30114,0,1,1,2,139,320,900,7528,21,7,0,0,0,0,123,0,0,0,0
2127,0,1023,1,30114,0,1,1,2,139,320,900,7528,21,7,0,0,0,0,123,0,0,0,0
2128,0,1023,1,30114,0,1,1,2,139,320,900,7528,21,7,0,0,0,0,123,0,0,0,0
2129,0,1023,1,30114,0,1,1,2,139,320,900,7528,21,7,0,0,0,0,123,0,0,0,0
2130,0,1023,1,30114,0,1,1,2,139,320,900,7528,21,7,0,0,0,0,123,0,0,0,0
2131,0,1023,1,30114,0,1,1,2,139,320,900,7528,21,7,0,0,0,0,123,0,0,0,0
2132,0,1023,1,30114,0,1,1,2,139,320,900,7528,21,7,0,0,0,0,123,0,0,0,0
2133,0,1023,1,30114,0,1,1,2,139,320,900,7528,21,7,0,0,0,0,123,0,0,0,0
2134,0,1023,1,30114,0,1,1,2,139,320,900,7528,21,7,0,0,0,0,123,0,0,0,0
2135,0,1023,1,30114,0,1,1,2,139,320,900,7528,21,7,0,0,0,0,123,0,0,0,0
2136,0,1023,1,30114,0,1,1,2,139,320,900,7528,21,7,0,0,0,0,123,0,0,0,0
2137,0,1023,1,30114,0,1,1,2,139,320,900,7528,21,7,0,0,0,0,123,0,0,0,0
2138,0,1023,1,30114,0,1,1,2,139,320,900,7528,21,7,0,0,0,0,123,0,0,0,0
2139,0,1023,1,30114,0,1,1,2,139,320,900,7528,21,7,0,0,0,0,123,0,0,0,0
2140,0,1023,1,30114,0,1,1,2,139,320,900,7528,21,7,0,0,0,0,123,0,0,0,0
2141,0,1023,1,30114,0,1,1,2,139,320,900,7528,21,7,0,0,0,0,123,0,0,0,0
2142,0,1023,1,30114,0,1,1,2,139,320,900,7528,21,7,0,0,0,0,123,0,0,0,0
2143,0,1023,1,30114,0,1,1,2,139,320,900,7528,21,7,0,0,0,0,123,0,0,0,0
2144,0,1023,1,30114,0,1,1,2,139,320,900,7528,21,7,0,0,0,0,123,0,0,0,0
2145,0,1023,1,30114,0,1,1,2,139,320,900,7528,21,7,0,0,0,0,123,0,0,0,0
2146,0,1023,1,30114,0,1,1,2,139,320,900,7528,21,7,0,0,0,0,123,0,0,0,0
2147,0,1023,1,30114,0,1,1,2,139,320,900,7528,21,7,0,0,0,0,123,0,0,0,0
2148,0,1023,1,30114,0,1,1,2,139,320,900,7528,21,7,0,0,0,0,123,0,0,0,0
2149,0,1023,1,30114,0,1,1,2,139,320,900,7528,21,7,0,0,0,0,123,0,0,0,0
2150,0,1023,1,30114,0,1,1,2,139,320,900,7528,21,7,0,0,0,0,123,0,0,0,0
2151,0,1023,1,30114,0,1,1,2,139,320,900,7528,21,7,0,0,0,0,123,0,0,0,0
2152,0,1023,1,30114,0,1,1,2,139,320,900,7528,21,7,0,0,0,0,123,0,0,0,0
2153,0,1023,1,30114,0,1,1,2,139,320,900,7528,21,7,0,0,0,0,123,0,0,0,0
2154,0,1023,1,30114,0,1,1,2,139,320,900,7528,21,7,0,0,0,0,123,0,0,0,0
2155,0,1023,1,30114,0,1,1,2,139,320,900,7528,21,7,0,0,0,0,123,0,0,0,0
2156,0,1023,1,30114,0,1,1,2,139,320,900,7528,21,7,0,0,0,0,123,0,0,0,0
2157,0,1023,1,30114,0,1,1,2,139,320,900,7528,21,7,0,0,0,0,123,0,0,0,0
2158,0,1023,1,30114,0,1,1,2,139,320,900,7528,21,7,0,0,0,0,123,0,0,0,0
2159,0,1023,1,30114,0,1,1,2,139,320,900,7528,21,7,0,0,0,0,123,0,0,0,0
2160,0,1023,1,30114,0,1,1,2,139,320,900,7528,21,7,0,0,0,0,123,0,0,0,0
2161,0,1023,1,30114,0,1,1,2,139,320,900,7528,21,7,0,0,0,0,123,0,0,0,0
2162,0,1023,1,30114,0,1,1,2,139,320,900,7528,21,7,0,0,0,0,123,0,0,0,0
2163,0,1023,1,30114,0,1,1,2,139,320,900,7528,21,7,0,0,0,0,123,0,0,0,0
2164,0,1023,1,30114,0,1,1,2,139,320,900,7528,21,7,0,0,0,0,123,0,0,0,0
2165,0,1023,1,30114,0,1,1,2,139,320,900,7528,21,7,0,0,0,0,123,0,0,0,0
2166,0,1023,1,30114,0,1,1,2,139,320,900,7528,21,7,0,0,0,0,123,0,0,0,0
2167,0,1023,1,30114,0,1,1,2,139,320,900,7528,21,7,0,0,0,0,123,0,0,0,0
2168,0,1023,1,30114,0,1,1,2,139,320,900,7528,21,7,0,0,0,0,123,0,0,0,0
2169,0,1023,1,30114,0,1,1,2,139,320,900,7528,21,7,0,0,0,0,123,0,0,0,0
2170,0,1023,1,30114,0,1,1,2,139,320,900,7528,21,7,0,0,0,0,123,0,0,0,0
2171,0,1023,1,30114,0,1,1,2,139,320,900,7528,21,7,0,0,0,0,123,0,0,0,0
2172,0,1023,1,30114,0,1,1,2,139,320,900,7528,21,7,0,0,0,0,123,0,0,0,0
2173,0,1023,1,30114,0,1,1,2,139,320,900,7528,21,7,0,0,0,0,123,0,0,0,0
2174,0,1023,1,30114,0,1,1,2,139,320,900,7528,21,7,0,0,0,0,123,0,0,0,0
2175,0,1023,1,30114,0,1,1,2,139,320,900,7528,21,7,0,0,0,0,123,0,0,0,0
2176,0,1023,1,30114,0,1,1,2,139,320,900,7528,21,7,0,0,0,0,123,0,0,0,0
2177,0,1023,1,30114,0,1,1,2,139,320,900,7528,21,7,0,0,0,0,123,0,0,0,0
2178,0,1023,1,30114,0,1,1,2,139,320,900,7528,21,7,0,0,0,0,123,0,0,0,0
2179,0,1023,1,30114,0,1,1,2,139,320,900,7528,21,7,0,0,0,0,123,0,0,0,0
2180,0,1023,1,30114,0,1,1,2,139,320,900,7528,21,7,0,0,0,0,123,0,0,0,0
2181,0,1023,1,30114,0,1,1,2,139,320,900,7528,21,7,0,0,0,0,123,0,0,0,0
2182,0,1023,1,30114,0,1,1,2,139,320,900,7528,21,7,0,0,0,0,123,0,0,0,0
2183,0,1023,1,30114,0,1,1,2,139,320,900,7528,21,7,0,0,0,0,123,0,0,0,0
2184,0,1023,1,30114,0,1,1,2,139,320,900,7528,21,7,0,0,0,0,123,0,0,0,0
2185,0,1023,1,30114,0,1,1,2,139,320,900,7528,21,7,0,0,0,0,123,0,0,0,0
2186,0,1023,1,30114,0,1,1,2,139,320,900,7528,21,7,0,0,0,0,123,0,0,0,0
2187,0,1023,1,30114,0,1,1,2,139,320,900,7528,21,7,0,0,0,0,123,0,0,0,0
2188,0,1023,1,30114,0,1,1,2,139,320,900,7528,21,7,0,0,0,0,123,0,0,0,0
2189,0,1023,1,30114,0,1,1,2,139,320,900,7528,21,7,0,0,0,0,123,0,0,0,0
2190,0,1023,1,30114,0,1,1,2,139,320,900,7528,21,7,0,0,0,0,123,0,0,0,0
2191,0,1023,1,30114,0,1,1,2,139,320,900,7528,21,7,0,0,0,0,123,0,0,0,0
2192,0,1023,1,30114,0,1,1,2,139,320,900,7528,21,7,0,0,0,0,123,0,0,0,0
2193,0,1023,1,30114,0,1,1,2,139,320,900,7528,21,7,0,0,0,0,123,0,0,0,0
2194,0,1023,1,30114,0,1,1,2,139,320,900,7528,21,7,0,0,0,0,123,0,0,0,0
2195,0,1023,1,30114,0,1,1,2,139,320,900,7528,21,7,0,0,0,0,123,0,0,0,0
2196,0,1023,1,30114,0,1,1,2,139,320,900,7528,21,7,0,0,0,0,123,0,0,0,0
2197,0,1023,1,30114,0,1,1,2,139,320,900,7528,21,7,0,0,0,0,123,0,0,0,0
2198,0,1023,1,30114,0,1,1,2,139,320,900,7528,21,7,0,0,0,0,123,0,0,0,0
2199,0,1023,1,30114,0,1,1,2,139,320,900,7528,21,7,0,0,0,0,123,0,0,0,0
2200,0,1023,1,30114,0,1,1,2,139,320,900,7528,21,7,0,0,0,0,123,0,0,0,0
2201,0,1023,1,30114,0,1,1,2,139,320,900,7528,21,7,0,0,0,0,123,0,0,0,0
2202,0,1023,1,30114,0,1,1,2,139,320,900,7528,21,7,0,0,0,0,123,0,0,0,0
2203,0,1023,1,30114,0,1,1,2,139,320,900,7528,21,7,0,0,0,0,123,0,0,0,0
2204,0,1023,1,30114,0,1,1,2,139,320,900,7528,21,7,0,0,0,0,123,0,0,0,0
2205,0,1023,1,30114,0,1,1,2,139,320,900,7528,21,7,0,0,0,0,123,0,0,0,0
2206,0,1023,1,30114,0,1,1,2,139,320,900,7528,21,7,0,0,0,0,123,0,0,0,0
2207,0,1023,1,30114,0,1,1,2,139,320,900,7528,21,7,0,0,0,0,123,0,0,0,0
2208,0,1023,1,30114,0,1,1,2,139,320,900,7528,21,7,0,0,0,0,123,0,0,0,0
2209,0,1023,1,30114,0,1,1,2,139,320,900,7528,21,7,0,0,0,0,123,0,0,0,0
2210,0,1023,1,30114,0,1,1,2,139,320,900,7528,21,7,0,0,0,0,123,0,0,0,0
2211,0,1023,1,30114,0,1,1,2,139,320,900,7528,21,7,0,0,0,0,123,0,0,0,0
2212,0,1023,1,30114,0,1,1,2,139,320,900,7528,21,7,0,0,0,0,123,0,0,0,0
2213,0,1023,1,30114,0,1,1,2,139,320,900,7528,21,7,0,0,0,0,123,0,0,0,0
2214,0,1023,1,30114,0,1,1,2,139,320,900,7528,21,7,0,0,0,0,123,0,0,0,0
2215,0,1023,1,30114,0,1,1,2,139,320,900,7528,21,7,0,0,0,0,123,0,0,0,0
2216,0,1023,1,30114,0,1,1,2,139,320,900,7528,21,7,0,0,0,0,123,0,0,0,0
2217,0,1023,1,30114,0,1,1,2,139,320,900,7528,21,7,0,0,0,0,123,0,0,0,0
2218,0,1023,1,30114,0,1,1,2,139,320,900,7528,21,7,0,0,0,0,123,0,0,0,0
2219,0,1023,1,30114,0,1,1,2,139,320,900,7528,21,7,0,0,0,0,123,0,0,0,0
2220,0,1023,1,30114,0,1,1,2,139,320,900,7528,21,7,0,0,0,0,123,0,0,0,0
2221,0,1023,1,30114,0,1,1,2,139,320,900,7528,21,7,0,0,0,0,123,0,0,0,0
2222,0,1023,1,30114,0,1,1,2,139,320,900,7528,21,7,0,0,0,0,123,0,0,0,0
2223,0,1023,1,30114,0,1,1,2,139,320,900,7528,21,7,0,0,0,0,123,0,0,0,0
2224,0,1023,1,30114,0,1,1,2,139,320,900,7528,21,7,0,0,0,0,123,0,0,0,0
2225,0,1023,1,30114,0,1,1,2,139,320,900,7528,21,7,0,0,0,0,123,0,0,0,0
2226,0,1023,1,30114,0,1,1,2,139,320,900,7528,21,7,0,0,0,0,123,0,0,0,0
2227,0,1023,1,30114,0,1,1,2,139,320,900,7528,21,7,0,0,0,0,123,0,0,0,0
2228,0,1023,1,30114,0,1,1,2,139,320,900,7528,21,7,0,0,0,0,123,0,0,0,0
2229,0,1023,1,30114,0,1,1,2,139,320,900,7528,21,7,0,0,0,0,123,0,0,0,0
2230,0,1023,1,30114,0,1,1,2,139,320,900,7528,21,7,0,0,0,0,123,0,0,0,0
2231,0,1023,1,30114,0,1,1,2,139,320,900,7528,21,7,0,0,0,0,123,0,0,0,0
2232,0,1023,1,30114,0,1,1,2,139,320,900,7528,21,7,0,0,0,0,123,0,0,0,0
2233,0,1023,1,30114,0,1,1,2,139,320,900,7528,21,7,0,0,0,0,123,0,0,0,0
2234,0,1023,1,30114,0,1,1,2,139,320,900,7528,21,7,0,0,0,0,123,0,0,0,0
2235,0,1023,1,30114,0,1,1,2,139,320,900,7528,21,7,0,0,0,0,123,0,0,0,0
2236,0,1023,1,30114,0,1,1,2,139,320,900,7528,21,7,0,0,0,0,123,0,0,0,0
2237,0,1023,1,30114,0,1,1,2,139,320,900,7528,21,7,0,0,0,0,123,0,0,0,0
2238,0,1023,1,30114,0,1,1,2,139,320,900,7528,21,7,0,0,0,0,123,0,0,0,0
2239,0,1023,1,30114,0,1,1,2,139,320,900,7528,21,7,0,0,0,0,123,0,0,0,0
2240,0,1023,1,30114,0,1,1,2,139,320,900,7528,21,7,0,0,0,0,123,0,0,0,0
2241,0,1023,1,30114,0,1,1,2,139,320,900,7528,21,7,0,0,0,0,123,0,0,0,0
2242,0,1023,1,30114,0,1,1,2,139,320,900,7528,21,7,0,0,0,0,123,0,0,0,0
2243,0,1023,1,30114,0,1,1,2,139,320,900,7528,21,7,0,0,0,0,123,0,0,0,0
2244,0,1023,1,30114,0,1,1,2,139,320,900,7528,21,7,0,0,0,0,123,0,0,0,0
2245,0,1023,1,30114,0,1,1,2,139,320,900,7528,21,7,0,0,0,0,123,0,0,0,0
2246,0,1023,1,30114,0,1,1,2,139,320,900,7528,21,7,0,0,0,0,123,0,0,0,0
2247,0,1023,1,30114,0,1,1,2,139,320,900,7528,21,7,0,0,0,0,123,0,0,0,0
2248,0,1023,1,30114,0,1,1,2,139,320,900,7528,21,7,0,0,0,0,123,0,0,0,0
2249,0,1023,1,30114,0,1,1,2,139,320,900,7528,21,7,0,0,0,0,123,0,0,0,0
2250,0,1023,1,30114,0,1,1,2,139,320,900,7528,21,7,0,0,0,0,123,0,0,0,0
2251,0,1023,1,30114,0,1,1,2,139,320,900,7528,21,7,0,0,0,0,123,0,0,0,0
2252,0,1023,1,30114,0,1,1,2,139,320,900,7528,21,7,0,0,0,0,123,0,0,0,0
2253,0,1023,1,30114,0,1,1,2,139,320,900,7528,21,7,0,0,0,0,123,0,0,0,0
2254,0,1023,1,30114,0,1,1,2,139,320,900,7528,21,7,0,0,0,0,123,0,0,0,0
2255,0,1023,1,30114,0,1,1,2,139,320,900,7528,21,7,0,0,0,0,123,0,0,0,0
2256,0,1023,1,30114,0,1,1,2,139,320,900,7528,21,7,0,0,0,0,123,0,0,0,0
2257,0,1023,1,30114,0,1,1,2,139,320,900,7528,21,7,0,0,0,0,123,0,0,0,0
2258,0,1023,1,30114,0,1,1,2,139,320,900,7528,21,7,0,0,0,0,123,0,0,0,0
2259,0,1023,1,30114,0,1,1,2,139,320,900,7528,21,7,0,0,0,0,123,0,0,0,0
2260,0,1023,1,30114,0,1,1,2,139,320,900,7528,21,7,0,0,0,0,123,0,0,0,0
2261,0,1023,1,30114,0,1,1,2,139,320,900,7528,21,7,0,0,0,0,123,0,0,0,0
2262,0,1023,1,30114,0,1,1,2,139,320,900,7528,21,7,0,0,0,0,123,0,0,0,0
2263,0,1023,1,30114,0,1,1,2,139,320,900,7528,21,7,0,0,0,0,123,0,0,0,0
2264,0,1023,1,30114,0,1,1,2,139,320,900,7528,21,7,0,0,0,0,123,0,0,0,0
2265,0,1023,1,30114,0,1,1,2,139,320,900,7528,21,7,0,0,0,0,123,0,0,0,0
2266,0,1023,1,30114,0,1,1,2,139,320,900,7528,21,7,0,0,0,0,123,0,0,0,0
2267,0,1023,1,30114,0,1,1,2,139,320,900,7528,21,7,0,0,0,0,123,0,0,0,0
2268,0,1023,1,30114,0,1,1,2,139,320,900,7528,21,7,0,0,0,0,123,0,0,0,0
2269,0,1023,1,30114,0,1,1,2,139,320,900,7528,21,7,0,0,0,0,123,0,0,0,0
2270,0,1023,1,30114,0,1,1,2,139,320,900,7528,21,7,0,0,0,0,123,0,0,0,0
2271,0,1023,1,30114,0,1,1,2,139,320,900,7528,21,7,0,0,0,0,123,0,0,0,0
2272,0,1023,1,30114,0,1,1,2,139,320,900,7528,21,7,0,0,0,0,123,0,0,0,0
2273,0,1023,1,30114,0,1,1,2,139,320,900,7528,21,7,0,0,0,0,123,0,0,0,0
2274,0,1023,1,30114,0,1,1,2,139,320,900,7528,21,7,0,0,0,0,123,0,0,0,0
2275,0,1023,1,30114,0,1,1,2,139,320,900,7528,21,7,0,0,0,0,123,0,0,0,0
2276,0,1023,1,30114,0,1,1,2,139,320,900,7528,21,7,0,0,0,0,123,0,0,0,0
2277,0,1023,1,30114,0,1,1,2,139,320,900,7528,21,7,0,0,0,0,123,0,0,0,0
2278,0,1023,1,30114,0,1,1,2,139,320,900,7528,21,7,0,0,0,0,123,0,0,0,0
2279,0,1023,1,30114,0,1,1,2,139,320,900,7528,21,7,0,0,0,0,123,0,0,0,0
2280,0,1023,1,30114,0,1,1,2,139,320,900,7528,21,7,0,0,0,0,123,0,0,0,0
2281,0,1023,1,30114,0,1,1,2,139,320,900,7528,21,7,0,0,0,0,123,0,0,0,0
2282,0,1023,1,30114,0,1,1,2,139,320,900,7528,21,7,0,0,0,0,123,0,0,0,0
2283,0,1023,1,30114,0,1,1,2,139,320,900,7528,21,7,0,0,0,0,123,0,0,0,0
2284,0,1023,1,30114,0,1,1,2,139,320,900,7528,21,7,0,0,0,0,123,0,0,0,0
2285,0,1023,1,30114,0,1,1,2,139,320,900,7528,21,7,0,0,0,0,123,0,0,0,0
2286,0,1023,1,30114,0,1,1,2,139,320,900,7528,21,7,0,0,0,0,123,0,0,0,0
2287,0,1023,1,30114,0,1,1,2,139,320,900,7528,21,7,0,0,0,0,123,0,0,0,0
2288,0,1023,1,30114,0,1,1,2,139,320,900,7528,21,7,0,0,0,0,123,0,0,0,0
2289,0,1023,1,30114,0,1,1,2,139,320,900,7528,21,7,0,0,0,0,123,0,0,0,0
2290,0,1023,1,30114,0,1,1,2,139,320,900,7528,21,7,0,0,0,0,123,0,0,0,0
2291,0,1023,1,30114,0,1,1,2,139,320,900,7528,21,7,0,0,0,0,123,0,0,0,0
2292,0,1023,1,30114,0,1,1,2,139,320,900,7528,21,7,0,0,0,0,123,0,0,0,0
2293,0,1023,1,30114,0,1,1,2,139,320,900,7528,21,7,0,0,0,0,123,0,0,0,0
2294,0,1023,1,30114,0,1,1,2,139,320,900,7528,21,7,0,0,0,0,123,0,0,0,0
2295,0,1023,1,30114,0,1,1,2,139,320,900,7528,21,7,0,0,0,0,123,0,0,0,0
2296,0,1023,1,30114,0,1,1,2,139,320,900,7528,21,7,0,0,0,0,123,0,0,0,0
2297,0,1023,1,30114,0,1,1,2,139,320,900,7528,21,7,0,0,0,0,123,0,0,0,0
2298,0,1023,1,30114,0,1,1,2,139,320,900,7528,21,7,0,0,0,0,123,0,0,0,0
2299,0,1023,1,30114,0,1,1,2,139,320,900,7528,21,7,0,0,0,0,123,0,0,0,0
2300,0,1023,1,30114,0,1,1,2,139,320,900,7528,21,7,0,0,0,0,123,0,0,0,0
2301,0,1023,1,30114,0,1,1,2,139,320,900,7528,21,7,0,0,0,0,123,0,0,0,0
2302,0,1023,1,30114,0,1,1,2,139,320,900,7528,21,7,0,0,0,0,123,0,0,0,0
2303,0,1023,1,30114,0,1,1,2,139,320,900,7528,21,7,0,0,0,0,123,0,0,0,0
2304,0,1023,1,30114,0,1,1,2,139,320,900,7528,21,7,0,0,0,0,123,0,0,0,0
2305,0,1023,1,30114,0,1,1,2,139,320,900,7528,21,7,0,0,0,0,123,0,0,0,0
2306,0,1023,1,30114,0,1,1,2,139,320,900,7528,21,7,0,0,0,0,123,0,0,0,0
2307,0,1023,1,30114,0,1,1,2,139,320,900,7528,21,7,0,0,0,0,123,0,0,0,0
2308,0,1023,1,30114,0,1,1,2,139,320,900,7528,21,7,0,0,0,0,123,0,0,0,0
2309,0,1023,1,30114,0,1,1,2,139,320,900,7528,21,7,0,0,0,0,123,0,0,0,0
2310,0,1023,1,30114,0,1,1,2,139,320,900,7528,21,7,0,0,0,0,123,0,0,0,0
2311,0,1023,1,30114,0,1,1,2,139,320,900,7528,21,7,0,0,0,0,123,0,0,0,0
2312,0,1023,1,30114,0,1,1,2,139,320,900,7528,21,7,0,0,0,0,123,0,0,0,0
2313,0,1023,1,30114,0,1,1,2,139,320,900,7528,21,7,0,0,0,0,123,0,0,0,0
2314,0,1023,1,30114,0,1,1,2,139,320,900,7528,21,7,0,0,0,0,123,0,0,0,0
2315,0,1023,1,30114,0,1,1,2,139,320,900,7528,21,7,0,0,0,0,123,0,0,0,0
2316,0,1023,1,30114,0,1,1,2,139,320,900,7528,21,7,0,0,0,0,123,0,0,0,0
2317,0,1023,1,30114,0,1,1,2,139,320,900,7528,21,7,0,0,0,0,123,0,0,0,0
2318,0,1023,1,30114,0,1,1,2,139,320,900,7528,21,7,0,0,0,0,123,0,0,0,0
2319,0,1023,1,30114,0,1,1,2,139,320,900,7528,21,7,0,0,0,0,123,0,0,0,0
2320,0,1023,1,30114,0,1,1,2,139,320,900,7528,21,7,0,0,0,0,123,0,0,0,0
2321,0,1023,1,30114,0,1,1,2,139,320,900,7528,21,7,0,0,0,0,123,0,0,0,0
2322,0,1023,1,30114,0,1,1,2,139,320,900,7528,21,7,0,0,0,0,123,0,0,0,0
2323,0,1023,1,30114,0,1,1,2,139,320,900,7528,21,7,0,0,0,0,123,0,0,0,0
2324,0,1023,1,30114,0,1,1,2,139,320,900,7528,21,7,0,0,0,0,123,0,0,0,0
2325,0,1023,1,30114,0,1,1,2,139,320,900,7528,21,7,0,0,0,0,123,0,0,0,0
2326,0,1023,1,30114,0,1,1,2,139,320,900,7528,21,7,0,0,0,0,123,0,0,0,0
2327,0,1023,1,30114,0,1,1,2,139,320,900,7528,21,7,0,0,0,0,123,0,0,0,0
2328,0,1023,1,30114,0,1,1,2,139,320,900,7528,21,7,0,0,0,0,123,0,0,0,0
2329,0,1023,1,30114,0,1,1,2,139,320,900,7528,21,7,0,0,0,0,123,0,0,0,0
2330,0,1023,1,30114,0,1,1,2,139,320,900,7528,21,7,0,0,0,0,123,0,0,0,0
2331,0,1023,1,30114,0,1,1,2,139,320,900,7528,21,7,0,0,0,0,123,0,0,0,0
2332,0,1023,1,30114,0,1,1,2,139,320,900,7528,21,7,0,0,0,0,123,0,0,0,0
2333,0,1023,1,30114,0,1,1,2,139,320,900,7528,21,7,0,0,0,0,123,0,0,0,0
2334,0,1023,1,30114,0,1,1,2,139,320,900,7528,21,7,0,0,0,0,123,0,0,0,0
2335,0,1023,1,30114,0,1,1,2,139,320,900,7528,21,7,0,0,0,0,123,0,0,0,0
2336,0,1023,1,30114,0,1,1,2,139,320,900,7528,21,7,0,0,0,0,123,0,0,0,0
2337,0,1023,1,30114,0,1,1,2,139,320,900,7528,21,7,0,0,0,0,123,0,0,0,0
2338,0,1023,1,30114,0,1,1,2,139,320,900,7528,21,7,0,0,0,0,123,0,0,0,0
2339,0,1023,1,30114,0,1,1,2,139,320,900,7528,21,7,0,0,0,0,123,0,0,0,0
2340,0,1023,1,30114,0,1,1,2,139,320,900,7528,21,7,0,0,0,0,123,0,0,0,0
2341,0,1023,1,30114,0,1,1,2,139,320,900,7528,21,7,0,0,0,0,123,0,0,0,0
2342,0,1023,1,30114,0,1,1,2,139,320,900,7528,21,7,0,0,0,0,123,0,0,0,0
2343,0,1023,1,30114,0,1,1,2,139,320,900,7528,21,7,0,0,0,0,123,0,0,0,0
2344,0,1023,1,30114,0,1,1,2,139,320,900,7528,21,7,0,0,0,0,123,0,0,0,0
2345,0,1023,1,30114,0,1,1,2,139,320,900,7528,21,7,0,0,0,0,123,0,0,0,0
2346,0,1023,1,30114,0,1,1,2,139,320,900,7528,21,7,0,0,0,0,123,0,0,0,0
2347,0,1023,1,30114,0,1,1,2,139,320,900,7528,21,7,0,0,0,0,123,0,0,0,0
2348,0,1023,1,30114,0,1,1,2,139,320,900,7528,21,7,0,0,0,0,123,0,0,0,0
2349,0,1023,1,30114,0,1,1,2,139,320,900,7528,21,7,0,0,0,0,123,0,0,0,0
2350,0,1023,1,30114,0,1,1,2,139,320,900,7528,21,7,0,0,0,0,123,0,0,0,0
2351,0,1023,1,30114,0,1,1,2,139,320,900,7528,21,7,0,0,0,0,123,0,0,0,0
2352,0,1023,1,30114,0,1,1,2,139,320,900,7528,21,7,0,0,0,0,123,0,0,0,0
2353,0,1023,1,30114,0,1,1,2,139,320,900,7528,21,7,0,0,0,0,123,0,0,0,0
2354,0,1023,1,30114,0,1,1,2,139,320,900,7528,21,7,0,0,0,0,123,0,0,0,0
2355,0,1023,1,30114,0,1,1,2,139,320,900,7528,21,7,0,0,0,0,123,0,0,0,0
2356,0,1023,1,30114,0,1,1,2,139,320,900,7528,21,7,0,0,0,0,123,0,0,0,0
2357,0,1023,1,30114,0,1,1,2,139,320,900,7528,21,7,0,0,0,0,123,0,0,0,0
2358,0,1023,1,30114,0,1,1,2,139,320,900,7528,21,7,0,0,0,0,123,0,0,0,0
2359,0,1023,1,30114,0,1,1,2,139,320,900,7528,21,7,0,0,0,0,123,0,0,0,0
2360,0,1023,1,30114,0,1,1,2,139,320,900,7528,21,7,0,0,0,0,123,0,0,0,0
2361,0,1023,1,30114,0,1,1,2,139,320,900,7528,21,7,0,0,0,0,123,0,0,0,0
2362,0,1023,1,30114,0,1,1,2,139,320,900,7528,21,7,0,0,0,0,123,0,0,0,0
2363,0,1023,1,30114,0,1,1,2,139,320,900,7528,21,7,0,0,0,0,123,0,0,0,0
2364,0,1023,1,30114,0,1,1,2,139,320,900,7528,21,7,0,0,0,0,123,0,0,0,0
2365,0,1023,1,30114,0,1,1,2,139,320,900,7528,21,7,0,0,0,0,123,0,0,0,0
2366,0,1023,1,30114,0,1,1,2,139,320,900,7528,21,7,0,0,0,0,123,0,0,0,0
2367,0,1023,1,30114,0,1,1,2,139,320,900,7528,21,7,0,0,0,0,123,0,0,0,0
2368,0,1023,1,30114,0,1,1,2,139,320,900,7528,21,7,0,0,0,0,123,0,0,0,0
2369,0,1023,1,30114,0,1,1,2,139,320,900,7528,21,7,0,0,0,0,123,0,0,0,0
2370,0,1023,1,30114,0,1,1,2,139,320,900,7528,21,7,0,0,0,0,123,0,0,0,0
2371,0,1023,1,30114,0,1,1,2,139,320,900,7528,21,7,0,0,0,0,123,0,0,0,0
2372,0,1023,1,30114,0,1,1,2,139,320,900,7528,21,7,0,0,0,0,123,0,0,0,0
2373,0,1023,1,30114,0,1,1,2,139,320,900,7528,21,7,0,0,0,0,123,0,0,0,0
2374,0,1023,1,30114,0,1,1,2,139,320,900,7528,21,7,0,0,0,0,123,0,0,0,0
2375,0,1023,1,30114,0,1,1,2,139,320,900,7528,21,7,0,0,0,0,123,0,0,0,0
2376,0,1023,1,30114,0,1,1,2,139,320,900,7528,21,7,0,0,0,0,123,0,0,0,0
2377,0,1023,1,30114,0,1,1,2,139,320,900,7528,21,7,0,0,0,0,123,0,0,0,0
2378,0,1023,1,30114,0,1,1,2,139,320,900,7528,21,7,0,0,0,0,123,0,0,0,0
2379,0,1023,1,30114,0,1,1,2,139,320,900,7528,21,7,0,0,0,0,123,0,0,0,0
2380,0,1023,1,30114,0,1,1,2,139,320,900,7528,21,7,0,0,0,0,123,0,0,0,0
2381,0,1023,1,30114,0,1,1,2,139,320,900,7528,21,7,0,0,0,0,123,0,0,0,0
2382,0,1023,1,30114,0,1,1,2,139,320,900,7528,21,7,0,0,0,0,123,0,0,0,0
2383,0,1023,1,30114,0,1,1,2,139,320,900,7528,21,7,0,0,0,0,123,0,0,0,0
2384,0,1023,1,30114,0,1,1,2,139,320,900,7528,21,7,0,0,0,0,123,0,0,0,0
2385,0,1023,1,30114,0,1,1,2,139,320,900,7528,21,7,0,0,0,0,123,0,0,0,0
2386,0,1023,1,30114,0,1,1,2,139,320,900,7528,21,7,0,0,0,0,123,0,0,0,0
2387,0,1023,1,30114,0,1,1,2,139,320,900,7528,21,7,0,0,0,0,123,0,0,0,0
2388,0,1023,1,30114,0,1,1,2,139,320,900,7528,21,7,0,0,0,0,123,0,0,0,0
2389,0,1023,1,30114,0,1,1,2,139,320,900,7528,21,7,0,0,0,0,123,0,0,0,0
2390,0,1023,1,30114,0,1,1,2,139,320,900,7528,21,7,0,0,0,0,123,0,0,0,0
2391,0,1023,1,30114,0,1,1,2,139,320,900,7528,21,7,0,0,0,0,123,0,0,0,0
2392,0,1023,1,30114,0,1,1,2,139,320,900,7528,21,7,0,0,0,0,123,0,0,0,0
2393,0,1023,1,30114,0,1,1,2,139,320,900,7528,21,7,0,0,0,0,123,0,0,0,0
2394,0,1023,1,30114,0,1,1,2,139,320,900,7528,21,7,0,0,0,0,123,0,0,0,0
2395,0,1023,1,30114,0,1,1,2,139,320,900,7528,21,7,0,0,0,0,123,0,0,0,0
2396,0,1023,1,30114,0,1,1,2,139,320,900,7528,21,7,0,0,0,0,123,0,0,0,0
2397,0,1023,1,30114,0,1,1,2,139,320,900,7528,21,7,0,0,0,0,123,0,0,0,0
2398,0,1023,1,30114,0,1,1,2,139,320,900,7528,21,7,0,0,0,0,123,0,0,0,0
2399,0,1023,1,30114,0,1,1,2,139,320,900,7528,21,7,0,0,0,0,123,0,0,0,0
2400,0,1023,1,30114,0,1,1,2,139,320,900,7528,21,7,0,0,0,0,123,0,0,0,0
2401,0,1023,1,30114,0,1,1,2,139,320,900,7528,21,7,0,0,0,0,123,0,0,0,0
2402,0,1023,1,30114,0,1,1,2,139,320,900,7528,21,7,0,0,0,0,123,0,0,0,0
2403,0,1023,1,30114,0,1,1,2,139,320,900,7528,21,7,0,0,0,0,123,0,0,0,0
2404,0,1023,1,30114,0,1,1,2,139,320,900,7528,21,7,0,0,0,0,123,0,0,0,0
2405,0,1023,1,30114,0,1,1,2,139,320,900,7528,21,7,0,0,0,0,123,0,0,0,0
2406,0,1023,1,30114,0,1,1,2,139,320,900,7528,21,7,0,0,0,0,123,0,0,0,0
2407,0,1023,1,30114,0,1,1,2,139,320,900,7528,21,7,0,0,0,0,123,0,0,0,0
2408,0,1023,1,30114,0,1,1,2,139,320,900,7528,21,7,0,0,0,0,123,0,0,0,0
2409,0,1023,1,30114,0,1,1,2,139,320,900,7528,21,7,0,0,0,0,123,0,0,0,0
2410,0,1023,1,30114,0,1,1,2,139,320,900,7528,21,7,0,0,0,0,123,0,0,0,0
2411,0,1023,1,30114,0,1,1,2,139,320,900,7528,21,7,0,0,0,0,123,0,0,0,0
2412,0,1023,1,30114,0,1,1,2,139,320,900,7528,21,7,0,0,0,0,123,0,0,0,0
2413,0,1023,1,30114,0,1,1,2,139,320,900,7528,21,7,0,0,0,0,123,0,0,0,0
2414,0,1023,1,30114,0,1,1,2,139,320,900,7528,21,7,0,0,0,0,123,0,0,0,0
2415,0,1023,1,30114,0,1,1,2,139,320,900,7528,21,7,0,0,0,0,123,0,0,0,0
2416,0,1023,1,30114,0,1,1,2,139,320,900,7528,21,7,0,0,0,0,123,0,0,0,0
2417,0,1023,1,30114,0,1,1,2,139,320,900,7528,21,7,0,0,0,0,123,0,0,0,0
2418,0,1023,1,30114,0,1,1,2,139,320,900,7528,21,7,0,0,0,0,123,0,0,0,0
2419,0,1023,1,30114,0,1,1,2,139,320,900,7528,21,7,0,0,0,0,123,0,0,0,0
2420,0,1023,1,30114,0,1,1,2,139,320,900,7528,21,7,0,0,0,0,123,0,0,0,0
2421,0,1023,1,30114,0,1,1,2,139,320,900,7528,21,7,0,0,0,0,123,0,0,0,0
2422,0,1023,1,30114,0,1,1,2,139,320,900,7528,21,7,0,0,0,0,123,0,0,0,0
2423,0,1023,1,30114,0,1,1,2,139,320,900,7528,21,7,0,0,0,0,123,0,0,0,0
2424,0,1023,1,30114,0,1,1,2,139,320,900,7528,21,7,0,0,0,0,123,0,0,0,0
2425,0,1023,1,30114,0,1,1,2,139,320,900,7528,21,7,0,0,0,0,123,0,0,0,0
2426,0,1023,1,30114,0,1,1,2,139,320,900,7528,21,7,0,0,0,0,123,0,0,0,0
2427,0,1023,1,30114,0,1,1,2,139,320,900,7528,21,7,0,0,0,0,123,0,0,0,0
2428,0,1023,1,30114,0,1,1,2,139,320,900,7528,21,7,0,0,0,0,123,0,0,0,0
2429,0,1023,1,30114,0,1,1,2,139,320,900,7528,21,7,0,0,0,0,123,0,0,0,0
2430,0,1023,1,30114,0,1,1,2,139,320,900,7528,21,7,0,0,0,0,123,0,0,0,0
2431,0,1023,1,30114,0,1,1,2,139,320,900,7528,21,7,0,0,0,0,123,0,0,0,0
2432,0,1023,1,30114,0,1,1,2,139,320,900,7528,21,7,0,0,0,0,123,0,0,0,0
2433,0,1023,1,30114,0,1,1,2,139,320,900,7528,21,7,0,0,0,0,123,0,0,0,0
2434,0,1023,1,30114,0,1,1,2,139,320,900,7528,21,7,0,0,0,0,123,0,0,0,0
2435,0,1023,1,30114,0,1,1,2,139,320,900,7528,21,7,0,0,0,0,123,0,0,0,0
2436,0,1023,1,30114,0,1,1,2,139,320,900,7528,21,7,0,0,0,0,123,0,0,0,0
2437,0,1023,1,30114,0,1,1,2,139,320,900,7528,21,7,0,0,0,0,123,0,0,0,0
2438,0,1023,1,30114,0,1,1,2,139,320,900,7528,21,7,0,0,0,0,123,0,0,0,0
2439,0,1023,1,30114,0,1,1,2,139,320,900,7528,21,7,0,0,0,0,123,0,0,0,0
2440,0,1023,1,30114,0,1,1,2,139,320,900,7528,21,7,0,0,0,0,123,0,0,0,0
2441,0,1023,1,30114,0,1,1,2,139,320,900,7528,21,7,0,0,0,0,123,0,0,0,0
2442,0,1023,1,30114,0,1,1,2,139,320,900,7528,21,7,0,0,0,0,123,0,0,0,0
2443,0,1023,1,30114,0,1,1,2,139,320,900,7528,21,7,0,0,0,0,123,0,0,0,0
2444,0,1023,1,30114,0,1,1,2,139,320,900,7528,21,7,0,0,0,0,123,0,0,0,0
2445,0,1023,1,30114,0,1,1,2,139,320,900,7528,21,7,0,0,0,0,123,0,0,0,0
2446,0,1023,1,30114,0,1,1,2,139,320,900,7528,21,7,0,0,0,0,123,0,0,0,0
2447,0,1023,1,30114,0,1,1,2,139,320,900,7528,21,7,0,0,0,0,123,0,0,0,0
2448,0,1023,1,30114,0,1,1,2,139,320,900,7528,21,7,0,0,0,0,123,0,0,0,0
2449,0,1023,1,30114,0,1,1,2,139,320,900,7528,21,7,0,0,0,0,123,0,0,0,0
2450,0,1023,1,30114,0,1,1,2,139,320,900,7528,21,7,0,0,0,0,123,0,0,0,0
2451,0,1023,1,30114,0,1,1,2,139,320,900,7528,21,7,0,0,0,0,123,0,0,0,0
2452,0,1023,1,30114,0,1,1,2,139,320,900,7528,21,7,0,0,0,0,123,0,0,0,0
2453,0,1023,1,30114,0,1,1,2,139,320,900,7528,21,7,0,0,0,0,123,0,0,0,0
2454,0,1023,1,30114,0,1,1,2,139,320,900,7528,21,7,0,0,0,0,123,0,0,0,0
2455,0,1023,1,30114,0,1,1,2,139,320,900,7528,21,7,0,0,0,0,123,0,0,0,0
2456,0,1023,1,30114,0,1,1,2,139,320,900,7528,21,7,0,0,0,0,123,0,0,0,0
2457,0,1023,1,30114,0,1,1,2,139,320,900,7528,21,7,0,0,0,0,123,0,0,0,0
2458,0,1023,1,30114,0,1,1,2,139,320,900,7528,21,7,0,0,0,0,123,0,0,0,0
2459,0,1023,1,30114,0,1,1,2,139,320,900,7528,21,7,0,0,0,0,123,0,0,0,0
2460,0,1023,1,30114,0,1,1,2,139,320,900,7528,21,7,0,0,0,0,123,0,0,0,0
2461,0,1023,1,30114,0,1,1,2,139,320,900,7528,21,7,0,0,0,0,123,0,0,0,0
2462,0,1023,1,30114,0,1,1,2,139,320,900,7528,21,7,0,0,0,0,123,0,0,0,0
2463,0,1023,1,30114,0,1,1,2,139,320,900,7528,21,7,0,0,0,0,123,0,0,0,0
2464,0,1023,1,30114,0,1,1,2,139,320,900,7528,21,7,0,0,0,0,123,0,0,0,0
2465,0,1023,1,30114,0,1,1,2,139,320,900,7528,21,7,0,0,0,0,123,0,0,0,0
2466,0,1023,1,30114,0,1,1,2,139,320,900,7528,21,7,0,0,0,0,123,0,0,0,0
2467,0,1023,1,30114,0,1,1,2,139,320,900,7528,21,7,0,0,0,0,123,0,0,0,0
2468,0,1023,1,30114,0,1,1,2,139,320,900,7528,21,7,0,0,0,0,123,0,0,0,0
2469,0,1023,1,30114,0,1,1,2,139,320,900,7528,21,7,0,0,0,0,123,0,0,0,0
2470,0,1023,1,30114,0,1,1,2,139,320,900,7528,21,7,0,0,0,0,123,0,0,0,0
2471,0,1023,1,30114,0,1,1,2,139,320,900,7528,21,7,0,0,0,0,123,0,0,0,0
2472,0,1023,1,30114,0,1,1,2,139,320,900,7528,21,7,0,0,0,0,123,0,0,0,0
2473,0,1023,1,30114,0,1,1,2,139,320,900,7528,21,7,0,0,0,0,123,0,0,0,0
2474,0,1023,1,30114,0,1,1,2,139,320,900,7528,21,7,0,0,0,0,123,0,0,0,0
2475,0,1023,1,30114,0,1,1,2,139,320,900,7528,21,7,0,0,0,0,123,0,0,0,0
2476,0,1023,1,30114,0,1,1,2,139,320,900,7528,21,7,0,0,0,0,123,0,0,0,0
2477,0,1023,1,30114,0,1,1,2,139,320,900,7528,21,7,0,0,0,0,123,0,0,0,0
2478,0,1023,1,30114,0,1,1,2,139,320,900,7528,21,7,0,0,0,0,123,0,0,0,0
2479,0,1023,1,30114,0,1,1,2,139,320,900,7528,21,7,0,0,0,0,123,0,0,0,0
2480,0,1023,1,30114,0,1,1,2,139,320,900,7528,21,7,0,0,0,0,123,0,0,0,0
2481,0,1023,1,30114,0,1,1,2,139,320,900,7528,21,7,0,0,0,0,123,0,0,0,0
2482,0,1023,1,30114,0,1,1,2,139,320,900,7528,21,7,0,0,0,0,123,0,0,0,0
2483,0,1023,1,30114,0,1,1,2,139,320,900,7528,21,7,0,0,0,0,123,0,0,0,0
2484,0,1023,1,30114,0,1,1,2,139,320,900,7528,21,7,0,0,0,0,123,0,0,0,0
2485,0,1023,1,30114,0,1,1,2,139,320,900,7528,21,7,0,0,0,0,123,0,0,0,0
2486,0,1023,1,30114,0,1,1,2,139,320,900,7528,21,7,0,0,0,0,123,0,0,0,0
2487,0,1023,1,30114,0,1,1,2,139,320,900,7528,21,7,0,0,0,0,123,0,0,0,0
2488,0,1023,1,30114,0,1,1,2,139,320,900,7528,21,7,0,0,0,0,123,0,0,0,0
2489,0,1023,1,30114,0,1,1,2,139,320,900,7528,21,7,0,0,0,0,123,0,0,0,0
2490,0,1023,1,30114,0,1,1,2,139,320,900,7528,21,7,0,0,0,0,123,0,0,0,0
2491,0,1023,1,30114,0,1,1,2,139,320,900,7528,21,7,0,0,0,0,123,0,0,0,0
2492,0,1023,1,30114,0,1,1,2,139,320,900,7528,21,7,0,0,0,0,123,0,0,0,0
2493,0,1023,1,30114,0,1,1,2,139,320,900,7528,21,7,0,0,0,0,123,0,0,0,0
2494,0,1023,1,30114,0,1,1,2,139,320,900,7528,21,7,0,0,0,0,123,0,0,0,0
2495,0,1023,1,30114,0,1,1,2,139,320,900,7528,21,7,0,0,0,0,123,0,0,0,0
2496,0,1023,1,30114,0,1,1,2,139,320,900,7528,21,7,0,0,0,0,123,0,0,0,0
2497,0,1023,1,30114,0,1,1,2,139,320,900,7528,21,7,0,0,0,0,123,0,0,0,0
2498,0,1023,1,30114,0,1,1,2,139,320,900,7528,21,7,0,0,0,0,123,0,0,0,0
2499,0,1023,1,30114,0,1,1,2,139,320,900,7528,21,7,0,0,0,0,123,0,0,0,0
2500,0,1023,1,30114,0,1,1,2,139,320,900,7528,21,7,0,0,0,0,123,0,0,0,0
2501,0,1023,1,30114,0,1,1,2,139,320,900,7528,21,7,0,0,0,0,123,0,0,0,0
2502,0,1023,1,30114,0,1,1,2,139,320,900,7528,21,7,0,0,0,0,123,0,0,0,0
2503,0,1023,1,30114,0,1,1,2,139,320,900,7528,21,7,0,0,0,0,123,0,0,0,0
2504,0,1023,1,30114,0,1,1,2,139,320,900,7528,21,7,0,0,0,0,123,0,0,0,0
2505,0,1023,1,30114,0,1,1,2,139,320,900,7528,21,7,0,0,0,0,123,0,0,0,0
2506,0,1023,1,30114,0,1,1,2,139,320,900,7528,21,7,0,0,0,0,123,0,0,0,0
2507,0,1023,1,30114,0,1,1,2,139,320,900,7528,21,7,0,0,0,0,123,0,0,0,0
2508,0,1023,1,30114,0,1,1,2,139,320,900,7528,21,7,0,0,0,0,123,0,0,0,0
2509,0,1023,1,30114,0,1,1,2,139,320,900,7528,21,7,0,0,0,0,123,0,0,0,0
2510,0,1023,1,30114,0,1,1,2,139,320,900,7528,21,7,0,0,0,0,123,0,0,0,0
2511,0,1023,1,30114,0,1,1,2,139,320,900,7528,21,7,0,0,0,0,123,0,0,0,0
2512,0,1023,1,30114,0,1,1,2,139,320,900,7528,21,7,0,0,0,0,123,0,0,0,0
2513,0,1023,1,30114,0,1,1,2,139,320,900,7528,21,7,0,0,0,0,123,0,0,0,0
2514,0,1023,1,30114,0,1,1,2,139,320,900,7528,21,7,0,0,0,0,123,0,0,0,0
2515,0,1023,1,30114,0,1,1,2,139,320,900,7528,21,7,0,0,0,0,123,0,0,0,0
2516,0,1023,1,30114,0,1,1,2,139,320,900,7528,21,7,0,0,0,0,123,0,0,0,0
2517,0,1023,1,30114,0,1,1,2,139,320,900,7528,21,7,0,0,0,0,123,0,0,0,0
2518,0,1023,1,30114,0,1,1,2,139,320,900,7528,21,7,0,0,0,0,123,0,0,0,0
2519,0,1023,1,30114,0,1,1,2,139,320,900,7528,21,7,0,0,0,0,123,0,0,0,0
2520,0,1023,1,30114,0,1,1,2,139,320,900,7528,21,7,0,0,0,0,123,0,0,0,0
2521,0,1023,1,30114,0,1,1,2,139,320,900,7528,21,7,0,0,0,0,123,0,0,0,0
2522,0,1023,1,30114,0,1,1,2,139,320,900,7528,21,7,0,0,0,0,123,0,0,0,0
2523,0,1023,1,30114,0,1,1,2,139,320,900,7528,21,7,0,0,0,0,123,0,0,0,0
2524,0,1023,1,30114,0,1,1,2,139,320,900,7528,21,7,0,0,0,0,123,0,0,0,0
2525,0,1023,1,30114,0,1,1,2,139,320,900,7528,21,7,0,0,0,0,123,0,0,0,0
2526,0,1023,1,30114,0,1,1,2,139,320,900,7528,21,7,0,0,0,0,123,0,0,0,0
2527,0,1023,1,30114,0,1,1,2,139,320,900,7528,21,7,0,0,0,0,123,0,0,0,0
2528,0,1023,1,30114,0,1,1,2,139,320,900,7528,21,7,0,0,0,0,123,0,0,0,0
2529,0,1023,1,30114,0,1,1,2,139,320,900,7528,21,7,0,0,0,0,123,0,0,0,0
2530,0,1023,1,30114,0,1,1,2,139,320,900,7528,21,7,0,0,0,0,123,0,0,0,0
2531,0,1023,1,30114,0,1,1,2,139,320,900,7528,21,7,0,0,0,0,123,0,0,0,0
2532,0,1023,1,30114,0,1,1,2,139,320,900,7528,21,7,0,0,0,0,123,0,0,0,0
2533,0,1023,1,30114,0,1,1,2,139,320,900,7528,21,7,0,0,0,0,123,0,0,0,0
2534,0,1023,1,30114,0,1,1,2,139,320,900,7528,21,7,0,0,0,0,123,0,0,0,0
2535,0,1023,1,30114,0,1,1,2,139,320,900,7528,21,7,0,0,0,0,123,0,0,0,0
2536,0,1023,1,30114,0,1,1,2,139,320,900,7528,21,7,0,0,0,0,123,0,0,0,0
2537,0,1023,1,30114,0,1,1,2,139,320,900,7528,21,7,0,0,0,0,123,0,0,0,0
2538,0,1023,1,30114,0,1,1,2,139,320,900,7528,21,7,0,0,0,0,123,0,0,0,0
2539,0,1023,1,30114,0,1,1,2,139,320,900,7528,21,7,0,0,0,0,123,0,0,0,0
2540,0,1023,1,30114,0,1,1,2,139,320,900,7528,21,7,0,0,0,0,123,0,0,0,0
2541,0,1023,1,30114,0,1,1,2,139,320,900,7528,21,7,0,0,0,0,123,0,0,0,0
2542,0,1023,1,30114,0,1,1,2,139,320,900,7528,21,7,0,0,0,0,123,0,0,0,0
2543,0,1023,1,30114,0,1,1,2,139,320,900,7528,21,7,0,0,0,0,123,0,0,0,0
2544,0,1023,1,30114,0,1,1,2,139,320,900,7528,21,7,0,0,0,0,123,0,0,0,0
2545,0,1023,1,30114,0,1,1,2,139,320,900,7528,21,7,0,0,0,0,123,0,0,0,0
2546,0,1023,1,30114,0,1,1,2,139,320,900,7528,21,7,0,0,0,0,123,0,0,0,0
2547,0,1023,1,30114,0,1,1,2,139,320,900,7528,21,7,0,0,0,0,123,0,0,0,0
2548,0,1023,1,30114,0,1,1,2,139,320,900,7528,21,7,0,0,0,0,123,0,0,0,0
2549,0,1023,1,30114,0,1,1,2,139,320,900,7528,21,7,0,0,0,0,123,0,0,0,0
2550,0,1023,1,30114,0,1,1,2,139,320,900,7528,21,7,0,0,0,0,123,0,0,0,0
2551,0,1023,1,30114,0,1,1,2,139,320,900,7528,21,7,0,0,0,0,123,0,0,0,0
2552,0,1023,1,30114,0,1,1,2,139,320,900,7528,21,7,0,0,0,0,123,0,0,0,0
2553,0,1023,1,30114,0,1,1,2,139,320,900,7528,21,7,0,0,0,0,123,0,0,0,0
2554,0,1023,1,30114,0,1,1,2,139,320,900,7528,21,7,0,0,0,0,123,0,0,0,0
2555,0,1023,1,30114,0,1,1,2,139,320,900,7528,21,7,0,0,0,0,123,0,0,0,0
2556,0,1023,1,30114,0,1,1,2,139,320,900,7528,21,7,0,0,0,0,123,0,0,0,0
2557,0,1023,1,30114,0,1,1,2,139,320,900,7528,21,7,0,0,0,0,123,0,0,0,0
2558,0,1023,1,30114,0,1,1,2,139,320,900,7528,21,7,0,0,0,0,123,0,0,0,0
2559,0,1023,1,30114,0,1,1,2,139,320,900,7528,21,7,0,0,0,0,123,0,0,0,0
2560,0,1023,1,30114,0,1,1,2,139,320,900,7528,21,7,0,0,0,0,123,0,0,0,0
2561,0,1023,1,30114,0,1,1,2,139,320,900,7528,21,7,0,0,0,0,123,0,0,0,0
2562,0,1023,1,30114,0,1,1,2,139,320,900,7528,21,7,0,0,0,0,123,0,0,0,0
2563,0,1023,1,30114,0,1,1,2,139,320,900,7528,21,7,0,0,0,0,123,0,0,0,0
2564,0,1023,1,30114,0,1,1,2,139,320,900,7528,21,7,0,0,0,0,123,0,0,0,0
2565,0,1023,1,30114,0,1,1,2,139,320,900,7528,21,7,0,0,0,0,123,0,0,0,0
2566,0,1023,1,30114,0,1,1,2,139,320,900,7528,21,7,0,0,0,0,123,0,0,0,0
2567,0,1023,1,30114,0,1,1,2,139,320,900,7528,21,7,0,0,0,0,123,0,0,0,0
2568,0,1023,1,30114,0,1,1,2,139,320,900,7528,21,7,0,0,0,0,123,0,0,0,0
2569,0,1023,1,30114,0,1,1,2,139,320,900,7528,21,7,0,0,0,0,123,0,0,0,0
2570,0,1023,1,30114,0,1,1,2,139,320,900,7528,21,7,0,0,0,0,123,0,0,0,0
2571,0,1023,1,30114,0,1,1,2,139,320,900,7528,21,7,0,0,0,0,123,0,0,0,0
2572,0,1023,1,30114,0,1,1,2,139,320,900,7528,21,7,0,0,0,0,123,0,0,0,0
2573,0,1023,1,30114,0,1,1,2,139,320,900,7528,21,7,0,0,0,0,123,0,0,0,0
2574,0,1023,1,30114,0,1,1,2,139,320,900,7528,21,7,0,0,0,0,123,0,0,0,0
2575,0,1023,1,30114,0,1,1,2,139,320,900,7528,21,7,0,0,0,0,123,0,0,0,0
2576,0,1023,1,30114,0,1,1,2,139,320,900,7528,21,7,0,0,0,0,123,0,0,0,0
2577,0,1023,1,30114,0,1,1,2,139,320,900,7528,21,7,0,0,0,0,123,0,0,0,0
2578,0,1023,1,30114,0,1,1,2,139,320,900,7528,21,7,0,0,0,0,123,0,0,0,0
2579,0,1023,1,30114,0,1,1,2,139,320,900,7528,21,7,0,0,0,0,123,0,0,0,0
2580,0,1023,1,30114,0,1,1,2,139,320,900,7528,21,7,0,0,0,0,123,0,0,0,0
2581,0,1023,1,30114,0,1,1,2,139,320,900,7528,21,7,0,0,0,0,123,0,0,0,0
2582,0,1023,1,30114,0,1,1,2,139,320,900,7528,21,7,0,0,0,0,123,0,0,0,0
2583,0,1023,1,30114,0,1,1,2,139,320,900,7528,21,7,0,0,0,0,123,0,0,0,0
2584,0,1023,1,30114,0,1,1,2,139,320,900,7528,21,7,0,0,0,0,123,0,0,0,0
2585,0,1023,1,30114,0,1,1,2,139,320,900,7528,21,7,0,0,0,0,123,0,0,0,0
2586,0,1023,1,30114,0,1,1,2,139,320,900,7528,21,7,0,0,0,0,123,0,0,0,0
2587,0,1023,1,30114,0,1,1,2,139,320,900,7528,21,7,0,0,0,0,123,0,0,0,0
2588,0,1023,1,30114,0,1,1,2,139,320,900,7528,21,7,0,0,0,0,123,0,0,0,0
2589,0,1023,1,30114,0,1,1,2,139,320,900,7528,21,7,0,0,0,0,123,0,0,0,0
2590,0,1023,1,30114,0,1,1,2,139,320,900,7528,21,7,0,0,0,0,123,0,0,0,0
2591,0,1023,1,30114,0,1,1,2,139,320,900,7528,21,7,0,0,0,0,123,0,0,0,0
2592,0,1023,1,30114,0,1,1,2,139,320,900,7528,21,7,0,0,0,0,123,0,0,0,0
2593,0,1023,1,30114,0,1,1,2,139,320,900,7528,21,7,0,0,0,0,123,0,0,0,0
2594,0,1023,1,30114,0,1,1,2,139,320,900,7528,21,7,0,0,0,0,123,0,0,0,0
2595,0,1023,1,30114,0,1,1,2,139,320,900,7528,21,7,0,0,0,0,123,0,0,0,0
2596,0,1023,1,30114,0,1,1,2,139,320,900,7528,21,7,0,0,0,0,123,0,0,0,0
2597,0,1023,1,30114,0,1,1,2,139,320,900,7528,21,7,0,0,0,0,123,0,0,0,0
2598,0,1023,1,30114,0,1,1,2,139,320,900,7528,21,7,0,0,0,0,123,0,0,0,0
2599,0,1023,1,30114,0,1,1,2,139,320,900,7528,21,7,0,0,0,0,123,0,0,0,0
2600,0,1023,1,30114,0,1,1,2,139,320,900,7528,21,7,0,0,0,0,123,0,0,0,0
2601,0,1023,1,30114,0,1,1,2,139,320,900,7528,21,7,0,0,0,0,123,0,0,0,0
2602,0,1023,1,30114,0,1,1,2,139,320,900,7528,21,7,0,0,0,0,123,0,0,0,0
2603,0,1023,1,30114,0,1,1,2,139,320,900,7528,21,7,0,0,0,0,123,0,0,0,0
2604,0,1023,1,30114,0,1,1,2,139,320,900,7528,21,7,0,0,0,0,123,0,0,0,0
2605,0,1023,1,30114,0,1,1,2,139,320,900,7528,21,7,0,0,0,0,123,0,0,0,0
2606,0,1023,1,30114,0,1,1,2,139,320,900,7528,21,7,0,0,0,0,123,0,0,0,0
2607,0,1023,1,30114,0,1,1,2,139,320,900,7528,21,7,0,0,0,0,123,0,0,0,0
2608,0,1023,1,30114,0,1,1,2,139,320,900,7528,21,7,0,0,0,0,123,0,0,0,0
2609,0,1023,1,30114,0,1,1,2,139,320,900,7528,21,7,0,0,0,0,123,0,0,0,0
2610,0,1023,1,30114,0,1,1,2,139,320,900,7528,21,7,0,0,0,0,123,0,0,0,0
2611,0,1023,1,30114,0,1,1,2,139,320,900,7528,21,7,0,0,0,0,123,0,0,0,0
2612,0,1023,1,30114,0,1,1,2,139,320,900,7528,21,7,0,0,0,0,123,0,0,0,0
2613,0,1023,1,30114,0,1,1,2,139,320,900,7528,21,7,0,0,0,0,123,0,0,0,0
2614,0,1023,1,30114,0,1,1,2,139,320,900,7528,21,7,0,0,0,0,123,0,0,0,0
2615,0,1023,1,30114,0,1,1,2,139,320,900,7528,21,7,0,0,0,0,123,0,0,0,0
2616,0,1023,1,30114,0,1,1,2,139,320,900,7528,21,7,0,0,0,0,123,0,0,0,0
2617,0,1023,1,30114,0,1,1,2,139,320,900,7528,21,7,0,0,0,0,123,0,0,0,0
2618,0,1023,1,30114,0,1,1,2,139,320,900,7528,21,7,0,0,0,0,123,0,0,0,0
2619,0,1023,1,30114,0,1,1,2,139,320,900,7528,21,7,0,0,0,0,123,0,0,0,0
2620,0,1023,1,30114,0,1,1,2,139,320,900,7528,21,7,0,0,0,0,123,0,0,0,0
2621,0,1023,1,30114,0,1,1,2,139,320,900,7528,21,7,0,0,0,0,123,0,0,0,0
2622,0,1023,1,30114,0,1,1,2,139,320,900,7528,21,7,0,0,0,0,123,0,0,0,0
2623,0,1023,1,30114,0,1,1,2,139,320,900,7528,21,7,0,0,0,0,123,0,0,0,0
2624,0,1023,1,30114,0,1,1,2,139,320,900,7528,21,7,0,0,0,0,123,0,0,0,0
2625,0,1023,1,30114,0,1,1,2,139,320,900,7528,21,7,0,0,0,0,123,0,0,0,0
2626,0,1023,1,30114,0,1,1,2,139,320,900,7528,21,7,0,0,0,0,123,0,0,0,0
2627,0,1023,1,30114,0,1,1,2,139,320,900,7528,21,7,0,0,0,0,123,0,0,0,0
2628,0,1023,1,30114,0,1,1,2,139,320,900,7528,21,7,0,0,0,0,123,0,0,0,0
2629,0,1023,1,30114,0,1,1,2,139,320,900,7528,21,7,0,0,0,0,123,0,0,0,0
2630,0,1023,1,30114,0,1,1,2,139,320,900,7528,21,7,0,0,0,0,123,0,0,0,0
2631,0,1023,1,30114,0,1,1,2,139,320,900,7528,21,7,0,0,0,0,123,0,0,0,0
2632,0,1023,1,30114,0,1,1,2,139,320,900,7528,21,7,0,0,0,0,123,0,0,0,0
2633,0,1023,1,30114,0,1,1,2,139,320,900,7528,21,7,0,0,0,0,123,0,0,0,0
2634,0,1023,1,30114,0,1,1,2,139,320,900,7528,21,7,0,0,0,0,123,0,0,0,0
2635,0,1023,1,30114,0,1,1,2,139,320,900,7528,21,7,0,0,0,0,123,0,0,0,0
2636,0,1023,1,30114,0,1,1,2,139,320,900,7528,21,7,0,0,0,0,123,0,0,0,0
2637,0,1023,1,30114,0,1,1,2,139,320,900,7528,21,7,0,0,0,0,123,0,0,0,0
2638,0,1023,1,30114,0,1,1,2,139,320,900,7528,21,7,0,0,0,0,123,0,0,0,0
2639,0,1023,1,30114,0,1,1,2,139,320,900,7528,21,7,0,0,0,0,123,0,0,0,0
2640,0,1023,1,30114,0,1,1,2,139,320,900,7528,21,7,0,0,0,0,123,0,0,0,0
2641,0,1023,1,30114,0,1,1,2,139,320,900,7528,21,7,0,0,0,0,123,0,0,0,0
2642,0,1023,1,30114,0,1,1,2,139,320,900,7528,21,7,0,0,0,0,123,0,0,0,0
2643,0,1023,1,30114,0,1,1,2,139,320,900,7528,21,7,0,0,0,0,123,0,0,0,0
2644,0,1023,1,30114,0,1,1,2,139,320,900,7528,21,7,0,0,0,0,123,0,0,0,0
2645,0,1023,1,30114,0,1,1,2,139,320,900,7528,21,7,0,0,0,0,123,0,0,0,0
2646,0,1023,1,30114,0,1,1,2,139,320,900,7528,21,7,0,0,0,0,123,0,0,0,0
2647,0,1023,1,30114,0,1,1,2,139,320,900,7528,21,7,0,0,0,0,123,0,0,0,0
2648,0,1023,1,30114,0,1,1,2,139,320,900,7528,21,7,0,0,0,0,123,0,0,0,0
2649,0,1023,1,30114,0,1,1,2,139,320,900,7528,21,7,0,0,0,0,123,0,0,0,0
2650,0,1023,1,30114,0,1,1,2,139,320,900,7528,21,7,0,0,0,0,123,0,0,0,0
2651,0,1023,1,30114,0,1,1,2,139,320,900,7528,21,7,0,0,0,0,123,0,0,0,0
2652,0,1023,1,30114,0,1,1,2,139,320,900,7528,21,7,0,0,0,0,123,0,0,0,0
2653,0,1023,1,30114,0,1,1,2,139,320,900,7528,21,7,0,0,0,0,123,0,0,0,0
2654,0,1023,1,30114,0,1,1,2,139,320,900,7528,21,7,0,0,0,0,123,0,0,0,0
2655,0,1023,1,30114,0,1,1,2,139,320,900,7528,21,7,0,0,0,0,123,0,0,0,0
2656,0,1023,1,30114,0,1,1,2,139,320,900,7528,21,7,0,0,0,0,123,0,0,0,0
2657,0,1023,1,30114,0,1,1,2,139,320,900,7528,21,7,0,0,0,0,123,0,0,0,0
2658,0,1023,1,30114,0,1,1,2,139,320,900,7528,21,7,0,0,0,0,123,0,0,0,0
2659,0,1023,1,30114,0,1,1,2,139,320,900,7528,21,7,0,0,0,0,123,0,0,0,0
2660,0,1023,1,30114,0,1,1,2,139,320,900,7528,21,7,0,0,0,0,123,0,0,0,0
2661,0,1023,1,30114,0,1,1,2,139,320,900,7528,21,7,0,0,0,0,123,0,0,0,0
2662,0,1023,1,30114,0,1,1,2,139,320,900,7528,21,7,0,0,0,0,123,0,0,0,0
2663,0,1023,1,30114,0,1,1,2,139,320,900,7528,21,7,0,0,0,0,123,0,0,0,0
2664,0,1023,1,30114,0,1,1,2,139,320,900,7528,21,7,0,0,0,0,123,0,0,0,0
2665,0,1023,1,30114,0,1,1,2,139,320,900,7528,21,7,0,0,0,0,123,0,0,0,0
2666,0,1023,1,30114,0,1,1,2,139,320,900,7528,21,7,0,0,0,0,123,0,0,0,0
2667,0,1023,1,30114,0,1,1,2,139,320,900,7528,21,7,0,0,0,0,123,0,0,0,0
2668,0,1023,1,30114,0,1,1,2,139,320,900,7528,21,7,0,0,0,0,123,0,0,0,0
2669,0,1023,1,30114,0,1,1,2,139,320,900,7528,21,7,0,0,0,0,123,0,0,0,0
2670,0,1023,1,30114,0,1,1,2,139,320,900,7528,21,7,0,0,0,0,123,0,0,0,0
2671,0,1023,1,30114,0,1,1,2,139,320,900,7528,21,7,0,0,0,0,123,0,0,0,0
2672,0,1023,1,30114,0,1,1,2,139,320,900,7528,21,7,0,0,0,0,123,0,0,0,0
2673,0,1023,1,30114,0,1,1,2,139,320,900,7528,21,7,0,0,0,0,123,0,0,0,0
2674,0,1023,1,30114,0,1,1,2,139,320,900,7528,21,7,0,0,0,0,123,0,0,0,0
2675,0,1023,1,30114,0,1,1,2,139,320,900,7528,21,7,0,0,0,0,123,0,0,0,0
2676,0,1023,1,30114,0,1,1,2,139,320,900,7528,21,7,0,0,0,0,123,0,0,0,0
2677,0,1023,1,30114,0,1,1,2,139,320,900,7528,21,7,0,0,0,0,123,0,0,0,0
2678,0,1023,1,30114,0,1,1,2,139,320,900,7528,21,7,0,0,0,0,123,0,0,0,0
2679,0,1023,1,30114,0,1,1,2,139,320,900,7528,21,7,0,0,0,0,123,0,0,0,0
2680,0,1023,1,30114,0,1,1,2,139,320,900,7528,21,7,0,0,0,0,123,0,0,0,0
2681,0,1023,1,30114,0,1,1,2,139,320,900,7528,21,7,0,0,0,0,123,0,0,0,0
2682,0,1023,1,30114,0,1,1,2,139,320,900,7528,21,7,0,0,0,0,123,0,0,0,0
2683,0,1023,1,30114,0,1,1,2,139,320,900,7528,21,7,0,0,0,0,123,0,0,0,0
2684,0,1023,1,30114,0,1,1,2,139,320,900,7528,21,7,0,0,0,0,123,0,0,0,0
2685,0,1023,1,30114,0,1,1,2,139,320,900,7528,21,7,0,0,0,0,123,0,0,0,0
2686,0,1023,1,30114,0,1,1,2,139,320,900,7528,21,7,0,0,0,0,123,0,0,0,0
2687,0,1023,1,30114,0,1,1,2,139,320,900,7528,21,7,0,0,0,0,123,0,0,0,0
2688,0,1023,1,30114,0,1,1,2,139,320,900,7528,21,7,0,0,0,0,123,0,0,0,0
2689,0,1023,1,30114,0,1,1,2,139,320,900,7528,21,7,0,0,0,0,123,0,0,0,0
2690,0,1023,1,30114,0,1,1,2,139,320,900,7528,21,7,0,0,0,0,123,0,0,0,0
2691,0,1023,1,30114,0,1,1,2,139,320,900,7528,21,7,0,0,0,0,123,0,0,0,0
2692,0,1023,1,30114,0,1,1,2,139,320,900,7528,21,7,0,0,0,0,123,0,0,0,0
2693,0,1023,1,30114,0,1,1,2,139,320,900,7528,21,7,0,0,0,0,123,0,0,0,0
2694,0,1023,1,30114,0,1,1,2,139,320,900,7528,21,7,0,0,0,0,123,0,0,0,0
2695,0,1023,1,30114,0,1,1,2,139,320,900,7528,21,7,0,0,0,0,123,0,0,0,0
2696,0,1023,1,30114,0,1,1,2,139,320,900,7528,21,7,0,0,0,0,123,0,0,0,0
2697,0,1023,1,30114,0,1,1,2,139,320,900,7528,21,7,0,0,0,0,123,0,0,0,0
2698,0,1023,1,30114,0,1,1,2,139,320,900,7528,21,7,0,0,0,0,123,0,0,0,0
2699,0,1023,1,30114,0,1,1,2,139,320,900,7528,21,7,0,0,0,0,123,0,0,0,0
2700,0,1023,1,30114,0,1,1,2,139,320,900,7528,21,7,0,0,0,0,123,0,0,0,0
2701,0,1023,1,30114,0,1,1,2,139,320,900,7528,21,7,0,0,0,0,123,0,0,0,0
2702,0,1023,1,30114,0,1,1,2,139,320,900,7528,21,7,0,0,0,0,123,0,0,0,0
2703,0,1023,1,30114,0,1,1,2,139,320,900,7528,21,7,0,0,0,0,123,0,0,0,0
2704,0,1023,1,30114,0,1,1,2,139,320,900,7528,21,7,0,0,0,0,123,0,0,0,0
2705,0,1023,1,30114,0,1,1,2,139,320,900,7528,21,7,0,0,0,0,123,0,0,0,0
2706,0,1023,1,30114,0,1,1,2,139,320,900,7528,21,7,0,0,0,0,123,0,0,0,0
2707,0,1023,1,30114,0,1,1,2,139,320,900,7528,21,7,0,0,0,0,123,0,0,0,0
2708,0,1023,1,30114,0,1,1,2,139,320,900,7528,21,7,0,0,0,0,123,0,0,0,0
2709,0,1023,1,30114,0,1,1,2,139,320,900,7528,21,7,0,0,0,0,123,0,0,0,0
2710,0,1023,1,30114,0,1,1,2,139,320,900,7528,21,7,0,0,0,0,123,0,0,0,0
2711,0,1023,1,30114,0,1,1,2,139,320,900,7528,21,7,0,0,0,0,123,0,0,0,0
2712,0,1023,1,30114,0,1,1,2,139,320,900,7528,21,7,0,0,0,0,123,0,0,0,0
2713,0,1023,1,30114,0,1,1,2,139,320,900,7528,21,7,0,0,0,0,123,0,0,0,0
2714,0,1023,1,30114,0,1,1,2,139,320,900,7528,21,7,0,0,0,0,123,0,0,0,0
2715,0,1023,1,30114,0,1,1,2,139,320,900,7528,21,7,0,0,0,0,123,0,0,0,0
2716,0,1023,1,30114,0,1,1,2,139,320,900,7528,21,7,0,0,0,0,123,0,0,0,0
2717,0,1023,1,30114,0,1,1,2,139,320,900,7528,21,7,0,0,0,0,123,0,0,0,0
2718,0,1023,1,30114,0,1,1,2,139,320,900,7528,21,7,0,0,0,0,123,0,0,0,0
2719,0,1023,1,30114,0,1,1,2,139,320,900,7528,21,7,0,0,0,0,123,0,0,0,0
2720,0,1023,1,30114,0,1,1,2,139,320,900,7528,21,7,0,0,0,0,123,0,0,0,0
2721,0,1023,1,30114,0,1,1,2,139,320,900,7528,21,7,0,0,0,0,123,0,0,0,0
2722,0,1023,1,30114,0,1,1,2,139,320,900,7528,21,7,0,0,0,0,123,0,0,0,0
2723,0,1023,1,30114,0,1,1,2,139,320,900,7528,21,7,0,0,0,0,123,0,0,0,0
2724,0,1023,1,30114,0,1,1,2,139,320,900,7528,21,7,0,0,0,0,123,0,0,0,0
2725,0,1023,1,30114,0,1,1,2,139,320,900,7528,21,7,0,0,0,0,123,0,0,0,0
2726,0,1023,1,30114,0,1,1,2,139,320,900,7528,21,7,0,0,0,0,123,0,0,0,0
2727,0,1023,1,30114,0,1,1,2,139,320,900,7528,21,7,0,0,0,0,123,0,0,0,0
2728,0,1023,1,30114,0,1,1,2,139,320,900,7528,21,7,0,0,0,0,123,0,0,0,0
2729,0,1023,1,30114,0,1,1,2,139,320,900,7528,21,7,0,0,0,0,123,0,0,0,0
2730,0,1023,1,30114,0,1,1,2,139,320,900,7528,21,7,0,0,0,0,123,0,0,0,0
2731,0,1023,1,30114,0,1,1,2,139,320,900,7528,21,7,0,0,0,0,123,0,0,0,0
2732,0,1023,1,30114,0,1,1,2,139,320,900,7528,21,7,0,0,0,0,123,0,0,0,0
2733,0,1023,1,30114,0,1,1,2,139,320,900,7528,21,7,0,0,0,0,123,0,0,0,0
2734,0,1023,1,30114,0,1,1,2,139,320,900,7528,21,7,0,0,0,0,123,0,0,0,0
2735,0,1023,1,30114,0,1,1,2,139,320,900,7528,21,7,0,0,0,0,123,0,0,0,0
2736,0,1023,1,30114,0,1,1,2,139,320,900,7528,21,7,0,0,0,0,123,0,0,0,0
2737,0,1023,1,30114,0,1,1,2,139,320,900,7528,21,7,0,0,0,0,123,0,0,0,0
2738,0,1023,1,30114,0,1,1,2,139,320,900,7528,21,7,0,0,0,0,123,0,0,0,0
2739,0,1023,1,30114,0,1,1,2,139,320,900,7528,21,7,0,0,0,0,123,0,0,0,0
2740,0,1023,1,30114,0,1,1,2,139,320,900,7528,21,7,0,0,0,0,123,0,0,0,0
2741,0,1023,1,30114,0,1,1,2,139,320,900,7528,21,7,0,0,0,0,123,0,0,0,0
2742,0,1023,1,30114,0,1,1,2,139,320,900,7528,21,7,0,0,0,0,123,0,0,0,0
2743,0,1023,1,30114,0,1,1,2,139,320,900,7528,21,7,0,0,0,0,123,0,0,0,0
2744,0,1023,1,30114,0,1,1,2,139,320,900,7528,21,7,0,0,0,0,123,0,0,0,0
2745,0,1023,1,30114,0,1,1,2,139,320,900,7528,21,7,0,0,0,0,123,0,0,0,0
2746,0,1023,1,30114,0,1,1,2,139,320,900,7528,21,7,0,0,0,0,123,0,0,0,0
2747,0,1023,1,30114,0,1,1,2,139,320,900,7528,21,7,0,0,0,0,123,0,0,0,0
2748,0,1023,1,30114,0,1,1,2,139,320,900,7528,21,7,0,0,0,0,123,0,0,0,0
2749,0,1023,1,30114,0,1,1,2,139,320,900,7528,21,7,0,0,0,0,123,0,0,0,0
2750,0,1023,1,30114,0,1,1,2,139,320,900,7528,21,7,0,0,0,0,123,0,0,0,0
2751,0,1023,1,30114,0,1,1,2,139,320,900,7528,21,7,0,0,0,0,123,0,0,0,0
2752,0,1023,1,30114,0,1,1,2,139,320,900,7528,21,7,0,0,0,0,123,0,0,0,0
2753,0,1023,1,30114,0,1,1,2,139,320,900,7528,21,7,0,0,0,0,123,0,0,0,0
2754,0,1023,1,30114,0,1,1,2,139,320,900,7528,21,7,0,0,0,0,123,0,0,0,0
2755,0,1023,1,30114,0,1,1,2,139,320,900,7528,21,7,0,0,0,0,123,0,0,0,0
2756,0,1023,1,30114,0,1,1,2,139,320,900,7528,21,7,0,0,0,0,123,0,0,0,0
2757,0,1023,1,30114,0,1,1,2,139,320,900,7528,21,7,0,0,0,0,123,0,0,0,0
2758,0,1023,1,30114,0,1,1,2,139,320,900,7528,21,7,0,0,0,0,123,0,0,0,0
2759,0,1023,1,30114,0,1,1,2,139,320,900,7528,21,7,0,0,0,0,123,0,0,0,0
2760,0,1023,1,30114,0,1,1,2,139,320,900,7528,21,7,0,0,0,0,123,0,0,0,0
2761,0,1023,1,30114,0,1,1,2,139,320,900,7528,21,7,0,0,0,0,123,0,0,0,0
2762,0,1023,1,30114,0,1,1,2,139,320,900,7528,21,7,0,0,0,0,123,0,0,0,0
2763,0,1023,1,30114,0,1,1,2,139,320,900,7528,21,7,0,0,0,0,123,0,0,0,0
2764,0,1023,1,30114,0,1,1,2,139,320,900,7528,21,7,0,0,0,0,123,0,0,0,0
2765,0,1023,1,30114,0,1,1,2,139,320,900,7528,21,7,0,0,0,0,123,0,0,0,0
2766,0,1023,1,30114,0,1,1,2,139,320,900,7528,21,7,0,0,0,0,123,0,0,0,0
2767,0,1023,1,30114,0,1,1,2,139,320,900,7528,21,7,0,0,0,0,123,0,0,0,0
2768,0,1023,1,30114,0,1,1,2,139,320,900,7528,21,7,0,0,0,0,123,0,0,0,0
2769,0,1023,1,30114,0,1,1,2,139,320,900,7528,21,7,0,0,0,0,123,0,0,0,0
2770,0,1023,1,30114,0,1,1,2,139,320,900,7528,21,7,0,0,0,0,123,0,0,0,0
2771,0,1023,1,30114,0,1,1,2,139,320,900,7528,21,7,0,0,0,0,123,0,0,0,0
2772,0,1023,1,30114,0,1,1,2,139,320,900,7528,21,7,0,0,0,0,123,0,0,0,0
2773,0,1023,1,30114,0,1,1,2,139,320,900,7528,21,7,0,0,0,0,123,0,0,0,0
2774,0,1023,1,30114,0,1,1,2,139,320,900,7528,21,7,0,0,0,0,123,0,0,0,0
2775,0,1023,1,30114,0,1,1,2,139,320,900,7528,21,7,0,0,0,0,123,0,0,0,0
2776,0,1023,1,30114,0,1,1,2,139,320,900,7528,21,7,0,0,0,0,123,0,0,0,0
2777,0,1023,1,30114,0,1,1,2,139,320,900,7528,21,7,0,0,0,0,123,0,0,0,0
2778,0,1023,1,30114,0,1,1,2,139,320,900,7528,21,7,0,0,0,0,123,0,0,0,0
2779,0,1023,1,30114,0,1,1,2,139,320,900,7528,21,7,0,0,0,0,123,0,0,0,0
2780,0,1023,1,30114,0,1,1,2,139,320,900,7528,21,7,0,0,0,0,123,0,0,0,0
2781,0,1023,1,30114,0,1,1,2,139,320,900,7528,21,7,0,0,0,0,123,0,0,0,0
2782,0,1023,1,30114,0,1,1,2,139,320,900,7528,21,7,0,0,0,0,123,0,0,0,0
2783,0,1023,1,30114,0,1,1,2,139,320,900,7528,21,7,0,0,0,0,123,0,0,0,0
2784,0,1023,1,30114,0,1,1,2,139,320,900,7528,21,7,0,0,0,0,123,0,0,0,0
2785,0,1023,1,30114,0,1,1,2,139,320,900,7528,21,7,0,0,0,0,123,0,0,0,0
2786,0,1023,1,30114,0,1,1,2,139,320,900,7528,21,7,0,0,0,0,123,0,0,0,0
2787,0,1023,1,30114,0,1,1,2,139,320,900,7528,21,7,0,0,0,0,123,0,0,0,0
2788,0,1023,1,30114,0,1,1,2,139,320,900,7528,21,7,0,0,0,0,123,0,0,0,0
2789,0,1023,1,30114,0,1,1,2,139,320,900,7528,21,7,0,0,0,0,123,0,0,0,0
2790,0,1023,1,30114,0,1,1,2,139,320,900,7528,21,7,0,0,0,0,123,0,0,0,0
2791,0,1023,1,30114,0,1,1,2,139,320,900,7528,21,7,0,0,0,0,123,0,0,0,0
2792,0,1023,1,30114,0,1,1,2,139,320,900,7528,21,7,0,0,0,0,123,0,0,0,0
2793,0,1023,1,30114,0,1,1,2,139,320,900,7528,21,7,0,0,0,0,123,0,0,0,0
2794,0,1023,1,30114,0,1,1,2,139,320,900,7528,21,7,0,0,0,0,123,0,0,0,0
2795,0,1023,1,30114,0,1,1,2,139,320,900,7528,21,7,0,0,0,0,123,0,0,0,0
2796,0,1023,1,30114,0,1,1,2,139,320,900,7528,21,7,0,0,0,0,123,0,0,0,0
2797,0,1023,1,30114,0,1,1,2,139,320,900,7528,21,7,0,0,0,0,123,0,0,0,0
2798,0,1023,1,30114,0,1,1,2,139,320,900,7528,21,7,0,0,0,0,123,0,0,0,0
2799,0,1023,1,30114,0,1,1,2,139,320,900,7528,21,7,0,0,0,0,123,0,0,0,0
2800,0,1023,1,30114,0,1,1,2,139,320,900,7528,21,7,0,0,0,0,123,0,0,0,0
2801,0,1023,1,30114,0,1,1,2,139,320,900,7528,21,7,0,0,0,0,123,0,0,0,0
2802,0,1023,1,30114,0,1,1,2,139,320,900,7528,21,7,0,0,0,0,123,0,0,0,0
2803,0,1023,1,30114,0,1,1,2,139,320,900,7528,21,7,0,0,0,0,123,0,0,0,0
2804,0,1023,1,30114,0,1,1,2,139,320,900,7528,21,7,0,0,0,0,123,0,0,0,0
2805,0,1023,1,30114,0,1,1,2,139,320,900,7528,21,7,0,0,0,0,123,0,0,0,0
2806,0,1023,1,30114,0,1,1,2,139,320,900,7528,21,7,0,0,0,0,123,0,0,0,0
2807,0,1023,1,30114,0,1,1,2,139,320,900,7528,21,7,0,0,0,0,123,0,0,0,0
2808,0,1023,1,30114,0,1,1,2,139,320,900,7528,21,7,0,0,0,0,123,0,0,0,0
2809,0,1023,1,30114,0,1,1,2,139,320,900,7528,21,7,0,0,0,0,123,0,0,0,0
2810,0,1023,1,30114,0,1,1,2,139,320,900,7528,21,7,0,0,0,0,123,0,0,0,0
2811,0,1023,1,30114,0,1,1,2,139,320,900,7528,21,7,0,0,0,0,123,0,0,0,0
2812,0,1023,1,30114,0,1,1,2,139,320,900,7528,21,7,0,0,0,0,123,0,0,0,0
2813,0,1023,1,30114,0,1,1,2,139,320,900,7528,21,7,0,0,0,0,123,0,0,0,0
2814,0,1023,1,30114,0,1,1,2,139,320,900,7528,21,7,0,0,0,0,123,0,0,0,0
2815,0,1023,1,30114,0,1,1,2,139,320,900,7528,21,7,0,0,0,0,123,0,0,0,0
2816,0,1023,1,30114,0,1,1,2,139,320,900,7528,21,7,0,0,0,0,123,0,0,0,0
2817,0,1023,1,30114,0,1,1,2,139,320,900,7528,21,7,0,0,0,0,123,0,0,0,0
2818,0,1023,1,30114,0,1,1,2,139,320,900,7528,21,7,0,0,0,0,123,0,0,0,0
2819,0,1023,1,30114,0,1,1,2,139,320,900,7528,21,7,0,0,0,0,123,0,0,0,0
2820,0,1023,1,30114,0,1,1,2,139,320,900,7528,21,7,0,0,0,0,123,0,0,0,0
2821,0,1023,1,30114,0,1,1,2,139,320,900,7528,21,7,0,0,0,0,123,0,0,0,0
2822,0,1023,1,30114,0,1,1,2,139,320,900,7528,21,7,0,0,0,0,123,0,0,0,0
2823,0,1023,1,30114,0,1,1,2,139,320,900,7528,21,7,0,0,0,0,123,0,0,0,0
2824,0,1023,1,30114,0,1,1,2,139,320,900,7528,21,7,0,0,0,0,123,0,0,0,0
2825,0,1023,1,30114,0,1,1,2,139,320,900,7528,21,7,0,0,0,0,123,0,0,0,0
2826,0,1023,1,30114,0,1,1,2,139,320,900,7528,21,7,0,0,0,0,123,0,0,0,0
2827,0,1023,1,30114,0,1,1,2,139,320,900,7528,21,7,0,0,0,0,123,0,0,0,0
2828,0,1023,1,30114,0,1,1,2,139,320,900,7528,21,7,0,0,0,0,123,0,0,0,0
2829,0,1023,1,30114,0,1,1,2,139,320,900,7528,21,7,0,0,0,0,123,0,0,0,0
2830,0,1023,1,30114,0,1,1,2,139,320,900,7528,21,7,0,0,0,0,123,0,0,0,0
2831,0,1023,1,30114,0,1,1,2,139,320,900,7528,21,7,0,0,0,0,123,0,0,0,0
2832,0,1023,1,30114,0,1,1,2,139,320,900,7528,21,7,0,0,0,0,123,0,0,0,0
2833,0,1023,1,30114,0,1,1,2,139,320,900,7528,21,7,0,0,0,0,123,0,0,0,0
2834,0,1023,1,30114,0,1,1,2,139,320,900,7528,21,7,0,0,0,0,123,0,0,0,0
2835,0,1023,1,30114,0,1,1,2,139,320,900,7528,21,7,0,0,0,0,123,0,0,0,0
2836,0,1023,1,30114,0,1,1,2,139,320,900,7528,21,7,0,0,0,0,123,0,0,0,0
2837,0,1023,1,30114,0,1,1,2,139,320,900,7528,21,7,0,0,0,0,123,0,0,0,0
2838,0,1023,1,30114,0,1,1,2,139,320,900,7528,21,7,0,0,0,0,123,0,0,0,0
2839,0,1023,1,30114,0,1,1,2,139,320,900,7528,21,7,0,0,0,0,123,0,0,0,0
2840,0,1023,1,30114,0,1,1,2,139,320,900,7528,21,7,0,0,0,0,123,0,0,0,0
2841,0,1023,1,30114,0,1,1,2,139,320,900,7528,21,7,0,0,0,0,123,0,0,0,0
2842,0,1023,1,30114,0,1,1,2,139,320,900,7528,21,7,0,0,0,0,123,0,0,0,0
2843,0,1023,1,30114,0,1,1,2,139,320,900,7528,21,7,0,0,0,0,123,0,0,0,0
2844,0,1023,1,30114,0,1,1,2,139,320,900,7528,21,7,0,0,0,0,123,0,0,0,0
2845,0,1023,1,30114,0,1,1,2,139,320,900,7528,21,7,0,0,0,0,123,0,0,0,0
2846,0,1023,1,30114,0,1,1,2,139,320,900,7528,21,7,0,0,0,0,123,0,0,0,0
2847,0,1023,1,30114,0,1,1,2,139,320,900,7528,21,7,0,0,0,0,123,0,0,0,0
2848,0,1023,1,30114,0,1,1,2,139,320,900,7528,21,7,0,0,0,0,123,0,0,0,0
2849,0,1023,1,30114,0,1,1,2,139,320,900,7528,21,7,0,0,0,0,123,0,0,0,0
2850,0,1023,1,30114,0,1,1,2,139,320,900,7528,21,7,0,0,0,0,123,0,0,0,0
2851,0,1023,1,30114,0,1,1,2,139,320,900,7528,21,7,0,0,0,0,123,0,0,0,0
2852,0,1023,1,30114,0,1,1,2,139,320,900,7528,21,7,0,0,0,0,123,0,0,0,0
2853,0,1023,1,30114,0,1,1,2,139,320,900,7528,21,7,0,0,0,0,123,0,0,0,0
2854,0,1023,1,30114,0,1,1,2,139,320,900,7528,21,7,0,0,0,0,123,0,0,0,0
2855,0,1023,1,30114,0,1,1,2,139,320,900,7528,21,7,0,0,0,0,123,0,0,0,0
2856,0,1023,1,30114,0,1,1,2,139,320,900,7528,21,7,0,0,0,0,123,0,0,0,0
2857,0,1023,1,30114,0,1,1,2,139,320,900,7528,21,7,0,0,0,0,123,0,0,0,0
2858,0,1023,1,30114,0,1,1,2,139,320,900,7528,21,7,0,0,0,0,123,0,0,0,0
2859,0,1023,1,30114,0,1,1,2,139,320,900,7528,21,7,0,0,0,0,123,0,0,0,0
2860,0,1023,1,30114,0,1,1,2,139,320,900,7528,21,7,0,0,0,0,123,0,0,0,0
2861,0,1023,1,30114,0,1,1,2,139,320,900,7528,21,7,0,0,0,0,123,0,0,0,0
2862,0,1023,1,30114,0,1,1,2,139,320,900,7528,21,7,0,0,0,0,123,0,0,0,0
2863,0,1023,1,30114,0,1,1,2,139,320,900,7528,21,7,0,0,0,0,123,0,0,0,0
2864,0,1023,1,30114,0,1,1,2,139,320,900,7528,21,7,0,0,0,0,123,0,0,0,0
2865,0,1023,1,30114,0,1,1,2,139,320,900,7528,21,7,0,0,0,0,123,0,0,0,0
2866,0,1023,1,30114,0,1,1,2,139,320,900,7528,21,7,0,0,0,0,123,0,0,0,0
2867,0,1023,1,30114,0,1,1,2,139,320,900,7528,21,7,0,0,0,0,123,0,0,0,0
2868,0,1023,1,30114,0,1,1,2,139,320,900,7528,21,7,0,0,0,0,123,0,0,0,0
2869,0,1023,1,30114,0,1,1,2,139,320,900,7528,21,7,0,0,0,0,123,0,0,0,0
2870,0,1023,1,30114,0,1,1,2,139,320,900,7528,21,7,0,0,0,0,123,0,0,0,0
2871,0,1023,1,30114,0,1,1,2,139,320,900,7528,21,7,0,0,0,0,123,0,0,0,0
2872,0,1023,1,30114,0,1,1,2,139,320,900,7528,21,7,0,0,0,0,123,0,0,0,0
2873,0,1023,1,30114,0,1,1,2,139,320,900,7528,21,7,0,0,0,0,123,0,0,0,0
2874,0,1023,1,30114,0,1,1,2,139,320,900,7528,21,7,0,0,0,0,123,0,0,0,0
2875,0,1023,1,30114,0,1,1,2,139,320,900,7528,21,7,0,0,0,0,123,0,0,0,0
2876,0,1023,1,30114,0,1,1,2,139,320,900,7528,21,7,0,0,0,0,123,0,0,0,0
2877,0,1023,1,30114,0,1,1,2,139,320,900,7528,21,7,0,0,0,0,123,0,0,0,0
2878,0,1023,1,30114,0,1,1,2,139,320,900,7528,21,7,0,0,0,0,123,0,0,0,0
2879,0,1023,1,30114,0,1,1,2,139,320,900,7528,21,7,0,0,0,0,123,0,0,0,0
2880,0,1023,1,30114,0,1,1,2,139,320,900,7528,21,7,0,0,0,0,123,0,0,0,0
2881,0,1023,1,30114,0,1,1,2,139,320,900,7528,21,7,0,0,0,0,123,0,0,0,0
2882,0,1023,1,30114,0,1,1,2,139,320,900,7528,21,7,0,0,0,0,123,0,0,0,0
2883,0,1023,1,30114,0,1,1,2,139,320,900,7528,21,7,0,0,0,0,123,0,0,0,0
2884,0,1023,1,30114,0,1,1,2,139,320,900,7528,21,7,0,0,0,0,123,0,0,0,0
2885,0,1023,1,30114,0,1,1,2,139,320,900,7528,21,7,0,0,0,0,123,0,0,0,0
2886,0,1023,1,30114,0,1,1,2,139,320,900,7528,21,7,0,0,0,0,123,0,0,0,0
2887,0,1023,1,30114,0,1,1,2,139,320,900,7528,21,7,0,0,0,0,123,0,0,0,0
2888,0,1023,1,30114,0,1,1,2,139,320,900,7528,21,7,0,0,0,0,123,0,0,0,0
2889,0,1023,1,30114,0,1,1,2,139,320,900,7528,21,7,0,0,0,0,123,0,0,0,0
2890,0,1023,1,30114,0,1,1,2,139,320,900,7528,21,7,0,0,0,0,123,0,0,0,0
2891,0,1023,1,30114,0,1,1,2,139,320,900,7528,21,7,0,0,0,0,123,0,0,0,0
2892,0,1023,1,30114,0,1,1,2,139,320,900,7528,21,7,0,0,0,0,123,0,0,0,0
2893,0,1023,1,30114,0,1,1,2,139,320,900,7528,21,7,0,0,0,0,123,0,0,0,0
2894,0,1023,1,30114,0,1,1,2,139,320,900,7528,21,7,0,0,0,0,123,0,0,0,0
2895,0,1023,1,30114,0,1,1,2,139,320,900,7528,21,7,0,0,0,0,123,0,0,0,0
2896,0,1023,1,30114,0,1,1,2,139,320,900,7528,21,7,0,0,0,0,123,0,0,0,0
2897,0,1023,1,30114,0,1,1,2,139,320,900,7528,21,7,0,0,0,0,123,0,0,0,0
2898,0,1023,1,30114,0,1,1,2,139,320,900,7528,21,7,0,0,0,0,123,0,0,0,0
2899,0,1023,1,30114,0,1,1,2,139,320,900,7528,21,7,0,0,0,0,123,0,0,0,0
2900,0,1023,1,30114,0,1,1,2,139,320,900,7528,21,7,0,0,0,0,123,0,0,0,0
2901,0,1023,1,30114,0,1,1,2,139,320,900,7528,21,7,0,0,0,0,123,0,0,0,0
2902,0,1023,1,30114,0,1,1,2,139,320,900,7528,21,7,0,0,0,0,123,0,0,0,0
2903,0,1023,1,30114,0,1,1,2,139,320,900,7528,21,7,0,0,0,0,123,0,0,0,0
2904,0,1023,1,30114,0,1,1,2,139,320,900,7528,21,7,0,0,0,0,123,0,0,0,0
2905,0,1023,1,30114,0,1,1,2,139,320,900,7528,21,7,0,0,0,0,123,0,0,0,0
2906,0,1023,1,30114,0,1,1,2,139,320,900,7528,21,7,0,0,0,0,123,0,0,0,0
2907,0,1023,1,30114,0,1,1,2,139,320,900,7528,21,7,0,0,0,0,123,0,0,0,0
2908,0,1023,1,30114,0,1,1,2,139,320,900,7528,21,7,0,0,0,0,123,0,0,0,0
2909,0,1023,1,30114,0,1,1,2,139,320,900,7528,21,7,0,0,0,0,123,0,0,0,0
2910,0,1023,1,30114,0,1,1,2,139,320,900,7528,21,7,0,0,0,0,123,0,0,0,0
2911,0,1023,1,30114,0,1,1,2,139,320,900,7528,21,7,0,0,0,0,123,0,0,0,0
2912,0,1023,1,30114,0,1,1,2,139,320,900,7528,21,7,0,0,0,0,123,0,0,0,0
2913,0,1023,1,30114,0,1,1,2,139,320,900,7528,21,7,0,0,0,0,123,0,0,0,0
2914,0,1023,1,30114,0,1,1,2,139,320,900,7528,21,7,0,0,0,0,123,0,0,0,0
2915,0,1023,1,30114,0,1,1,2,139,320,900,7528,21,7,0,0,0,0,123,0,0,0,0
2916,0,1023,1,30114,0,1,1,2,139,320,900,7528,21,7,0,0,0,0,123,0,0,0,0
2917,0,1023,1,30114,0,1,1,2,139,320,900,7528,21,7,0,0,0,0,123,0,0,0,0
2918,0,1023,1,30114,0,1,1,2,139,320,900,7528,21,7,0,0,0,0,123,0,0,0,0
2919,0,1023,1,30114,0,1,1,2,139,320,900,7528,21,7,0,0,0,0,123,0,0,0,0
2920,0,1023,1,30114,0,1,1,2,139,320,900,7528,21,7,0,0,0,0,123,0,0,0,0
2921,0,1023,1,30114,0,1,1,2,139,320,900,7528,21,7,0,0,0,0,123,0,0,0,0
2922,0,1023,1,30114,0,1,1,2,139,320,900,7528,21,7,0,0,0,0,123,0,0,0,0
2923,0,1023,1,30114,0,1,1,2,139,320,900,7528,21,7,0,0,0,0,123,0,0,0,0
2924,0,1023,1,30114,0,1,1,2,139,320,900,7528,21,7,0,0,0,0,123,0,0,0,0
2925,0,1023,1,30114,0,1,1,2,139,320,900,7528,21,7,0,0,0,0,123,0,0,0,0
2926,0,1023,1,30114,0,1,1,2,139,320,900,7528,21,7,0,0,0,0,123,0,0,0,0
2927,0,1023,1,30114,0,1,1,2,139,320,900,7528,21,7,0,0,0,0,123,0,0,0,0
2928,0,1023,1,30114,0,1,1,2,139,320,900,7528,21,7,0,0,0,0,123,0,0,0,0
2929,0,1023,1,30114,0,1,1,2,139,320,900,7528,21,7,0,0,0,0,123,0,0,0,0
2930,0,1023,1,30114,0,1,1,2,139,320,900,7528,21,7,0,0,0,0,123,0,0,0,0
2931,0,1023,1,30114,0,1,1,2,139,320,900,7528,21,7,0,0,0,0,123,0,0,0,0
2932,0,1023,1,30114,0,1,1,2,139,320,900,7528,21,7,0,0,0,0,123,0,0,0,0
2933,0,1023,1,30114,0,1,1,2,139,320,900,7528,21,7,0,0,0,0,123,0,0,0,0
2934,0,1023,1,30114,0,1,1,2,139,320,900,7528,21,7,0,0,0,0,123,0,0,0,0
2935,0,1023,1,30114,0,1,1,2,139,320,900,7528,21,7,0,0,0,0,123,0,0,0,0
2936,0,1023,1,30114,0,1,1,2,139,320,900,7528,21,7,0,0,0,0,123,0,0,0,0
2937,0,1023,1,30114,0,1,1,2,139,320,900,7528,21,7,0,0,0,0,123,0,0,0,0
2938,0,1023,1,30114,0,1,1,2,139,320,900,7528,21,7,0,0,0,0,123,0,0,0,0
2939,0,1023,1,30114,0,1,1,2,139,320,900,7528,21,7,0,0,0,0,123,0,0,0,0
2940,0,1023,1,30114,0,1,1,2,139,320,900,7528,21,7,0,0,0,0,123,0,0,0,0
2941,0,1023,1,30114,0,1,1,2,139,320,900,7528,21,7,0,0,0,0,123,0,0,0,0
2942,0,1023,1,30114,0,1,1,2,139,320,900,7528,21,7,0,0,0,0,123,0,0,0,0
2943,0,1023,1,30114,0,1,1,2,139,320,900,7528,21,7,0,0,0,0,123,0,0,0,0
2944,0,1023,1,30114,0,1,1,2,139,320,900,7528,21,7,0,0,0,0,123,0,0,0,0
2945,0,1023,1,30114,0,1,1,2,139,320,900,7528,21,7,0,0,0,0,123,0,0,0,0
2946,0,1023,1,30114,0,1,1,2,139,320,900,7528,21,7,0,0,0,0,123,0,0,0,0
2947,0,1023,1,30114,0,1,1,2,139,320,900,7528,21,7,0,0,0,0,123,0,0,0,0
2948,0,1023,1,30114,0,1,1,2,139,320,900,7528,21,7,0,0,0,0,123,0,0,0,0
2949,0,1023,1,30114,0,1,1,2,139,320,900,7528,21,7,0,0,0,0,123,0,0,0,0
2950,0,1023,1,30114,0,1,1,2,139,320,900,7528,21,7,0,0,0,0,123,0,0,0,0
2951,0,1023,1,30114,0,1,1,2,139,320,900,7528,21,7,0,0,0,0,123,0,0,0,0
2952,0,1023,1,30114,0,1,1,2,139,320,900,7528,21,7,0,0,0,0,123,0,0,0,0
2953,0,1023,1,30114,0,1,1,2,139,320,900,7528,21,7,0,0,0,0,123,0,0,0,0
2954,0,1023,1,30114,0,1,1,2,139,320,900,7528,21,7,0,0,0,0,123,0,0,0,0
2955,0,1023,1,30114,0,1,1,2,139,320,900,7528,21,7,0,0,0,0,123,0,0,0,0
2956,0,1023,1,30114,0,1,1,2,139,320,900,7528,21,7,0,0,0,0,123,0,0,0,0
2957,0,1023,1,30114,0,1,1,2,139,320,900,7528,21,7,0,0,0,0,123,0,0,0,0
2958,0,1023,1,30114,0,1,1,2,139,320,900,7528,21,7,0,0,0,0,123,0,0,0,0
2959,0,1023,1,30114,0,1,1,2,139,320,900,7528,21,7,0,0,0,0,123,0,0,0,0
2960,0,1023,1,30114,0,1,1,2,139,320,900,7528,21,7,0,0,0,0,123,0,0,0,0
2961,0,1023,1,30114,0,1,1,2,139,320,900,7528,21,7,0,0,0,0,123,0,0,0,0
2962,0,1023,1,30114,0,1,1,2,139,320,900,7528,21,7,0,0,0,0,123,0,0,0,0
2963,0,1023,1,30114,0,1,1,2,139,320,900,7528,21,7,0,0,0,0,123,0,0,0,0
2964,0,1023,1,30114,0,1,1,2,139,320,900,7528,21,7,0,0,0,0,123,0,0,0,0
2965,0,1023,1,30114,0,1,1,2,139,320,900,7528,21,7,0,0,0,0,123,0,0,0,0
2966,0,1023,1,30114,0,1,1,2,139,320,900,7528,21,7,0,0,0,0,123,0,0,0,0
2967,0,1023,1,30114,0,1,1,2,139,320,900,7528,21,7,0,0,0,0,123,0,0,0,0
2968,0,1023,1,30114,0,1,1,2,139,320,900,7528,21,7,0,0,0,0,123,0,0,0,0
2969,0,1023,1,30114,0,1,1,2,139,320,900,7528,21,7,0,0,0,0,123,0,0,0,0
2970,0,1023,1,30114,0,1,1,2,139,320,900,7528,21,7,0,0,0,0,123,0,0,0,0
2971,0,1023,1,30114,0,1,1,2,139,320,900,7528,21,7,0,0,0,0,123,0,0,0,0
2972,0,1023,1,30114,0,1,1,2,139,320,900,7528,21,7,0,0,0,0,123,0,0,0,0
2973,0,1023,1,30114,0,1,1,2,139,320,900,7528,21,7,0,0,0,0,123,0,0,0,0
2974,0,1023,1,30114,0,1,1,2,139,320,900,7528,21,7,0,0,0,0,123,0,0,0,0
2975,0,1023,1,30114,0,1,1,2,139,320,900,7528,21,7,0,0,0,0,123,0,0,0,0
2976,0,1023,1,30114,0,1,1,2,139,320,900,7528,21,7,0,0,0,0,123,0,0,0,0
2977,0,1023,1,30114,0,1,1,2,139,320,900,7528,21,7,0,0,0,0,123,0,0,0,0
2978,0,1023,1,30114,0,1,1,2,139,320,900,7528,21,7,0,0,0,0,123,0,0,0,0
2979,0,1023,1,30114,0,1,1,2,139,320,900,7528,21,7,0,0,0,0,123,0,0,0,0
2980,0,1023,1,30114,0,1,1,2,139,320,900,7528,21,7,0,0,0,0,123,0,0,0,0
2981,0,1023,1,30114,0,1,1,2,139,320,900,7528,21,7,0,0,0,0,123,0,0,0,0
2982,0,1023,1,30114,0,1,1,2,139,320,900,7528,21,7,0,0,0,0,123,0,0,0,0
2983,0,1023,1,30114,0,1,1,2,139,320,900,7528,21,7,0,0,0,0,123,0,0,0,0
2984,0,1023,1,30114,0,1,1,2,139,320,900,7528,21,7,0,0,0,0,123,0,0,0,0
2985,0,1023,1,30114,0,1,1,2,139,320,900,7528,21,7,0,0,0,0,123,0,0,0,0
2986,0,1023,1,30114,0,1,1,2,139,320,900,7528,21,7,0,0,0,0,123,0,0,0,0
2987,0,1023,1,30114,0,1,1,2,139,320,900,7528,21,7,0,0,0,0,123,0,0,0,0
2988,0,1023,1,30114,0,1,1,2,139,320,900,7528,21,7,0,0,0,0,123,0,0,0,0
2989,0,1023,1,30114,0,1,1,2,139,320,900,7528,21,7,0,0,0,0,123,0,0,0,0
2990,0,1023,1,30114,0,1,1,2,139,320,900,7528,21,7,0,0,0,0,123,0,0,0,0
2991,0,1023,1,30114,0,1,1,2,139,320,900,7528,21,7,0,0,0,0,123,0,0,0,0
2992,0,1023,1,30114,0,1,1,2,139,320,900,7528,21,7,0,0,0,0,123,0,0,0,0
2993,0,1023,1,30114,0,1,1,2,139,320,900,7528,21,7,0,0,0,0,123,0,0,0,0
2994,0,1023,1,30114,0,1,1,2,139,320,900,7528,21,7,0,0,0,0,123,0,0,0,0
2995,0,1023,1,30114,0,1,1,2,139,320,900,7528,21,7,0,0,0,0,123,0,0,0,0
2996,0,1023,1,30114,0,1,1,2,139,320,900,7528,21,7,0,0,0,0,123,0,0,0,0
2997,0,1023,1,30114,0,1,1,2,139,320,900,7528,21,7,0,0,0,0,123,0,0,0,0
2998,0,1023,1,30114,0,1,1,2,139,320,900,7528,21,7,0,0,0,0,123,0,0,0,0
2999,0,1023,1,30114,0,1,1,2,139,320,900,7528,21,7,0,0,0,0,123,0,0,0,0
3000,0,1023,1,30114,0,1,1,2,139,320,900,7528,21,7,0,0,0,0,123,0,0,0,0
3001,0,1023,1,30114,0,1,1,2,139,320,900,7528,21,7,0,0,0,0,123,0,0,0,0
3002,0,1023,1,30114,0,1,1,2,139,320,900,7528,21,7,0,0,0,0,123,0,0,0,0
3003,0,1023,1,30114,0,1,1,2,139,320,900,7528,21,7,0,0,0,0,123,0,0,0,0
3004,0,1023,1,30114,0,1,1,2,139,320,900,7528,21,7,0,0,0,0,123,0,0,0,0
3005,0,1023,1,30114,0,1,1,2,139,320,900,7528,21,7,0,0,0,0,123,0,0,0,0
3006,0,1023,1,30114,0,1,1,2,139,320,900,7528,21,7,0,0,0,0,123,0,0,0,0
3007,0,1023,1,30114,0,1,1,2,139,320,900,7528,21,7,0,0,0,0,123,0,0,0,0
3008,0,1023,1,30114,0,1,1,2,139,320,900,7528,21,7,0,0,0,0,123,0,0,0,0
3009,0,1023,1,30114,0,1,1,2,139,320,900,7528,21,7,0,0,0,0,123,0,0,0,0
3010,0,1023,1,30114,0,1,1,2,139,320,900,7528,21,7,0,0,0,0,123,0,0,0,0
3011,0,1023,1,30114,0,1,1,2,139,320,900,7528,21,7,0,0,0,0,123,0,0,0,0
3012,0,1023,1,30114,0,1,1,2,139,320,900,7528,21,7,0,0,0,0,123,0,0,0,0
3013,0,1023,1,30114,0,1,1,2,139,320,900,7528,21,7,0,0,0,0,123,0,0,0,0
3014,0,1023,1,30114,0,1,1,2,139,320,900,7528,21,7,0,0,0,0,123,0,0,0,0
3015,0,1023,1,30114,0,1,1,2,139,320,900,7528,21,7,0,0,0,0,123,0,0,0,0
3016,0,1023,1,30114,0,1,1,2,139,320,900,7528,21,7,0,0,0,0,123,0,0,0,0
3017,0,1023,1,30114,0,1,1,2,139,320,900,7528,21,7,0,0,0,0,123,0,0,0,0
3018,0,1023,1,30114,0,1,1,2,139,320,900,7528,21,7,0,0,0,0,123,0,0,0,0
3019,0,1023,1,30114,0,1,1,2,139,320,900,7528,21,7,0,0,0,0,123,0,0,0,0
3020,0,1023,1,30114,0,1,1,2,139,320,900,7528,21,7,0,0,0,0,123,0,0,0,0
3021,0,1023,1,30114,0,1,1,2,139,320,900,7528,21,7,0,0,0,0,123,0,0,0,0
3022,0,1023,1,30114,0,1,1,2,139,320,900,7528,21,7,0,0,0,0,123,0,0,0,0
3023,0,1023,1,30114,0,1,1,2,139,320,900,7528,21,7,0,0,0,0,123,0,0,0,0
3024,0,1023,1,30114,0,1,1,2,139,320,900,7528,21,7,0,0,0,0,123,0,0,0,0
3025,0,1023,1,30114,0,1,1,2,139,320,900,7528,21,7,0,0,0,0,123,0,0,0,0
3026,0,1023,1,30114,0,1,1,2,139,320,900,7528,21,7,0,0,0,0,123,0,0,0,0
3027,0,1023,1,30114,0,1,1,2,139,320,900,7528,21,7,0,0,0,0,123,0,0,0,0
3028,0,1023,1,30114,0,1,1,2,139,320,900,7528,21,7,0,0,0,0,123,0,0,0,0
3029,0,1023,1,30114,0,1,1,2,139,320,900,7528,21,7,0,0,0,0,123,0,0,0,0
3030,0,1023,1,30114,0,1,1,2,139,320,900,7528,21,7,0,0,0,0,123,0,0,0,0
3031,0,1023,1,30114,0,1,1,2,139,320,900,7528,21,7,0,0,0,0,123,0,0,0,0
3032,0,1023,1,30114,0,1,1,2,139,320,900,7528,21,7,0,0,0,0,123,0,0,0,0
3033,0,1023,1,30114,0,1,1,2,139,320,900,7528,21,7,0,0,0,0,123,0,0,0,0
3034,0,1023,1,30114,0,1,1,2,139,320,900,7528,21,7,0,0,0,0,123,0,0,0,0
3035,0,1023,1,30114,0,1,1,2,139,320,900,7528,21,7,0,0,0,0,123,0,0,0,0
3036,0,1023,1,30114,0,1,1,2,139,320,900,7528,21,7,0,0,0,0,123,0,0,0,0
3037,0,1023,1,30114,0,1,1,2,139,320,900,7528,21,7,0,0,0,0,123,0,0,0,0
3038,0,1023,1,30114,0,1,1,2,139,320,900,7528,21,7,0,0,0,0,123,0,0,0,0
3039,0,1023,1,30114,0,1,1,2,139,320,900,7528,21,7,0,0,0,0,123,0,0,0,0
3040,0,1023,1,30114,0,1,1,2,139,320,900,7528,21,7,0,0,0,0,123,0,0,0,0
3041,0,1023,1,30114,0,1,1,2,139,320,900,7528,21,7,0,0,0,0,123,0,0,0,0
3042,0,1023,1,30114,0,1,1,2,139,320,900,7528,21,7,0,0,0,0,123,0,0,0,0
3043,0,1023,1,30114,0,1,1,2,139,320,900,7528,21,7,0,0,0,0,123,0,0,0,0
3044,0,1023,1,30114,0,1,1,2,139,320,900,7528,21,7,0,0,0,0,123,0,0,0,0
3045,0,1023,1,30114,0,1,1,2,139,320,900,7528,21,7,0,0,0,0,123,0,0,0,0
3046,0,1023,1,30114,0,1,1,2,139,320,900,7528,21,7,0,0,0,0,123,0,0,0,0
3047,0,1023,1,30114,0,1,1,2,139,320,900,7528,21,7,0,0,0,0,123,0,0,0,0
3048,0,1023,1,30114,0,1,1,2,139,320,900,7528,21,7,0,0,0,0,123,0,0,0,0
3049,0,1023,1,30114,0,1,1,2,139,320,900,7528,21,7,0,0,0,0,123,0,0,0,0
3050,0,1023,1,30114,0,1,1,2,139,320,900,7528,21,7,0,0,0,0,123,0,0,0,0
3051,0,1023,1,30114,0,1,1,2,139,320,900,7528,21,7,0,0,0,0,123,0,0,0,0
3052,0,1023,1,30114,0,1,1,2,139,320,900,7528,21,7,0,0,0,0,123,0,0,0,0
3053,0,1023,1,30114,0,1,1,2,139,320,900,7528,21,7,0,0,0,0,123,0,0,0,0
3054,0,1023,1,30114,0,1,1,2,139,320,900,7528,21,7,0,0,0,0,123,0,0,0,0
3055,0,1023,1,30114,0,1,1,2,139,320,900,7528,21,7,0,0,0,0,123,0,0,0,0
3056,0,1023,1,30114,0,1,1,2,139,320,900,7528,21,7,0,0,0,0,123,0,0,0,0
3057,0,1023,1,30114,0,1,1,2,139,320,900,7528,21,7,0,0,0,0,123,0,0,0,0
3058,0,1023,1,30114,0,1,1,2,139,320,900,7528,21,7,0,0,0,0,123,0,0,0,0
3059,0,1023,1,30114,0,1,1,2,139,320,900,7528,21,7,0,0,0,0,123,0,0,0,0
3060,0,1023,1,30114,0,1,1,2,139,320,900,7528,21,7,0,0,0,0,123,0,0,0,0
3061,0,1023,1,30114,0,1,1,2,139,320,900,7528,21,7,0,0,0,0,123,0,0,0,0
3062,0,1023,1,30114,0,1,1,2,139,320,900,7528,21,7,0,0,0,0,123,0,0,0,0
3063,0,1023,1,30114,0,1,1,2,139,320,900,7528,21,7,0,0,0,0,123,0,0,0,0
3064,0,1023,1,30114,0,1,1,2,139,320,900,7528,21,7,0,0,0,0,123,0,0,0,0
3065,0,1023,1,30114,0,1,1,2,139,320,900,7528,21,7,0,0,0,0,123,0,0,0,0
3066,0,1023,1,30114,0,1,1,2,139,320,900,7528,21,7,0,0,0,0,123,0,0,0,0
3067,0,1023,1,30114,0,1,1,2,139,320,900,7528,21,7,0,0,0,0,123,0,0,0,0
3068,0,1023,1,30114,0,1,1,2,139,320,900,7528,21,7,0,0,0,0,123,0,0,0,0
3069,0,1023,1,30114,0,1,1,2,139,320,900,7528,21,7,0,0,0,0,123,0,0,0,0
3070,0,1023,1,30114,0,1,1,2,139,320,900,7528,21,7,0,0,0,0,123,0,0,0,0
3071,0,1023,1,30114,0,1,1,2,139,320,900,7528,21,7,0,0,0,0,123,0,0,0,0
3072,0,1023,1,30114,0,1,1,2,139,320,900,7528,21,7,0,0,0,0,123,0,0,0,0
3073,0,1023,1,30114,0,1,1,2,139,320,900,7528,21,7,0,0,0,0,123,0,0,0,0
3074,0,1023,1,30114,0,1,1,2,139,320,900,7528,21,7,0,0,0,0,123,0,0,0,0
3075,0,1023,1,30114,0,1,1,2,139,320,900,7528,21,7,0,0,0,0,123,0,0,0,0
3076,0,1023,1,30114,0,1,1,2,139,320,900,7528,21,7,0,0,0,0,123,0,0,0,0
3077,0,1023,1,30114,0,1,1,2,139,320,900,7528,21,7,0,0,0,0,123,0,0,0,0
3078,0,1023,1,30114,0,1,1,2,139,320,900,7528,21,7,0,0,0,0,123,0,0,0,0
3079,0,1023,1,30114,0,1,1,2,139,320,900,7528,21,7,0,0,0,0,123,0,0,0,0
3080,0,1023,1,30114,0,1,1,2,139,320,900,7528,21,7,0,0,0,0,123,0,0,0,0
3081,0,1023,1,30114,0,1,1,2,139,320,900,7528,21,7,0,0,0,0,123,0,0,0,0
3082,0,1023,1,30114,0,1,1,2,139,320,900,7528,21,7,0,0,0,0,123,0,0,0,0
3083,0,1023,1,30114,0,1,1,2,139,320,900,7528,21,7,0,0,0,0,123,0,0,0,0
3084,0,1023,1,30114,0,1,1,2,139,320,900,7528,21,7,0,0,0,0,123,0,0,0,0
3085,0,1023,1,30114,0,1,1,2,139,320,900,7528,21,7,0,0,0,0,123,0,0,0,0
3086,0,1023,1,30114,0,1,1,2,139,320,900,7528,21,7,0,0,0,0,123,0,0,0,0
3087,0,1023,1,30114,0,1,1,2,139,320,900,7528,21,7,0,0,0,0,123,0,0,0,0
3088,0,1023,1,30114,0,1,1,2,139,320,900,7528,21,7,0,0,0,0,123,0,0,0,0
3089,0,1023,1,30114,0,1,1,2,139,320,900,7528,21,7,0,0,0,0,123,0,0,0,0
3090,0,1023,1,30114,0,1,1,2,139,320,900,7528,21,7,0,0,0,0,123,0,0,0,0
3091,0,1023,1,30114,0,1,1,2,139,320,900,7528,21,7,0,0,0,0,123,0,0,0,0
3092,0,1023,1,30114,0,1,1,2,139,320,900,7528,21,7,0,0,0,0,123,0,0,0,0
3093,0,1023,1,30114,0,1,1,2,139,320,900,7528,21,7,0,0,0,0,123,0,0,0,0
3094,0,1023,1,30114,0,1,1,2,139,320,900,7528,21,7,0,0,0,0,123,0,0,0,0
3095,0,1023,1,30114,0,1,1,2,139,320,900,7528,21,7,0,0,0,0,123,0,0,0,0
3096,0,1023,1,30114,0,1,1,2,139,320,900,7528,21,7,0,0,0,0,123,0,0,0,0
3097,0,1023,1,30114,0,1,1,2,139,320,900,7528,21,7,0,0,0,0,123,0,0,0,0
3098,0,1023,1,30114,0,1,1,2,139,320,900,7528,21,7,0,0,0,0,123,0,0,0,0
3099,0,1023,1,30114,0,1,1,2,139,320,900,7528,21,7,0,0,0,0,123,0,0,0,0
3100,0,1023,1,30114,0,1,1,2,139,320,900,7528,21,7,0,0,0,0,123,0,0,0,0
3101,0,1023,1,30114,0,1,1,2,139,320,900,7528,21,7,0,0,0,0,123,0,0,0,0
3102,0,1023,1,30114,0,1,1,2,139,320,900,7528,21,7,0,0,0,0,123,0,0,0,0
3103,0,1023,1,30114,0,1,1,2,139,320,900,7528,21,7,0,0,0,0,123,0,0,0,0
3104,0,1023,1,30114,0,1,1,2,139,320,900,7528,21,7,0,0,0,0,123,0,0,0,0
3105,0,1023,1,30114,0,1,1,2,139,320,900,7528,21,7,0,0,0,0,123,0,0,0,0
3106,0,1023,1,30114,0,1,1,2,139,320,900,7528,21,7,0,0,0,0,123,0,0,0,0
3107,0,1023,1,30114,0,1,1,2,139,320,900,7528,21,7,0,0,0,0,123,0,0,0,0
3108,0,1023,1,30114,0,1,1,2,139,320,900,7528,21,7,0,0,0,0,123,0,0,0,0
3109,0,1023,1,30114,0,1,1,2,139,320,900,7528,21,7,0,0,0,0,123,0,0,0,0
3110,0,1023,1,30114,0,1,1,2,139,320,900,7528,21,7,0,0,0,0,123,0,0,0,0
3111,0,1023,1,30114,0,1,1,2,139,320,900,7528,21,7,0,0,0,0,123,0,0,0,0
3112,0,1023,1,30114,0,1,1,2,139,320,900,7528,21,7,0,0,0,0,123,0,0,0,0
3113,0,1023,1,30114,0,1,1,2,139,320,900,7528,21,7,0,0,0,0,123,0,0,0,0
3114,0,1023,1,30114,0,1,1,2,139,320,900,7528,21,7,0,0,0,0,123,0,0,0,0
3115,0,1023,1,30114,0,1,1,2,139,320,900,7528,21,7,0,0,0,0,123,0,0,0,0
3116,0,1023,1,30114,0,1,1,2,139,320,900,7528,21,7,0,0,0,0,123,0,0,0,0
3117,0,1023,1,30114,0,1,1,2,139,320,900,7528,21,7,0,0,0,0,123,0,0,0,0
3118,0,1023,1,30114,0,1,1,2,139,320,900,7528,21,7,0,0,0,0,123,0,0,0,0
3119,0,1023,1,30114,0,1,1,2,139,320,900,7528,21,7,0,0,0,0,123,0,0,0,0
3120,0,1023,1,30114,0,1,1,2,139,320,900,7528,21,7,0,0,0,0,123,0,0,0,0
3121,0,1023,1,30114,0,1,1,2,139,320,900,7528,21,7,0,0,0,0,123,0,0,0,0
3122,0,1023,1,30114,0,1,1,2,139,320,900,7528,21,7,0,0,0,0,123,0,0,0,0
3123,0,1023,1,30114,0,1,1,2,139,320,900,7528,21,7,0,0,0,0,123,0,0,0,0
3124,0,1023,1,30114,0,1,1,2,139,320,900,7528,21,7,0,0,0,0,123,0,0,0,0
3125,0,1023,1,30114,0,1,1,2,139,320,900,7528,21,7,0,0,0,0,123,0,0,0,0
3126,0,1023,1,30114,0,1,1,2,139,320,900,7528,21,7,0,0,0,0,123,0,0,0,0
3127,0,1023,1,30114,0,1,1,2,139,320,900,7528,21,7,0,0,0,0,123,0,0,0,0
3128,0,1023,1,30114,0,1,1,2,139,320,900,7528,21,7,0,0,0,0,123,0,0,0,0
3129,0,1023,1,30114,0,1,1,2,139,320,900,7528,21,7,0,0,0,0,123,0,0,0,0
3130,0,1023,1,30114,0,1,1,2,139,320,900,7528,21,7,0,0,0,0,123,0,0,0,0
3131,0,1023,1,30114,0,1,1,2,139,320,900,7528,21,7,0,0,0,0,123,0,0,0,0
3132,0,1023,1,30114,0,1,1,2,139,320,900,7528,21,7,0,0,0,0,123,0,0,0,0
3133,0,1023,1,30114,0,1,1,2,139,320,900,7528,21,7,0,0,0,0,123,0,0,0,0
3134,0,1023,1,30114,0,1,1,2,139,320,900,7528,21,7,0,0,0,0,123,0,0,0,0
3135,0,1023,1,30114,0,1,1,2,139,320,900,7528,21,7,0,0,0,0,123,0,0,0,0
3136,0,1023,1,30114,0,1,1,2,139,320,900,7528,21,7,0,0,0,0,123,0,0,0,0
3137,0,1023,1,30114,0,1,1,2,139,320,900,7528,21,7,0,0,0,0,123,0,0,0,0
3138,0,1023,1,30114,0,1,1,2,139,320,900,7528,21,7,0,0,0,0,123,0,0,0,0
3139,0,1023,1,30114,0,1,1,2,139,320,900,7528,21,7,0,0,0,0,123,0,0,0,0
3140,0,1023,1,30114,0,1,1,2,139,320,900,7528,21,7,0,0,0,0,123,0,0,0,0
3141,0,1023,1,30114,0,1,1,2,139,320,900,7528,21,7,0,0,0,0,123,0,0,0,0
3142,0,1023,1,30114,0,1,1,2,139,320,900,7528,21,7,0,0,0,0,123,0,0,0,0
3143,0,1023,1,30114,0,1,1,2,139,320,900,7528,21,7,0,0,0,0,123,0,0,0,0
3144,0,1023,1,30114,0,1,1,2,139,320,900,7528,21,7,0,0,0,0,123,0,0,0,0
3145,0,1023,1,30114,0,1,1,2,139,320,900,7528,21,7,0,0,0,0,123,0,0,0,0
3146,0,1023,1,30114,0,1,1,2,139,320,900,7528,21,7,0,0,0,0,123,0,0,0,0
3147,0,1023,1,30114,0,1,1,2,139,320,900,7528,21,7,0,0,0,0,123,0,0,0,0
3148,0,1023,1,30114,0,1,1,2,139,320,900,7528,21,7,0,0,0,0,123,0,0,0,0
3149,0,1023,1,30114,0,1,1,2,139,320,900,7528,21,7,0,0,0,0,123,0,0,0,0
3150,0,1023,1,30114,0,1,1,2,139,320,900,7528,21,7,0,0,0,0,123,0,0,0,0
3151,0,1023,1,30114,0,1,1,2,139,320,900,7528,21,7,0,0,0,0,123,0,0,0,0
3152,0,1023,1,30114,0,1,1,2,139,320,900,7528,21,7,0,0,0,0,123,0,0,0,0
3153,0,1023,1,30114,0,1,1,2,139,320,900,7528,21,7,0,0,0,0,123,0,0,0,0
3154,0,1023,1,30114,0,1,1,2,139,320,900,7528,21,7,0,0,0,0,123,0,0,0,0
3155,0,1023,1,30114,0,1,1,2,139,320,900,7528,21,7,0,0,0,0,123,0,0,0,0
3156,0,1023,1,30114,0,1,1,2,139,320,900,7528,21,7,0,0,0,0,123,0,0,0,0
3157,0,1023,1,30114,0,1,1,2,139,320,900,7528,21,7,0,0,0,0,123,0,0,0,0
3158,0,1023,1,30114,0,1,1,2,139,320,900,7528,21,7,0,0,0,0,123,0,0,0,0
3159,0,1023,1,30114,0,1,1,2,139,320,900,7528,21,7,0,0,0,0,123,0,0,0,0
3160,0,1023,1,30114,0,1,1,2,139,320,900,7528,21,7,0,0,0,0,123,0,0,0,0
3161,0,1023,1,30114,0,1,1,2,139,320,900,7528,21,7,0,0,0,0,123,0,0,0,0
3162,0,1023,1,30114,0,1,1,2,139,320,900,7528,21,7,0,0,0,0,123,0,0,0,0
3163,0,1023,1,30114,0,1,1,2,139,320,900,7528,21,7,0,0,0,0,123,0,0,0,0
3164,0,1023,1,30114,0,1,1,2,139,320,900,7528,21,7,0,0,0,0,123,0,0,0,0
3165,0,1023,1,30114,0,1,1,2,139,320,900,7528,21,7,0,0,0,0,123,0,0,0,0
3166,0,1023,1,30114,0,1,1,2,139,320,900,7528,21,7,0,0,0,0,123,0,0,0,0
3167,0,1023,1,30114,0,1,1,2,139,320,900,7528,21,7,0,0,0,0,123,0,0,0,0
3168,0,1023,1,30114,0,1,1,2,139,320,900,7528,21,7,0,0,0,0,123,0,0,0,0
3169,0,1023,1,30114,0,1,1,2,139,320,900,7528,21,7,0,0,0,0,123,0,0,0,0
3170,0,1023,1,30114,0,1,1,2,139,320,900,7528,21,7,0,0,0,0,123,0,0,0,0
3171,0,1023,1,30114,0,1,1,2,139,320,900,7528,21,7,0,0,0,0,123,0,0,0,0
3172,0,1023,1,30114,0,1,1,2,139,320,900,7528,21,7,0,0,0,0,123,0,0,0,0
3173,0,1023,1,30114,0,1,1,2,139,320,900,7528,21,7,0,0,0,0,123,0,0,0,0
3174,0,1023,1,30114,0,1,1,2,139,320,900,7528,21,7,0,0,0,0,123,0,0,0,0
3175,0,1023,1,30114,0,1,1,2,139,320,900,7528,21,7,0,0,0,0,123,0,0,0,0
3176,0,1023,1,30114,0,1,1,2,139,320,900,7528,21,7,0,0,0,0,123,0,0,0,0
3177,0,1023,1,30114,0,1,1,2,139,320,900,7528,21,7,0,0,0,0,123,0,0,0,0
3178,0,1023,1,30114,0,1,1,2,139,320,900,7528,21,7,0,0,0,0,123,0,0,0,0
3179,0,1023,1,30114,0,1,1,2,139,320,900,7528,21,7,0,0,0,0,123,0,0,0,0
3180,0,1023,1,30114,0,1,1,2,139,320,900,7528,21,7,0,0,0,0,123,0,0,0,0
3181,0,1023,1,30114,0,1,1,2,139,320,900,7528,21,7,0,0,0,0,123,0,0,0,0
3182,0,1023,1,30114,0,1,1,2,139,320,900,7528,21,7,0,0,0,0,123,0,0,0,0
3183,0,1023,1,30114,0,1,1,2,139,320,900,7528,21,7,0,0,0,0,123,0,0,0,0
3184,0,1023,1,30114,0,1,1,2,139,320,900,7528,21,7,0,0,0,0,123,0,0,0,0
3185,0,1023,1,30114,0,1,1,2,139,320,900,7528,21,7,0,0,0,0,123,0,0,0,0
3186,0,1023,1,30114,0,1,1,2,139,320,900,7528,21,7,0,0,0,0,123,0,0,0,0
3187,0,1023,1,30114,0,1,1,2,139,320,900,7528,21,7,0,0,0,0,123,0,0,0,0
3188,0,1023,1,30114,0,1,1,2,139,320,900,7528,21,7,0,0,0,0,123,0,0,0,0
3189,0,1023,1,30114,0,1,1,2,139,320,900,7528,21,7,0,0,0,0,123,0,0,0,0
3190,0,1023,1,30114,0,1,1,2,139,320,900,7528,21,7,0,0,0,0,123,0,0,0,0
3191,0,1023,1,30114,0,1,1,2,139,320,900,7528,21,7,0,0,0,0,123,0,0,0,0
3192,0,1023,1,30114,0,1,1,2,139,320,900,7528,21,7,0,0,0,0,123,0,0,0,0
3193,0,1023,1,30114,0,1,1,2,139,320,900,7528,21,7,0,0,0,0,123,0,0,0,0
3194,0,1023,1,30114,0,1,1,2,139,320,900,7528,21,7,0,0,0,0,123,0,0,0,0
3195,0,1023,1,30114,0,1,1,2,139,320,900,7528,21,7,0,0,0,0,123,0,0,0,0
3196,0,1023,1,30114,0,1,1,2,139,320,900,7528,21,7,0,0,0,0,123,0,0,0,0
3197,0,1023,1,30114,0,1,1,2,139,320,900,7528,21,7,0,0,0,0,123,0,0,0,0
3198,0,1023,1,30114,0,1,1,2,139,320,900,7528,21,7,0,0,0,0,123,0,0,0,0
3199,0,1023,1,30114,0,1,1,2,139,320,900,7528,21,7,0,0,0,0,123,0,0,0,0
3200,0,1023,1,30114,0,1,1,2,139,320,900,7528,21,7,0,0,0,0,123,0,0,0,0
3201,0,1023,1,30114,0,1,1,2,139,320,900,7528,21,7,0,0,0,0,123,0,0,0,0
3202,0,1023,1,30114,0,1,1,2,139,320,900,7528,21,7,0,0,0,0,123,0,0,0,0
3203,0,1023,1,30114,0,1,1,2,139,320,900,7528,21,7,0,0,0,0,123,0,0,0,0
3204,0,1023,1,30114,0,1,1,2,139,320,900,7528,21,7,0,0,0,0,123,0,0,0,0
3205,0,1023,1,30114,0,1,1,2,139,320,900,7528,21,7,0,0,0,0,123,0,0,0,0
3206,0,1023,1,30114,0,1,1,2,139,320,900,7528,21,7,0,0,0,0,123,0,0,0,0
3207,0,1023,1,30114,0,1,1,2,139,320,900,7528,21,7,0,0,0,0,123,0,0,0,0
3208,0,1023,1,30114,0,1,1,2,139,320,900,7528,21,7,0,0,0,0,123,0,0,0,0
3209,0,1023,1,30114,0,1,1,2,139,320,900,7528,21,7,0,0,0,0,123,0,0,0,0
3210,0,1023,1,30114,0,1,1,2,139,320,900,7528,21,7,0,0,0,0,123,0,0,0,0
3211,0,1023,1,30114,0,1,1,2,139,320,900,7528,21,7,0,0,0,0,123,0,0,0,0
3212,0,1023,1,30114,0,1,1,2,139,320,900,7528,21,7,0,0,0,0,123,0,0,0,0
3213,0,1023,1,30114,0,1,1,2,139,320,900,7528,21,7,0,0,0,0,123,0,0,0,0
3214,0,1023,1,30114,0,1,1,2,139,320,900,7528,21,7,0,0,0,0,123,0,0,0,0
3215,0,1023,1,30114,0,1,1,2,139,320,900,7528,21,7,0,0,0,0,123,0,0,0,0
3216,0,1023,1,30114,0,1,1,2,139,320,900,7528,21,7,0,0,0,0,123,0,0,0,0
3217,0,1023,1,30114,0,1,1,2,139,320,900,7528,21,7,0,0,0,0,123,0,0,0,0
3218,0,1023,1,30114,0,1,1,2,139,320,900,7528,21,7,0,0,0,0,123,0,0,0,0
3219,0,1023,1,30114,0,1,1,2,139,320,900,7528,21,7,0,0,0,0,123,0,0,0,0
3220,0,1023,1,30114,0,1,1,2,139,320,900,7528,21,7,0,0,0,0,123,0,0,0,0
3221,0,1023,1,30114,0,1,1,2,139,320,900,7528,21,7,0,0,0,0,123,0,0,0,0
3222,0,1023,1,30114,0,1,1,2,139,320,900,7528,21,7,0,0,0,0,123,0,0,0,0
3223,0,1023,1,30114,0,1,1,2,139,320,900,7528,21,7,0,0,0,0,123,0,0,0,0
3224,0,1023,1,30114,0,1,1,2,139,320,900,7528,21,7,0,0,0,0,123,0,0,0,0
3225,0,1023,1,30114,0,1,1,2,139,320,900,7528,21,7,0,0,0,0,123,0,0,0,0
3226,0,1023,1,30114,0,1,1,2,139,320,900,7528,21,7,0,0,0,0,123,0,0,0,0
3227,0,1023,1,30114,0,1,1,2,139,320,900,7528,21,7,0,0,0,0,123,0,0,0,0
3228,0,1023,1,30114,0,1,1,2,139,320,900,7528,21,7,0,0,0,0,123,0,0,0,0
3229,0,1023,1,30114,0,1,1,2,139,320,900,7528,21,7,0,0,0,0,123,0,0,0,0
3230,0,1023,1,30114,0,1,1,2,139,320,900,7528,21,7,0,0,0,0,123,0,0,0,0
3231,0,1023,1,30114,0,1,1,2,139,320,900,7528,21,7,0,0,0,0,123,0,0,0,0
3232,0,1023,1,30114,0,1,1,2,139,320,900,7528,21,7,0,0,0,0,123,0,0,0,0
3233,0,1023,1,30114,0,1,1,2,139,320,900,7528,21,7,0,0,0,0,123,0,0,0,0
3234,0,1023,1,30114,0,1,1,2,139,320,900,7528,21,7,0,0,0,0,123,0,0,0,0
3235,0,1023,1,30114,0,1,1,2,139,320,900,7528,21,7,0,0,0,0,123,0,0,0,0
3236,0,1023,1,30114,0,1,1,2,139,320,900,7528,21,7,0,0,0,0,123,0,0,0,0
3237,0,1023,1,30114,0,1,1,2,139,320,900,7528,21,7,0,0,0,0,123,0,0,0,0
3238,0,1023,1,30114,0,1,1,2,139,320,900,7528,21,7,0,0,0,0,123,0,0,0,0
3239,0,1023,1,30114,0,1,1,2,139,320,900,7528,21,7,0,0,0,0,123,0,0,0,0
3240,0,1023,1,30114,0,1,1,2,139,320,900,7528,21,7,0,0,0,0,123,0,0,0,0
3241,0,1023,1,30114,0,1,1,2,139,320,900,7528,21,7,0,0,0,0,123,0,0,0,0
3242,0,1023,1,30114,0,1,1,2,139,320,900,7528,21,7,0,0,0,0,123,0,0,0,0
3243,0,1023,1,30114,0,1,1,2,139,320,900,7528,21,7,0,0,0,0,123,0,0,0,0
3244,0,1023,1,30114,0,1,1,2,139,320,900,7528,21,7,0,0,0,0,123,0,0,0,0
3245,0,1023,1,30114,0,1,1,2,139,320,900,7528,21,7,0,0,0,0,123,0,0,0,0
3246,0,1023,1,30114,0,1,1,2,139,320,900,7528,21,7,0,0,0,0,123,0,0,0,0
3247,0,1023,1,30114,0,1,1,2,139,320,900,7528,21,7,0,0,0,0,123,0,0,0,0
3248,0,1023,1,30114,0,1,1,2,139,320,900,7528,21,7,0,0,0,0,123,0,0,0,0
3249,0,1023,1,30114,0,1,1,2,139,320,900,7528,21,7,0,0,0,0,123,0,0,0,0
3250,0,1023,1,30114,0,1,1,2,139,320,900,7528,21,7,0,0,0,0,123,0,0,0,0
3251,0,1023,1,30114,0,1,1,2,139,320,900,7528,21,7,0,0,0,0,123,0,0,0,0
3252,0,1023,1,30114,0,1,1,2,139,320,900,7528,21,7,0,0,0,0,123,0,0,0,0
3253,0,1023,1,30114,0,1,1,2,139,320,900,7528,21,7,0,0,0,0,123,0,0,0,0
3254,0,1023,1,30114,0,1,1,2,139,320,900,7528,21,7,0,0,0,0,123,0,0,0,0
3255,0,1023,1,30114,0,1,1,2,139,320,900,7528,21,7,0,0,0,0,123,0,0,0,0
3256,0,1023,1,30114,0,1,1,2,139,320,900,7528,21,7,0,0,0,0,123,0,0,0,0
3257,0,1023,1,30114,0,1,1,2,139,320,900,7528,21,7,0,0,0,0,123,0,0,0,0
3258,0,1023,1,30114,0,1,1,2,139,320,900,7528,21,7,0,0,0,0,123,0,0,0,0
3259,0,1023,1,30114,0,1,1,2,139,320,900,7528,21,7,0,0,0,0,123,0,0,0,0
3260,0,1023,1,30114,0,1,1,2,139,320,900,7528,21,7,0,0,0,0,123,0,0,0,0
3261,0,1023,1,30114,0,1,1,2,139,320,900,7528,21,7,0,0,0,0,123,0,0,0,0
3262,0,1023,1,30114,0,1,1,2,139,320,900,7528,21,7,0,0,0,0,123,0,0,0,0
3263,0,1023,1,30114,0,1,1,2,139,320,900,7528,21,7,0,0,0,0,123,0,0,0,0
3264,0,1023,1,30114,0,1,1,2,139,320,900,7528,21,7,0,0,0,0,123,0,0,0,0
3265,0,1023,1,30114,0,1,1,2,139,320,900,7528,21,7,0,0,0,0,123,0,0,0,0
3266,0,1023,1,30114,0,1,1,2,139,320,900,7528,21,7,0,0,0,0,123,0,0,0,0
3267,0,1023,1,30114,0,1,1,2,139,320,900,7528,21,7,0,0,0,0,123,0,0,0,0
3268,0,1023,1,30114,0,1,1,2,139,320,900,7528,21,7,0,0,0,0,123,0,0,0,0
3269,0,1023,1,30114,0,1,1,2,139,320,900,7528,21,7,0,0,0,0,123,0,0,0,0
3270,0,1023,1,30114,0,1,1,2,139,320,900,7528,21,7,0,0,0,0,123,0,0,0,0
3271,0,1023,1,30114,0,1,1,2,139,320,900,7528,21,7,0,0,0,0,123,0,0,0,0
3272,0,1023,1,30114,0,1,1,2,139,320,900,7528,21,7,0,0,0,0,123,0,0,0,0
3273,0,1023,1,30114,0,1,1,2,139,320,900,7528,21,7,0,0,0,0,123,0,0,0,0
3274,0,1023,1,30114,0,1,1,2,139,320,900,7528,21,7,0,0,0,0,123,0,0,0,0
3275,0,1023,1,30114,0,1,1,2,139,320,900,7528,21,7,0,0,0,0,123,0,0,0,0
3276,0,1023,1,30114,0,1,1,2,139,320,900,7528,21,7,0,0,0,0,123,0,0,0,0
3277,0,1023,1,30114,0,1,1,2,139,320,900,7528,21,7,0,0,0,0,123,0,0,0,0
3278,0,1023,1,30114,0,1,1,2,139,320,900,7528,21,7,0,0,0,0,123,0,0,0,0
3279,0,1023,1,30114,0,1,1,2,139,320,900,7528,21,7,0,0,0,0,123,0,0,0,0
3280,0,1023,1,30114,0,1,1,2,139,320,900,7528,21,7,0,0,0,0,123,0,0,0,0
3281,0,1023,1,30114,0,1,1,2,139,320,900,7528,21,7,0,0,0,0,123,0,0,0,0
3282,0,1023,1,30114,0,1,1,2,139,320,900,7528,21,7,0,0,0,0,123,0,0,0,0
3283,0,1023,1,30114,0,1,1,2,139,320,900,7528,21,7,0,0,0,0,123,0,0,0,0
3284,0,1023,1,30114,0,1,1,2,139,320,900,7528,21,7,0,0,0,0,123,0,0,0,0
3285,0,1023,1,30114,0,1,1,2,139,320,900,7528,21,7,0,0,0,0,123,0,0,0,0
3286,0,1023,1,30114,0,1,1,2,139,320,900,7528,21,7,0,0,0,0,123,0,0,0,0
3287,0,1023,1,30114,0,1,1,2,139,320,900,7528,21,7,0,0,0,0,123,0,0,0,0
3288,0,1023,1,30114,0,1,1,2,139,320,900,7528,21,7,0,0,0,0,123,0,0,0,0
3289,0,1023,1,30114,0,1,1,2,139,320,900,7528,21,7,0,0,0,0,123,0,0,0,0
3290,0,1023,1,30114,0,1,1,2,139,320,900,7528,21,7,0,0,0,0,123,0,0,0,0
3291,0,1023,1,30114,0,1,1,2,139,320,900,7528,21,7,0,0,0,0,123,0,0,0,0
3292,0,1023,1,30114,0,1,1,2,139,320,900,7528,21,7,0,0,0,0,123,0,0,0,0
3293,0,1023,1,30114,0,1,1,2,139,320,900,7528,21,7,0,0,0,0,123,0,0,0,0
3294,0,1023,1,30114,0,1,1,2,139,320,900,7528,21,7,0,0,0,0,123,0,0,0,0
3295,0,1023,1,30114,0,1,1,2,139,320,900,7528,21,7,0,0,0,0,123,0,0,0,0
3296,0,1023,1,30114,0,1,1,2,139,320,900,7528,21,7,0,0,0,0,123,0,0,0,0
3297,0,1023,1,30114,0,1,1,2,139,320,900,7528,21,7,0,0,0,0,123,0,0,0,0
3298,0,1023,1,30114,0,1,1,2,139,320,900,7528,21,7,0,0,0,0,123,0,0,0,0
3299,0,1023,1,30114,0,1,1,2,139,320,900,7528,21,7,0,0,0,0,123,0,0,0,0
3300,0,1023,1,30114,0,1,1,2,139,320,900,7528,21,7,0,0,0,0,123,0,0,0,0
3301,0,1023,1,30114,0,1,1,2,139,320,900,7528,21,7,0,0,0,0,123,0,0,0,0
3302,0,1023,1,30114,0,1,1,2,139,320,900,7528,21,7,0,0,0,0,123,0,0,0,0
3303,0,1023,1,30114,0,1,1,2,139,320,900,7528,21,7,0,0,0,0,123,0,0,0,0
3304,0,1023,1,30114,0,1,1,2,139,320,900,7528,21,7,0,0,0,0,123,0,0,0,0
3305,0,1023,1,30114,0,1,1,2,139,320,900,7528,21,7,0,0,0,0,123,0,0,0,0
3306,0,1023,1,30114,0,1,1,2,139,320,900,7528,21,7,0,0,0,0,123,0,0,0,0
3307,0,1023,1,30114,0,1,1,2,139,320,900,7528,21,7,0,0,0,0,123,0,0,0,0
3308,0,1023,1,30114,0,1,1,2,139,320,900,7528,21,7,0,0,0,0,123,0,0,0,0
3309,0,1023,1,30114,0,1,1,2,139,320,900,7528,21,7,0,0,0,0,123,0,0,0,0
3310,0,1023,1,30114,0,1,1,2,139,320,900,7528,21,7,0,0,0,0,123,0,0,0,0
3311,0,1023,1,30114,0,1,1,2,139,320,900,7528,21,7,0,0,0,0,123,0,0,0,0
3312,0,1023,1,30114,0,1,1,2,139,320,900,7528,21,7,0,0,0,0,123,0,0,0,0
3313,0,1023,1,30114,0,1,1,2,139,320,900,7528,21,7,0,0,0,0,123,0,0,0,0
3314,0,1023,1,30114,0,1,1,2,139,320,900,7528,21,7,0,0,0,0,123,0,0,0,0
3315,0,1023,1,30114,0,1,1,2,139,320,900,7528,21,7,0,0,0,0,123,0,0,0,0
3316,0,1023,1,30114,0,1,1,2,139,320,900,7528,21,7,0,0,0,0,123,0,0,0,0
3317,0,1023,1,30114,0,1,1,2,139,320,900,7528,21,7,0,0,0,0,123,0,0,0,0
3318,0,1023,1,30114,0,1,1,2,139,320,900,7528,21,7,0,0,0,0,123,0,0,0,0
3319,0,1023,1,30114,0,1,1,2,139,320,900,7528,21,7,0,0,0,0,123,0,0,0,0
3320,0,1023,1,30114,0,1,1,2,139,320,900,7528,21,7,0,0,0,0,123,0,0,0,0
3321,0,1023,1,30114,0,1,1,2,139,320,900,7528,21,7,0,0,0,0,123,0,0,0,0
3322,0,1023,1,30114,0,1,1,2,139,320,900,7528,21,7,0,0,0,0,123,0,0,0,0
3323,0,1023,1,30114,0,1,1,2,139,320,900,7528,21,7,0,0,0,0,123,0,0,0,0
3324,0,1023,1,30114,0,1,1,2,139,320,900,7528,21,7,0,0,0,0,123,0,0,0,0
3325,0,1023,1,30114,0,1,1,2,139,320,900,7528,21,7,0,0,0,0,123,0,0,0,0
3326,0,1023,1,30114,0,1,1,2,139,320,900,7528,21,7,0,0,0,0,123,0,0,0,0
3327,0,1023,1,30114,0,1,1,2,139,320,900,7528,21,7,0,0,0,0,123,0,0,0,0
3328,0,1023,1,30114,0,1,1,2,139,320,900,7528,21,7,0,0,0,0,123,0,0,0,0
3329,0,1023,1,30114,0,1,1,2,139,320,900,7528,21,7,0,0,0,0,123,0,0,0,0
3330,0,1023,1,30114,0,1,1,2,139,320,900,7528,21,7,0,0,0,0,123,0,0,0,0
3331,0,1023,1,30114,0,1,1,2,139,320,900,7528,21,7,0,0,0,0,123,0,0,0,0
3332,0,1023,1,30114,0,1,1,2,139,320,900,7528,21,7,0,0,0,0,123,0,0,0,0
3333,0,1023,1,30114,0,1,1,2,139,320,900,7528,21,7,0,0,0,0,123,0,0,0,0
3334,0,1023,1,30114,0,1,1,2,139,320,900,7528,21,7,0,0,0,0,123,0,0,0,0
3335,0,1023,1,30114,0,1,1,2,139,320,900,7528,21,7,0,0,0,0,123,0,0,0,0
3336,0,1023,1,30114,0,1,1,2,139,320,900,7528,21,7,0,0,0,0,123,0,0,0,0
3337,0,1023,1,30114,0,1,1,2,139,320,900,7528,21,7,0,0,0,0,123,0,0,0,0
3338,0,1023,1,30114,0,1,1,2,139,320,900,7528,21,7,0,0,0,0,123,0,0,0,0
3339,0,1023,1,30114,0,1,1,2,139,320,900,7528,21,7,0,0,0,0,123,0,0,0,0
3340,0,1023,1,30114,0,1,1,2,139,320,900,7528,21,7,0,0,0,0,123,0,0,0,0
3341,0,1023,1,30114,0,1,1,2,139,320,900,7528,21,7,0,0,0,0,123,0,0,0,0
3342,0,1023,1,30114,0,1,1,2,139,320,900,7528,21,7,0,0,0,0,123,0,0,0,0
3343,0,1023,1,30114,0,1,1,2,139,320,900,7528,21,7,0,0,0,0,123,0,0,0,0
3344,0,1023,1,30114,0,1,1,2,139,320,900,7528,21,7,0,0,0,0,123,0,0,0,0
3345,0,1023,1,30114,0,1,1,2,139,320,900,7528,21,7,0,0,0,0,123,0,0,0,0
3346,0,1023,1,30114,0,1,1,2,139,320,900,7528,21,7,0,0,0,0,123,0,0,0,0
3347,0,1023,1,30114,0,1,1,2,139,320,900,7528,21,7,0,0,0,0,123,0,0,0,0
3348,0,1023,1,30114,0,1,1,2,139,320,900,7528,21,7,0,0,0,0,123,0,0,0,0
3349,0,1023,1,30114,0,1,1,2,139,320,900,7528,21,7,0,0,0,0,123,0,0,0,0
3350,0,1023,1,30114,0,1,1,2,139,320,900,7528,21,7,0,0,0,0,123,0,0,0,0
3351,0,1023,1,30114,0,1,1,2,139,320,900,7528,21,7,0,0,0,0,123,0,0,0,0
3352,0,1023,1,30114,0,1,1,2,139,320,900,7528,21,7,0,0,0,0,123,0,0,0,0
3353,0,1023,1,30114,0,1,1,2,139,320,900,7528,21,7,0,0,0,0,123,0,0,0,0
3354,0,1023,1,30114,0,1,1,2,139,320,900,7528,21,7,0,0,0,0,123,0,0,0,0
3355,0,1023,1,30114,0,1,1,2,139,320,900,7528,21,7,0,0,0,0,123,0,0,0,0
3356,0,1023,1,30114,0,1,1,2,139,320,900,7528,21,7,0,0,0,0,123,0,0,0,0
3357,0,1023,1,30114,0,1,1,2,139,320,900,7528,21,7,0,0,0,0,123,0,0,0,0
3358,0,1023,1,30114,0,1,1,2,139,320,900,7528,21,7,0,0,0,0,123,0,0,0,0
3359,0,1023,1,30114,0,1,1,2,139,320,900,7528,21,7,0,0,0,0,123,0,0,0,0
3360,0,1023,1,30114,0,1,1,2,139,320,900,7528,21,7,0,0,0,0,123,0,0,0,0
3361,0,1023,1,30114,0,1,1,2,139,320,900,7528,21,7,0,0,0,0,123,0,0,0,0
3362,0,1023,1,30114,0,1,1,2,139,320,900,7528,21,7,0,0,0,0,123,0,0,0,0
3363,0,1023,1,30114,0,1,1,2,139,320,900,7528,21,7,0,0,0,0,123,0,0,0,0
3364,0,1023,1,30114,0,1,1,2,139,320,900,7528,21,7,0,0,0,0,123,0,0,0,0
3365,0,1023,1,30114,0,1,1,2,139,320,900,7528,21,7,0,0,0,0,123,0,0,0,0
3366,0,1023,1,30114,0,1,1,2,139,320,900,7528,21,7,0,0,0,0,123,0,0,0,0
3367,0,1023,1,30114,0,1,1,2,139,320,900,7528,21,7,0,0,0,0,123,0,0,0,0
3368,0,1023,1,30114,0,1,1,2,139,320,900,7528,21,7,0,0,0,0,123,0,0,0,0
3369,0,1023,1,30114,0,1,1,2,139,320,900,7528,21,7,0,0,0,0,123,0,0,0,0
3370,0,1023,1,30114,0,1,1,2,139,320,900,7528,21,7,0,0,0,0,123,0,0,0,0
3371,0,1023,1,30114,0,1,1,2,139,320,900,7528,21,7,0,0,0,0,123,0,0,0,0
3372,0,1023,1,30114,0,1,1,2,139,320,900,7528,21,7,0,0,0,0,123,0,0,0,0
3373,0,1023,1,30114,0,1,1,2,139,320,900,7528,21,7,0,0,0,0,123,0,0,0,0
3374,0,1023,1,30114,0,1,1,2,139,320,900,7528,21,7,0,0,0,0,123,0,0,0,0
3375,0,1023,1,30114,0,1,1,2,139,320,900,7528,21,7,0,0,0,0,123,0,0,0,0
3376,0,1023,1,30114,0,1,1,2,139,320,900,7528,21,7,0,0,0,0,123,0,0,0,0
3377,0,1023,1,30114,0,1,1,2,139,320,900,7528,21,7,0,0,0,0,123,0,0,0,0
3378,0,1023,1,30114,0,1,1,2,139,320,900,7528,21,7,0,0,0,0,123,0,0,0,0
3379,0,1023,1,30114,0,1,1,2,139,320,900,7528,21,7,0,0,0,0,123,0,0,0,0
3380,0,1023,1,30114,0,1,1,2,139,320,900,7528,21,7,0,0,0,0,123,0,0,0,0
3381,0,1023,1,30114,0,1,1,2,139,320,900,7528,21,7,0,0,0,0,123,0,0,0,0
3382,0,1023,1,30114,0,1,1,2,139,320,900,7528,21,7,0,0,0,0,123,0,0,0,0
3383,0,1023,1,30114,0,1,1,2,139,320,900,7528,21,7,0,0,0,0,123,0,0,0,0
3384,0,1023,1,30114,0,1,1,2,139,320,900,7528,21,7,0,0,0,0,123,0,0,0,0
3385,0,1023,1,30114,0,1,1,2,139,320,900,7528,21,7,0,0,0,0,123,0,0,0,0
3386,0,1023,1,30114,0,1,1,2,139,320,900,7528,21,7,0,0,0,0,123,0,0,0,0
3387,0,1023,1,30114,0,1,1,2,139,320,900,7528,21,7,0,0,0,0,123,0,0,0,0
3388,0,1023,1,30114,0,1,1,2,139,320,900,7528,21,7,0,0,0,0,123,0,0,0,0
3389,0,1023,1,30114,0,1,1,2,139,320,900,7528,21,7,0,0,0,0,123,0,0,0,0
3390,0,1023,1,30114,0,1,1,2,139,320,900,7528,21,7,0,0,0,0,123,0,0,0,0
3391,0,1023,1,30114,0,1,1,2,139,320,900,7528,21,7,0,0,0,0,123,0,0,0,0
3392,0,1023,1,30114,0,1,1,2,139,320,900,7528,21,7,0,0,0,0,123,0,0,0,0
3393,0,1023,1,30114,0,1,1,2,139,320,900,7528,21,7,0,0,0,0,123,0,0,0,0
3394,0,1023,1,30114,0,1,1,2,139,320,900,7528,21,7,0,0,0,0,123,0,0,0,0
3395,0,1023,1,30114,0,1,1,2,139,320,900,7528,21,7,0,0,0,0,123,0,0,0,0
3396,0,1023,1,30114,0,1,1,2,139,320,900,7528,21,7,0,0,0,0,123,0,0,0,0
3397,0,1023,1,30114,0,1,1,2,139,320,900,7528,21,7,0,0,0,0,123,0,0,0,0
3398,0,1023,1,30114,0,1,1,2,139,320,900,7528,21,7,0,0,0,0,123,0,0,0,0
3399,0,1023,1,30114,0,1,1,2,139,320,900,7528,21,7,0,0,0,0,123,0,0,0,0
3400,0,1023,1,30114,0,1,1,2,139,320,900,7528,21,7,0,0,0,0,123,0,0,0,0
3401,0,1023,1,30114,0,1,1,2,139,320,900,7528,21,7,0,0,0,0,123,0,0,0,0
3402,0,1023,1,30114,0,1,1,2,139,320,900,7528,21,7,0,0,0,0,123,0,0,0,0
3403,0,1023,1,30114,0,1,1,2,139,320,900,7528,21,7,0,0,0,0,123,0,0,0,0
3404,0,1023,1,30114,0,1,1,2,139,320,900,7528,21,7,0,0,0,0,123,0,0,0,0
3405,0,1023,1,30114,0,1,1,2,139,320,900,7528,21,7,0,0,0,0,123,0,0,0,0
3406,0,1023,1,30114,0,1,1,2,139,320,900,7528,21,7,0,0,0,0,123,0,0,0,0
3407,0,1023,1,30114,0,1,1,2,139,320,900,7528,21,7,0,0,0,0,123,0,0,0,0
3408,0,1023,1,30114,0,1,1,2,139,320,900,7528,21,7,0,0,0,0,123,0,0,0,0
3409,0,1023,1,30114,0,1,1,2,139,320,900,7528,21,7,0,0,0,0,123,0,0,0,0
3410,0,1023,1,30114,0,1,1,2,139,320,900,7528,21,7,0,0,0,0,123,0,0,0,0
3411,0,1023,1,30114,0,1,1,2,139,320,900,7528,21,7,0,0,0,0,123,0,0,0,0
3412,0,1023,1,30114,0,1,1,2,139,320,900,7528,21,7,0,0,0,0,123,0,0,0,0
3413,0,1023,1,30114,0,1,1,2,139,320,900,7528,21,7,0,0,0,0,123,0,0,0,0
3414,0,1023,1,30114,0,1,1,2,139,320,900,7528,21,7,0,0,0,0,123,0,0,0,0
3415,0,1023,1,30114,0,1,1,2,139,320,900,7528,21,7,0,0,0,0,123,0,0,0,0
3416,0,1023,1,30114,0,1,1,2,139,320,900,7528,21,7,0,0,0,0,123,0,0,0,0
3417,0,1023,1,30114,0,1,1,2,139,320,900,7528,21,7,0,0,0,0,123,0,0,0,0
3418,0,1023,1,30114,0,1,1,2,139,320,900,7528,21,7,0,0,0,0,123,0,0,0,0
3419,0,1023,1,30114,0,1,1,2,139,320,900,7528,21,7,0,0,0,0,123,0,0,0,0
3420,0,1023,1,30114,0,1,1,2,139,320,900,7528,21,7,0,0,0,0,123,0,0,0,0
3421,0,1023,1,30114,0,1,1,2,139,320,900,7528,21,7,0,0,0,0,123,0,0,0,0
3422,0,1023,1,30114,0,1,1,2,139,320,900,7528,21,7,0,0,0,0,123,0,0,0,0
3423,0,1023,1,30114,0,1,1,2,139,320,900,7528,21,7,0,0,0,0,123,0,0,0,0
3424,0,1023,1,30114,0,1,1,2,139,320,900,7528,21,7,0,0,0,0,123,0,0,0,0
3425,0,1023,1,30114,0,1,1,2,139,320,900,7528,21,7,0,0,0,0,123,0,0,0,0
3426,0,1023,1,30114,0,1,1,2,139,320,900,7528,21,7,0,0,0,0,123,0,0,0,0
3427,0,1023,1,30114,0,1,1,2,139,320,900,7528,21,7,0,0,0,0,123,0,0,0,0
3428,0,1023,1,30114,0,1,1,2,139,320,900,7528,21,7,0,0,0,0,123,0,0,0,0
3429,0,1023,1,30114,0,1,1,2,139,320,900,7528,21,7,0,0,0,0,123,0,0,0,0
3430,0,1023,1,30114,0,1,1,2,139,320,900,7528,21,7,0,0,0,0,123,0,0,0,0
3431,0,1023,1,30114,0,1,1,2,139,320,900,7528,21,7,0,0,0,0,123,0,0,0,0
3432,0,1023,1,30114,0,1,1,2,139,320,900,7528,21,7,0,0,0,0,123,0,0,0,0
3433,0,1023,1,30114,0,1,1,2,139,320,900,7528,21,7,0,0,0,0,123,0,0,0,0
3434,0,1023,1,30114,0,1,1,2,139,320,900,7528,21,7,0,0,0,0,123,0,0,0,0
3435,0,1023,1,30114,0,1,1,2,139,320,900,7528,21,7,0,0,0,0,123,0,0,0,0
3436,0,1023,1,30114,0,1,1,2,139,320,900,7528,21,7,0,0,0,0,123,0,0,0,0
3437,0,1023,1,30114,0,1,1,2,139,320,900,7528,21,7,0,0,0,0,123,0,0,0,0
3438,0,1023,1,30114,0,1,1,2,139,320,900,7528,21,7,0,0,0,0,123,0,0,0,0
3439,0,1023,1,30114,0,1,1,2,139,320,900,7528,21,7,0,0,0,0,123,0,0,0,0
3440,0,1023,1,30114,0,1,1,2,139,320,900,7528,21,7,0,0,0,0,123,0,0,0,0
3441,0,1023,1,30114,0,1,1,2,139,320,900,7528,21,7,0,0,0,0,123,0,0,0,0
3442,0,1023,1,30114,0,1,1,2,139,320,900,7528,21,7,0,0,0,0,123,0,0,0,0
3443,0,1023,1,30114,0,1,1,2,139,320,900,7528,21,7,0,0,0,0,123,0,0,0,0
3444,0,1023,1,30114,0,1,1,2,139,320,900,7528,21,7,0,0,0,0,123,0,0,0,0
3445,0,1023,1,30114,0,1,1,2,139,320,900,7528,21,7,0,0,0,0,123,0,0,0,0
3446,0,1023,1,30114,0,1,1,2,139,320,900,7528,21,7,0,0,0,0,123,0,0,0,0
3447,0,1023,1,30114,0,1,1,2,139,320,900,7528,21,7,0,0,0,0,123,0,0,0,0
3448,0,1023,1,30114,0,1,1,2,139,320,900,7528,21,7,0,0,0,0,123,0,0,0,0
3449,0,1023,1,30114,0,1,1,2,139,320,900,7528,21,7,0,0,0,0,123,0,0,0,0
3450,0,1023,1,30114,0,1,1,2,139,320,900,7528,21,7,0,0,0,0,123,0,0,0,0
3451,0,1023,1,30114,0,1,1,2,139,320,900,7528,21,7,0,0,0,0,123,0,0,0,0
3452,0,1023,1,30114,0,1,1,2,139,320,900,7528,21,7,0,0,0,0,123,0,0,0,0
3453,0,1023,1,30114,0,1,1,2,139,320,900,7528,21,7,0,0,0,0,123,0,0,0,0
3454,0,1023,1,30114,0,1,1,2,139,320,900,7528,21,7,0,0,0,0,123,0,0,0,0
3455,0,1023,1,30114,0,1,1,2,139,320,900,7528,21,7,0,0,0,0,123,0,0,0,0
3456,0,1023,1,30114,0,1,1,2,139,320,900,7528,21,7,0,0,0,0,123,0,0,0,0
3457,0,1023,1,30114,0,1,1,2,139,320,900,7528,21,7,0,0,0,0,123,0,0,0,0
3458,0,1023,1,30114,0,1,1,2,139,320,900,7528,21,7,0,0,0,0,123,0,0,0,0
3459,0,1023,1,30114,0,1,1,2,139,320,900,7528,21,7,0,0,0,0,123,0,0,0,0
3460,0,1023,1,30114,0,1,1,2,139,320,900,7528,21,7,0,0,0,0,123,0,0,0,0
3461,0,1023,1,30114,0,1,1,2,139,320,900,7528,21,7,0,0,0,0,123,0,0,0,0
3462,0,1023,1,30114,0,1,1,2,139,320,900,7528,21,7,0,0,0,0,123,0,0,0,0
3463,0,1023,1,30114,0,1,1,2,139,320,900,7528,21,7,0,0,0,0,123,0,0,0,0
3464,0,1023,1,30114,0,1,1,2,139,320,900,7528,21,7,0,0,0,0,123,0,0,0,0
3465,0,1023,1,30114,0,1,1,2,139,320,900,7528,21,7,0,0,0,0,123,0,0,0,0
3466,0,1023,1,30114,0,1,1,2,139,320,900,7528,21,7,0,0,0,0,123,0,0,0,0
3467,0,1023,1,30114,0,1,1,2,139,320,900,7528,21,7,0,0,0,0,123,0,0,0,0
3468,0,1023,1,30114,0,1,1,2,139,320,900,7528,21,7,0,0,0,0,123,0,0,0,0
3469,0,1023,1,30114,0,1,1,2,139,320,900,7528,21,7,0,0,0,0,123,0,0,0,0
3470,0,1023,1,30114,0,1,1,2,139,320,900,7528,21,7,0,0,0,0,123,0,0,0,0
3471,0,1023,1,30114,0,1,1,2,139,320,900,7528,21,7,0,0,0,0,123,0,0,0,0
3472,0,1023,1,30114,0,1,1,2,139,320,900,7528,21,7,0,0,0,0,123,0,0,0,0
3473,0,1023,1,30114,0,1,1,2,139,320,900,7528,21,7,0,0,0,0,123,0,0,0,0
3474,0,1023,1,30114,0,1,1,2,139,320,900,7528,21,7,0,0,0,0,123,0,0,0,0
3475,0,1023,1,30114,0,1,1,2,139,320,900,7528,21,7,0,0,0,0,123,0,0,0,0
3476,0,1023,1,30114,0,1,1,2,139,320,900,7528,21,7,0,0,0,0,123,0,0,0,0
3477,0,1023,1,30114,0,1,1,2,139,320,900,7528,21,7,0,0,0,0,123,0,0,0,0
3478,0,1023,1,30114,0,1,1,2,139,320,900,7528,21,7,0,0,0,0,123,0,0,0,0
3479,0,1023,1,30114,0,1,1,2,139,320,900,7528,21,7,0,0,0,0,123,0,0,0,0
3480,0,1023,1,30114,0,1,1,2,139,320,900,7528,21,7,0,0,0,0,123,0,0,0,0
3481,0,1023,1,30114,0,1,1,2,139,320,900,7528,21,7,0,0,0,0,123,0,0,0,0
3482,0,1023,1,30114,0,1,1,2,139,320,900,7528,21,7,0,0,0,0,123,0,0,0,0
3483,0,1023,1,30114,0,1,1,2,139,320,900,7528,21,7,0,0,0,0,123,0,0,0,0
3484,0,1023,1,30114,0,1,1,2,139,320,900,7528,21,7,0,0,0,0,123,0,0,0,0
3485,0,1023,1,30114,0,1,1,2,139,320,900,7528,21,7,0,0,0,0,123,0,0,0,0
3486,0,1023,1,30114,0,1,1,2,139,320,900,7528,21,7,0,0,0,0,123,0,0,0,0
3487,0,1023,1,30114,0,1,1,2,139,320,900,7528,21,7,0,0,0,0,123,0,0,0,0
3488,0,1023,1,30114,0,1,1,2,139,320,900,7528,21,7,0,0,0,0,123,0,0,0,0
3489,0,1023,1,30114,0,1,1,2,139,320,900,7528,21,7,0,0,0,0,123,0,0,0,0
3490,0,1023,1,30114,0,1,1,2,139,320,900,7528,21,7,0,0,0,0,123,0,0,0,0
3491,0,1023,1,30114,0,1,1,2,139,320,900,7528,21,7,0,0,0,0,123,0,0,0,0
3492,0,1023,1,30114,0,1,1,2,139,320,900,7528,21,7,0,0,0,0,123,0,0,0,0
3493,0,1023,1,30114,0,1,1,2,139,320,900,7528,21,7,0,0,0,0,123,0,0,0,0
3494,0,1023,1,30114,0,1,1,2,139,320,900,7528,21,7,0,0,0,0,123,0,0,0,0
3495,0,1023,1,30114,0,1,1,2,139,320,900,7528,21,7,0,0,0,0,123,0,0,0,0
3496,0,1023,1,30114,0,1,1,2,139,320,900,7528,21,7,0,0,0,0,123,0,0,0,0
3497,0,1023,1,30114,0,1,1,2,139,320,900,7528,21,7,0,0,0,0,123,0,0,0,0
3498,0,1023,1,30114,0,1,1,2,139,320,900,7528,21,7,0,0,0,0,123,0,0,0,0
3499,0,1023,1,30114,0,1,1,2,139,320,900,7528,21,7,0,0,0,0,123,0,0,0,0
3500,0,1023,1,30114,0,1,1,2,139,320,900,7528,21,7,0,0,0,0,123,0,0,0,0
3501,0,1023,1,30114,0,1,1,2,139,320,900,7528,21,7,0,0,0,0,123,0,0,0,0
3502,0,1023,1,30114,0,1,1,2,139,320,900,7528,21,7,0,0,0,0,123,0,0,0,0
3503,0,1023,1,30114,0,1,1,2,139,320,900,7528,21,7,0,0,0,0,123,0,0,0,0
3504,0,1023,1,30114,0,1,1,2,139,320,900,7528,21,7,0,0,0,0,123,0,0,0,0
3505,0,1023,1,30114,0,1,1,2,139,320,900,7528,21,7,0,0,0,0,123,0,0,0,0
3506,0,1023,1,30114,0,1,1,2,139,320,900,7528,21,7,0,0,0,0,123,0,0,0,0
3507,0,1023,1,30114,0,1,1,2,139,320,900,7528,21,7,0,0,0,0,123,0,0,0,0
3508,0,1023,1,30114,0,1,1,2,139,320,900,7528,21,7,0,0,0,0,123,0,0,0,0
3509,0,1023,1,30114,0,1,1,2,139,320,900,7528,21,7,0,0,0,0,123,0,0,0,0
3510,0,1023,1,30114,0,1,1,2,139,320,900,7528,21,7,0,0,0,0,123,0,0,0,0
3511,0,1023,1,30114,0,1,1,2,139,320,900,7528,21,7,0,0,0,0,123,0,0,0,0
3512,0,1023,1,30114,0,1,1,2,139,320,900,7528,21,7,0,0,0,0,123,0,0,0,0
3513,0,1023,1,30114,0,1,1,2,139,320,900,7528,21,7,0,0,0,0,123,0,0,0,0
3514,0,1023,1,30114,0,1,1,2,139,320,900,7528,21,7,0,0,0,0,123,0,0,0,0
3515,0,1023,1,30114,0,1,1,2,139,320,900,7528,21,7,0,0,0,0,123,0,0,0,0
3516,0,1023,1,30114,0,1,1,2,139,320,900,7528,21,7,0,0,0,0,123,0,0,0,0
3517,0,1023,1,30114,0,1,1,2,139,320,900,7528,21,7,0,0,0,0,123,0,0,0,0
3518,0,1023,1,30114,0,1,1,2,139,320,900,7528,21,7,0,0,0,0,123,0,0,0,0
3519,0,1023,1,30114,0,1,1,2,139,320,900,7528,21,7,0,0,0,0,123,0,0,0,0
3520,0,1023,1,30114,0,1,1,2,139,320,900,7528,21,7,0,0,0,0,123,0,0,0,0
3521,0,1023,1,30114,0,1,1,2,139,320,900,7528,21,7,0,0,0,0,123,0,0,0,0
3522,0,1023,1,30114,0,1,1,2,139,320,900,7528,21,7,0,0,0,0,123,0,0,0,0
3523,0,1023,1,30114,0,1,1,2,139,320,900,7528,21,7,0,0,0,0,123,0,0,0,0
3524,0,1023,1,30114,0,1,1,2,139,320,900,7528,21,7,0,0,0,0,123,0,0,0,0
3525,0,1023,1,30114,0,1,1,2,139,320,900,7528,21,7,0,0,0,0,123,0,0,0,0
3526,0,1023,1,30114,0,1,1,2,139,320,900,7528,21,7,0,0,0,0,123,0,0,0,0
3527,0,1023,1,30114,0,1,1,2,139,320,900,7528,21,7,0,0,0,0,123,0,0,0,0
3528,0,1023,1,30114,0,1,1,2,139,320,900,7528,21,7,0,0,0,0,123,0,0,0,0
3529,0,1023,1,30114,0,1,1,2,139,320,900,7528,21,7,0,0,0,0,123,0,0,0,0
3530,0,1023,1,30114,0,1,1,2,139,320,900,7528,21,7,0,0,0,0,123,0,0,0,0
3531,0,1023,1,30114,0,1,1,2,139,320,900,7528,21,7,0,0,0,0,123,0,0,0,0
3532,0,1023,1,30114,0,1,1,2,139,320,900,7528,21,7,0,0,0,0,123,0,0,0,0
3533,0,1023,1,30114,0,1,1,2,139,320,900,7528,21,7,0,0,0,0,123,0,0,0,0
3534,0,1023,1,30114,0,1,1,2,139,320,900,7528,21,7,0,0,0,0,123,0,0,0,0
3535,0,1023,1,30114,0,1,1,2,139,320,900,7528,21,7,0,0,0,0,123,0,0,0,0
3536,0,1023,1,30114,0,1,1,2,139,320,900,7528,21,7,0,0,0,0,123,0,0,0,0
3537,0,1023,1,30114,0,1,1,2,139,320,900,7528,21,7,0,0,0,0,123,0,0,0,0
3538,0,1023,1,30114,0,1,1,2,139,320,900,7528,21,7,0,0,0,0,123,0,0,0,0
3539,0,1023,1,30114,0,1,1,2,139,320,900,7528,21,7,0,0,0,0,123,0,0,0,0
3540,0,1023,1,30114,0,1,1,2,139,320,900,7528,21,7,0,0,0,0,123,0,0,0,0
3541,0,1023,1,30114,0,1,1,2,139,320,900,7528,21,7,0,0,0,0,123,0,0,0,0
3542,0,1023,1,30114,0,1,1,2,139,320,900,7528,21,7,0,0,0,0,123,0,0,0,0
3543,0,1023,1,30114,0,1,1,2,139,320,900,7528,21,7,0,0,0,0,123,0,0,0,0
3544,0,1023,1,30114,0,1,1,2,139,320,900,7528,21,7,0,0,0,0,123,0,0,0,0
3545,0,1023,1,30114,0,1,1,2,139,320,900,7528,21,7,0,0,0,0,123,0,0,0,0
3546,0,1023,1,30114,0,1,1,2,139,320,900,7528,21,7,0,0,0,0,123,0,0,0,0
3547,0,1023,1,30114,0,1,1,2,139,320,900,7528,21,7,0,0,0,0,123,0,0,0,0
3548,0,1023,1,30114,0,1,1,2,139,320,900,7528,21,7,0,0,0,0,123,0,0,0,0
3549,0,1023,1,30114,0,1,1,2,139,320,900,7528,21,7,0,0,0,0,123,0,0,0,0
3550,0,1023,1,30114,0,1,1,2,139,320,900,7528,21,7,0,0,0,0,123,0,0,0,0
3551,0,1023,1,30114,0,1,1,2,139,320,900,7528,21,7,0,0,0,0,123,0,0,0,0
3552,0,1023,1,30114,0,1,1,2,139,320,900,7528,21,7,0,0,0,0,123,0,0,0,0
3553,0,1023,1,30114,0,1,1,2,139,320,900,7528,21,7,0,0,0,0,123,0,0,0,0
3554,0,1023,1,30114,0,1,1,2,139,320,900,7528,21,7,0,0,0,0,123,0,0,0,0
3555,0,1023,1,30114,0,1,1,2,139,320,900,7528,21,7,0,0,0,0,123,0,0,0,0
3556,0,1023,1,30114,0,1,1,2,139,320,900,7528,21,7,0,0,0,0,123,0,0,0,0
3557,0,1023,1,30114,0,1,1,2,139,320,900,7528,21,7,0,0,0,0,123,0,0,0,0
3558,0,1023,1,30114,0,1,1,2,139,320,900,7528,21,7,0,0,0,0,123,0,0,0,0
3559,0,1023,1,30114,0,1,1,2,139,320,900,7528,21,7,0,0,0,0,123,0,0,0,0
3560,0,1023,1,30114,0,1,1,2,139,320,900,7528,21,7,0,0,0,0,123,0,0,0,0
3561,0,1023,1,30114,0,1,1,2,139,320,900,7528,21,7,0,0,0,0,123,0,0,0,0
3562,0,1023,1,30114,0,1,1,2,139,320,900,7528,21,7,0,0,0,0,123,0,0,0,0
3563,0,1023,1,30114,0,1,1,2,139,320,900,7528,21,7,0,0,0,0,123,0,0,0,0
3564,0,1023,1,30114,0,1,1,2,139,320,900,7528,21,7,0,0,0,0,123,0,0,0,0
3565,0,1023,1,30114,0,1,1,2,139,320,900,7528,21,7,0,0,0,0,123,0,0,0,0
3566,0,1023,1,30114,0,1,1,2,139,320,900,7528,21,7,0,0,0,0,123,0,0,0,0
3567,0,1023,1,30114,0,1,1,2,139,320,900,7528,21,7,0,0,0,0,123,0,0,0,0
3568,0,1023,1,30114,0,1,1,2,139,320,900,7528,21,7,0,0,0,0,123,0,0,0,0
3569,0,1023,1,30114,0,1,1,2,139,320,900,7528,21,7,0,0,0,0,123,0,0,0,0
3570,0,1023,1,30114,0,1,1,2,139,320,900,7528,21,7,0,0,0,0,123,0,0,0,0
3571,0,1023,1,30114,0,1,1,2,139,320,900,7528,21,7,0,0,0,0,123,0,0,0,0
3572,0,1023,1,30114,0,1,1,2,139,320,900,7528,21,7,0,0,0,0,123,0,0,0,0
3573,0,1023,1,30114,0,1,1,2,139,320,900,7528,21,7,0,0,0,0,123,0,0,0,0
3574,0,1023,1,30114,0,1,1,2,139,320,900,7528,21,7,0,0,0,0,123,0,0,0,0
3575,0,1023,1,30114,0,1,1,2,139,320,900,7528,21,7,0,0,0,0,123,0,0,0,0
3576,0,1023,1,30114,0,1,1,2,139,320,900,7528,21,7,0,0,0,0,123,0,0,0,0
3577,0,1023,1,30114,0,1,1,2,139,320,900,7528,21,7,0,0,0,0,123,0,0,0,0
3578,0,1023,1,30114,0,1,1,2,139,320,900,7528,21,7,0,0,0,0,123,0,0,0,0
3579,0,1023,1,30114,0,1,1,2,139,320,900,7528,21,7,0,0,0,0,123,0,0,0,0
3580,0,1023,1,30114,0,1,1,2,139,320,900,7528,21,7,0,0,0,0,123,0,0,0,0
3581,0,1023,1,30114,0,1,1,2,139,320,900,7528,21,7,0,0,0,0,123,0,0,0,0
3582,0,1023,1,30114,0,1,1,2,139,320,900,7528,21,7,0,0,0,0,123,0,0,0,0
3583,0,1023,1,30114,0,1,1,2,139,320,900,7528,21,7,0,0,0,0,123,0,0,0,0
3584,0,1023,1,30114,0,1,1,2,139,320,900,7528,21,7,0,0,0,0,123,0,0,0,0
3585,0,1023,1,30114,0,1,1,2,139,320,900,7528,21,7,0,0,0,0,123,0,0,0,0
3586,0,1023,1,30114,0,1,1,2,139,320,900,7528,21,7,0,0,0,0,123,0,0,0,0
3587,0,1023,1,30114,0,1,1,2,139,320,900,7528,21,7,0,0,0,0,123,0,0,0,0
3588,0,1023,1,30114,0,1,1,2,139,320,900,7528,21,7,0,0,0,0,123,0,0,0,0
3589,0,1023,1,30114,0,1,1,2,139,320,900,7528,21,7,0,0,0,0,123,0,0,0,0
3590,0,1023,1,30114,0,1,1,2,139,320,900,7528,21,7,0,0,0,0,123,0,0,0,0
3591,0,1023,1,30114,0,1,1,2,139,320,900,7528,21,7,0,0,0,0,123,0,0,0,0
3592,0,1023,1,30114,0,1,1,2,139,320,900,7528,21,7,0,0,0,0,123,0,0,0,0
3593,0,1023,1,30114,0,1,1,2,139,320,900,7528,21,7,0,0,0,0,123,0,0,0,0
3594,0,1023,1,30114,0,1,1,2,139,320,900,7528,21,7,0,0,0,0,123,0,0,0,0
3595,0,1023,1,30114,0,1,1,2,139,320,900,7528,21,7,0,0,0,0,123,0,0,0,0
3596,0,1023,1,30114,0,1,1,2,139,320,900,7528,21,7,0,0,0,0,123,0,0,0,0
3597,0,1023,1,30114,0,1,1,2,139,320,900,7528,21,7,0,0,0,0,123,0,0,0,0
3598,0,1023,1,30114,0,1,1,2,139,320,900,7528,21,7,0,0,0,0,123,0,0,0,0
3599,0,1023,1,30114,0,1,1,2,139,320,900,7528,21,7,0,0,0,0,123,0,0,0,0
3600,0,1023,1,30114,0,1,1,2,139,320,900,7528,21,7,0,0,0,0,123,0,0,0,0
3601,0,1023,1,30114,0,1,1,2,139,320,900,7528,21,7,0,0,0,0,123,0,0,0,0
3602,0,1023,1,30114,0,1,1,2,139,320,900,7528,21,7,0,0,0,0,123,0,0,0,0
3603,0,1023,1,30114,0,1,1,2,139,320,900,7528,21,7,0,0,0,0,123,0,0,0,0
3604,0,1023,1,30114,0,1,1,2,139,320,900,7528,21,7,0,0,0,0,123,0,0,0,0
3605,0,1023,1,30114,0,1,1,2,139,320,900,7528,21,7,0,0,0,0,123,0,0,0,0
3606,0,1023,1,30114,0,1,1,2,139,320,900,7528,21,7,0,0,0,0,123,0,0,0,0
3607,0,1023,1,30114,0,1,1,2,139,320,900,7528,21,7,0,0,0,0,123,0,0,0,0
3608,0,1023,1,30114,0,1,1,2,139,320,900,7528,21,7,0,0,0,0,123,0,0,0,0
3609,0,1023,1,30114,0,1,1,2,139,320,900,7528,21,7,0,0,0,0,123,0,0,0,0
3610,0,1023,1,30114,0,1,1,2,139,320,900,7528,21,7,0,0,0,0,123,0,0,0,0
3611,0,1023,1,30114,0,1,1,2,139,320,900,7528,21,7,0,0,0,0,123,0,0,0,0
3612,0,1023,1,30114,0,1,1,2,139,320,900,7528,21,7,0,0,0,0,123,0,0,0,0
3613,0,1023,1,30114,0,1,1,2,139,320,900,7528,21,7,0,0,0,0,123,0,0,0,0
3614,0,1023,1,30114,0,1,1,2,139,320,900,7528,21,7,0,0,0,0,123,0,0,0,0
3615,0,1023,1,30114,0,1,1,2,139,320,900,7528,21,7,0,0,0,0,123,0,0,0,0
3616,0,1023,1,30114,0,1,1,2,139,320,900,7528,21,7,0,0,0,0,123,0,0,0,0
3617,0,1023,1,30114,0,1,1,2,139,320,900,7528,21,7,0,0,0,0,123,0,0,0,0
3618,0,1023,1,30114,0,1,1,2,139,320,900,7528,21,7,0,0,0,0,123,0,0,0,0
3619,0,1023,1,30114,0,1,1,2,139,320,900,7528,21,7,0,0,0,0,123,0,0,0,0
3620,0,1023,1,30114,0,1,1,2,139,320,900,7528,21,7,0,0,0,0,123,0,0,0,0
3621,0,1023,1,30114,0,1,1,2,139,320,900,7528,21,7,0,0,0,0,123,0,0,0,0
3622,0,1023,1,30114,0,1,1,2,139,320,900,7528,21,7,0,0,0,0,123,0,0,0,0
3623,0,1023,1,30114,0,1,1,2,139,320,900,7528,21,7,0,0,0,0,123,0,0,0,0
3624,0,1023,1,30114,0,1,1,2,139,320,900,7528,21,7,0,0,0,0,123,0,0,0,0
3625,0,1023,1,30114,0,1,1,2,139,320,900,7528,21,7,0,0,0,0,123,0,0,0,0
3626,0,1023,1,30114,0,1,1,2,139,320,900,7528,21,7,0,0,0,0,123,0,0,0,0
3627,0,1023,1,30114,0,1,1,2,139,320,900,7528,21,7,0,0,0,0,123,0,0,0,0
3628,0,1023,1,30114,0,1,1,2,139,320,900,7528,21,7,0,0,0,0,123,0,0,0,0
3629,0,1023,1,30114,0,1,1,2,139,320,900,7528,21,7,0,0,0,0,123,0,0,0,0
3630,0,1023,1,30114,0,1,1,2,139,320,900,7528,21,7,0,0,0,0,123,0,0,0,0
3631,0,1023,1,30114,0,1,1,2,139,320,900,7528,21,7,0,0,0,0,123,0,0,0,0
3632,0,1023,1,30114,0,1,1,2,139,320,900,7528,21,7,0,0,0,0,123,0,0,0,0
3633,0,1023,1,30114,0,1,1,2,139,320,900,7528,21,7,0,0,0,0,123,0,0,0,0
3634,0,1023,1,30114,0,1,1,2,139,320,900,7528,21,7,0,0,0,0,123,0,0,0,0
3635,0,1023,1,30114,0,1,1,2,139,320,900,7528,21,7,0,0,0,0,123,0,0,0,0
3636,0,1023,1,30114,0,1,1,2,139,320,900,7528,21,7,0,0,0,0,123,0,0,0,0
3637,0,1023,1,30114,0,1,1,2,139,320,900,7528,21,7,0,0,0,0,123,0,0,0,0
3638,0,1023,1,30114,0,1,1,2,139,320,900,7528,21,7,0,0,0,0,123,0,0,0,0
3639,0,1023,1,30114,0,1,1,2,139,320,900,7528,21,7,0,0,0,0,123,0,0,0,0
3640,0,1023,1,30114,0,1,1,2,139,320,900,7528,21,7,0,0,0,0,123,0,0,0,0
3641,0,1023,1,30114,0,1,1,2,139,320,900,7528,21,7,0,0,0,0,123,0,0,0,0
3642,0,1023,1,30114,0,1,1,2,139,320,900,7528,21,7,0,0,0,0,123,0,0,0,0
3643,0,1023,1,30114,0,1,1,2,139,320,900,7528,21,7,0,0,0,0,123,0,0,0,0
3644,0,1023,1,30114,0,1,1,2,139,320,900,7528,21,7,0,0,0,0,123,0,0,0,0
3645,0,1023,1,30114,0,1,1,2,139,320,900,7528,21,7,0,0,0,0,123,0,0,0,0
3646,0,1023,1,30114,0,1,1,2,139,320,900,7528,21,7,0,0,0,0,123,0,0,0,0
3647,0,1023,1,30114,0,1,1,2,139,320,900,7528,21,7,0,0,0,0,123,0,0,0,0
3648,0,1023,1,30114,0,1,1,2,139,320,900,7528,21,7,0,0,0,0,123,0,0,0,0
3649,0,1023,1,30114,0,1,1,2,139,320,900,7528,21,7,0,0,0,0,123,0,0,0,0
3650,0,1023,1,30114,0,1,1,2,139,320,900,7528,21,7,0,0,0,0,123,0,0,0,0
3651,0,1023,1,30114,0,1,1,2,139,320,900,7528,21,7,0,0,0,0,123,0,0,0,0
3652,0,1023,1,30114,0,1,1,2,139,320,900,7528,21,7,0,0,0,0,123,0,0,0,0
3653,0,1023,1,30114,0,1,1,2,139,320,900,7528,21,7,0,0,0,0,123,0,0,0,0
3654,0,1023,1,30114,0,1,1,2,139,320,900,7528,21,7,0,0,0,0,123,0,0,0,0
3655,0,1023,1,30114,0,1,1,2,139,320,900,7528,21,7,0,0,0,0,123,0,0,0,0
3656,0,1023,1,30114,0,1,1,2,139,320,900,7528,21,7,0,0,0,0,123,0,0,0,0
3657,0,1023,1,30114,0,1,1,2,139,320,900,7528,21,7,0,0,0,0,123,0,0,0,0
3658,0,1023,1,30114,0,1,1,2,139,320,900,7528,21,7,0,0,0,0,123,0,0,0,0
3659,0,1023,1,30114,0,1,1,2,139,320,900,7528,21,7,0,0,0,0,123,0,0,0,0
3660,0,1023,1,30114,0,1,1,2,139,320,900,7528,21,7,0,0,0,0,123,0,0,0,0
3661,0,1023,1,30114,0,1,1,2,139,320,900,7528,21,7,0,0,0,0,123,0,0,0,0
3662,0,1023,1,30114,0,1,1,2,139,320,900,7528,21,7,0,0,0,0,123,0,0,0,0
3663,0,1023,1,30114,0,1,1,2,139,320,900,7528,21,7,0,0,0,0,123,0,0,0,0
3664,0,1023,1,30114,0,1,1,2,139,320,900,7528,21,7,0,0,0,0,123,0,0,0,0
3665,0,1023,1,30114,0,1,1,2,139,320,900,7528,21,7,0,0,0,0,123,0,0,0,0
3666,0,1023,1,30114,0,1,1,2,139,320,900,7528,21,7,0,0,0,0,123,0,0,0,0
3667,0,1023,1,30114,0,1,1,2,139,320,900,7528,21,7,0,0,0,0,123,0,0,0,0
3668,0,1023,1,30114,0,1,1,2,139,320,900,7528,21,7,0,0,0,0,123,0,0,0,0
3669,0,1023,1,30114,0,1,1,2,139,320,900,7528,21,7,0,0,0,0,123,0,0,0,0
3670,0,1023,1,30114,0,1,1,2,139,320,900,7528,21,7,0,0,0,0,123,0,0,0,0
3671,0,1023,1,30114,0,1,1,2,139,320,900,7528,21,7,0,0,0,0,123,0,0,0,0
3672,0,1023,1,30114,0,1,1,2,139,320,900,7528,21,7,0,0,0,0,123,0,0,0,0
3673,0,1023,1,30114,0,1,1,2,139,320,900,7528,21,7,0,0,0,0,123,0,0,0,0
3674,0,1023,1,30114,0,1,1,2,139,320,900,7528,21,7,0,0,0,0,123,0,0,0,0
3675,0,1023,1,30114,0,1,1,2,139,320,900,7528,21,7,0,0,0,0,123,0,0,0,0
3676,0,1023,1,30114,0,1,1,2,139,320,900,7528,21,7,0,0,0,0,123,0,0,0,0
3677,0,1023,1,30114,0,1,1,2,139,320,900,7528,21,7,0,0,0,0,123,0,0,0,0
3678,0,1023,1,30114,0,1,1,2,139,320,900,7528,21,7,0,0,0,0,123,0,0,0,0
3679,0,1023,1,30114,0,1,1,2,139,320,900,7528,21,7,0,0,0,0,123,0,0,0,0
3680,0,1023,1,30114,0,1,1,2,139,320,900,7528,21,7,0,0,0,0,123,0,0,0,0
3681,0,1023,1,30114,0,1,1,2,139,320,900,7528,21,7,0,0,0,0,123,0,0,0,0
3682,0,1023,1,30114,0,1,1,2,139,320,900,7528,21,7,0,0,0,0,123,0,0,0,0
3683,0,1023,1,30114,0,1,1,2,139,320,900,7528,21,7,0,0,0,0,123,0,0,0,0
3684,0,1023,1,30114,0,1,1,2,139,320,900,7528,21,7,0,0,0,0,123,0,0,0,0
3685,0,1023,1,30114,0,1,1,2,139,320,900,7528,21,7,0,0,0,0,123,0,0,0,0
3686,0,1023,1,30114,0,1,1,2,139,320,900,7528,21,7,0,0,0,0,123,0,0,0,0
3687,0,1023,1,30114,0,1,1,2,139,320,900,7528,21,7,0,0,0,0,123,0,0,0,0
3688,0,1023,1,30114,0,1,1,2,139,320,900,7528,21,7,0,0,0,0,123,0,0,0,0
3689,0,1023,1,30114,0,1,1,2,139,320,900,7528,21,7,0,0,0,0,123,0,0,0,0
3690,0,1023,1,30114,0,1,1,2,139,320,900,7528,21,7,0,0,0,0,123,0,0,0,0
3691,0,1023,1,30114,0,1,1,2,139,320,900,7528,21,7,0,0,0,0,123,0,0,0,0
3692,0,1023,1,30114,0,1,1,2,139,320,900,7528,21,7,0,0,0,0,123,0,0,0,0
3693,0,1023,1,30114,0,1,1,2,139,320,900,7528,21,7,0,0,0,0,123,0,0,0,0
3694,0,1023,1,30114,0,1,1,2,139,320,900,7528,21,7,0,0,0,0,123,0,0,0,0
3695,0,1023,1,30114,0,1,1,2,139,320,900,7528,21,7,0,0,0,0,123,0,0,0,0
3696,0,1023,1,30114,0,1,1,2,139,320,900,7528,21,7,0,0,0,0,123,0,0,0,0
3697,0,1023,1,30114,0,1,1,2,139,320,900,7528,21,7,0,0,0,0,123,0,0,0,0
3698,0,1023,1,30114,0,1,1,2,139,320,900,7528,21,7,0,0,0,0,123,0,0,0,0
3699,0,1023,1,30114,0,1,1,2,139,320,900,7528,21,7,0,0,0,0,123,0,0,0,0
3700,0,1023,1,30114,0,1,1,2,139,320,900,7528,21,7,0,0,0,0,123,0,0,0,0
3701,0,1023,1,30114,0,1,1,2,139,320,900,7528,21,7,0,0,0,0,123,0,0,0,0
3702,0,1023,1,30114,0,1,1,2,139,320,900,7528,21,7,0,0,0,0,123,0,0,0,0
3703,0,1023,1,30114,0,1,1,2,139,320,900,7528,21,7,0,0,0,0,123,0,0,0,0
3704,0,1023,1,30114,0,1,1,2,139,320,900,7528,21,7,0,0,0,0,123,0,0,0,0
3705,0,1023,1,30114,0,1,1,2,139,320,900,7528,21,7,0,0,0,0,123,0,0,0,0
3706,0,1023,1,30114,0,1,1,2,139,320,900,7528,21,7,0,0,0,0,123,0,0,0,0
3707,0,1023,1,30114,0,1,1,2,139,320,900,7528,21,7,0,0,0,0,123,0,0,0,0
3708,0,1023,1,30114,0,1,1,2,139,320,900,7528,21,7,0,0,0,0,123,0,0,0,0
3709,0,1023,1,30114,0,1,1,2,139,320,900,7528,21,7,0,0,0,0,123,0,0,0,0
3710,0,1023,1,30114,0,1,1,2,139,320,900,7528,21,7,0,0,0,0,123,0,0,0,0
3711,0,1023,1,30114,0,1,1,2,139,320,900,7528,21,7,0,0,0,0,123,0,0,0,0
3712,0,1023,1,30114,0,1,1,2,139,320,900,7528,21,7,0,0,0,0,123,0,0,0,0
3713,0,1023,1,30114,0,1,1,2,139,320,900,7528,21,7,0,0,0,0,123,0,0,0,0
3714,0,1023,1,30114,0,1,1,2,139,320,900,7528,21,7,0,0,0,0,123,0,0,0,0
3715,0,1023,1,30114,0,1,1,2,139,320,900,7528,21,7,0,0,0,0,123,0,0,0,0
3716,0,1023,1,30114,0,1,1,2,139,320,900,7528,21,7,0,0,0,0,123,0,0,0,0
3717,0,1023,1,30114,0,1,1,2,139,320,900,7528,21,7,0,0,0,0,123,0,0,0,0
3718,0,1023,1,30114,0,1,1,2,139,320,900,7528,21,7,0,0,0,0,123,0,0,0,0
3719,0,1023,1,30114,0,1,1,2,139,320,900,7528,21,7,0,0,0,0,123,0,0,0,0
3720,0,1023,1,30114,0,1,1,2,139,320,900,7528,21,7,0,0,0,0,123,0,0,0,0
3721,0,1023,1,30114,0,1,1,2,139,320,900,7528,21,7,0,0,0,0,123,0,0,0,0
3722,0,1023,1,30114,0,1,1,2,139,320,900,7528,21,7,0,0,0,0,123,0,0,0,0
3723,0,1023,1,30114,0,1,1,2,139,320,900,7528,21,7,0,0,0,0,123,0,0,0,0
3724,0,1023,1,30114,0,1,1,2,139,320,900,7528,21,7,0,0,0,0,123,0,0,0,0
3725,0,1023,1,30114,0,1,1,2,139,320,900,7528,21,7,0,0,0,0,123,0,0,0,0
3726,0,1023,1,30114,0,1,1,2,139,320,900,7528,21,7,0,0,0,0,123,0,0,0,0
3727,0,1023,1,30114,0,1,1,2,139,320,900,7528,21,7,0,0,0,0,123,0,0,0,0
3728,0,1023,1,30114,0,1,1,2,139,320,900,7528,21,7,0,0,0,0,123,0,0,0,0
3729,0,1023,1,30114,0,1,1,2,139,320,900,7528,21,7,0,0,0,0,123,0,0,0,0
3730,0,1023,1,30114,0,1,1,2,139,320,900,7528,21,7,0,0,0,0,123,0,0,0,0
3731,0,1023,1,30114,0,1,1,2,139,320,900,7528,21,7,0,0,0,0,123,0,0,0,0
3732,0,1023,1,30114,0,1,1,2,139,320,900,7528,21,7,0,0,0,0,123,0,0,0,0
3733,0,1023,1,30114,0,1,1,2,139,320,900,7528,21,7,0,0,0,0,123,0,0,0,0
3734,0,1023,1,30114,0,1,1,2,139,320,900,7528,21,7,0,0,0,0,123,0,0,0,0
3735,0,1023,1,30114,0,1,1,2,139,320,900,7528,21,7,0,0,0,0,123,0,0,0,0
3736,0,1023,1,30114,0,1,1,2,139,320,900,7528,21,7,0,0,0,0,123,0,0,0,0
3737,0,1023,1,30114,0,1,1,2,139,320,900,7528,21,7,0,0,0,0,123,0,0,0,0
3738,0,1023,1,30114,0,1,1,2,139,320,900,7528,21,7,0,0,0,0,123,0,0,0,0
3739,0,1023,1,30114,0,1,1,2,139,320,900,7528,21,7,0,0,0,0,123,0,0,0,0
3740,0,1023,1,30114,0,1,1,2,139,320,900,7528,21,7,0,0,0,0,123,0,0,0,0
3741,0,1023,1,30114,0,1,1,2,139,320,900,7528,21,7,0,0,0,0,123,0,0,0,0
3742,0,1023,1,30114,0,1,1,2,139,320,900,7528,21,7,0,0,0,0,123,0,0,0,0
3743,0,1023,1,30114,0,1,1,2,139,320,900,7528,21,7,0,0,0,0,123,0,0,0,0
3744,0,1023,1,30114,0,1,1,2,139,320,900,7528,21,7,0,0,0,0,123,0,0,0,0
3745,0,1023,1,30114,0,1,1,2,139,320,900,7528,21,7,0,0,0,0,123,0,0,0,0
3746,0,1023,1,30114,0,1,1,2,139,320,900,7528,21,7,0,0,0,0,123,0,0,0,0
3747,0,1023,1,30114,0,1,1,2,139,320,900,7528,21,7,0,0,0,0,123,0,0,0,0
3748,0,1023,1,30114,0,1,1,2,139,320,900,7528,21,7,0,0,0,0,123,0,0,0,0
3749,0,1023,1,30114,0,1,1,2,139,320,900,7528,21,7,0,0,0,0,123,0,0,0,0
3750,0,1023,1,30114,0,1,1,2,139,320,900,7528,21,7,0,0,0,0,123,0,0,0,0
3751,0,1023,1,30114,0,1,1,2,139,320,900,7528,21,7,0,0,0,0,123,0,0,0,0
3752,0,1023,1,30114,0,1,1,2,139,320,900,7528,21,7,0,0,0,0,123,0,0,0,0
3753,0,1023,1,30114,0,1,1,2,139,320,900,7528,21,7,0,0,0,0,123,0,0,0,0
3754,0,1023,1,30114,0,1,1,2,139,320,900,7528,21,7,0,0,0,0,123,0,0,0,0
3755,0,1023,1,30114,0,1,1,2,139,320,900,7528,21,7,0,0,0,0,123,0,0,0,0
3756,0,1023,1,30114,0,1,1,2,139,320,900,7528,21,7,0,0,0,0,123,0,0,0,0
3757,0,1023,1,30114,0,1,1,2,139,320,900,7528,21,7,0,0,0,0,123,0,0,0,0
3758,0,1023,1,30114,0,1,1,2,139,320,900,7528,21,7,0,0,0,0,123,0,0,0,0
3759,0,1023,1,30114,0,1,1,2,139,320,900,7528,21,7,0,0,0,0,123,0,0,0,0
3760,0,1023,1,30114,0,1,1,2,139,320,900,7528,21,7,0,0,0,0,123,0,0,0,0
3761,0,1023,1,30114,0,1,1,2,139,320,900,7528,21,7,0,0,0,0,123,0,0,0,0
3762,0,1023,1,30114,0,1,1,2,139,320,900,7528,21,7,0,0,0,0,123,0,0,0,0
3763,0,1023,1,30114,0,1,1,2,139,320,900,7528,21,7,0,0,0,0,123,0,0,0,0
3764,0,1023,1,30114,0,1,1,2,139,320,900,7528,21,7,0,0,0,0,123,0,0,0,0
3765,0,1023,1,30114,0,1,1,2,139,320,900,7528,21,7,0,0,0,0,123,0,0,0,0
3766,0,1023,1,30114,0,1,1,2,139,320,900,7528,21,7,0,0,0,0,123,0,0,0,0
3767,0,1023,1,30114,0,1,1,2,139,320,900,7528,21,7,0,0,0,0,123,0,0,0,0
3768,0,1023,1,30114,0,1,1,2,139,320,900,7528,21,7,0,0,0,0,123,0,0,0,0
3769,0,1023,1,30114,0,1,1,2,139,320,900,7528,21,7,0,0,0,0,123,0,0,0,0
3770,0,1023,1,30114,0,1,1,2,139,320,900,7528,21,7,0,0,0,0,123,0,0,0,0
3771,0,1023,1,30114,0,1,1,2,139,320,900,7528,21,7,0,0,0,0,123,0,0,0,0
3772,0,1023,1,30114,0,1,1,2,139,320,900,7528,21,7,0,0,0,0,123,0,0,0,0
3773,0,1023,1,30114,0,1,1,2,139,320,900,7528,21,7,0,0,0,0,123,0,0,0,0
3774,0,1023,1,30114,0,1,1,2,139,320,900,7528,21,7,0,0,0,0,123,0,0,0,0
3775,0,1023,1,30114,0,1,1,2,139,320,900,7528,21,7,0,0,0,0,123,0,0,0,0
3776,0,1023,1,30114,0,1,1,2,139,320,900,7528,21,7,0,0,0,0,123,0,0,0,0
3777,0,1023,1,30114,0,1,1,2,139,320,900,7528,21,7,0,0,0,0,123,0,0,0,0
3778,0,1023,1,30114,0,1,1,2,139,320,900,7528,21,7,0,0,0,0,123,0,0,0,0
3779,0,1023,1,30114,0,1,1,2,139,320,900,7528,21,7,0,0,0,0,123,0,0,0,0
3780,0,1023,1,30114,0,1,1,2,139,320,900,7528,21,7,0,0,0,0,123,0,0,0,0
3781,0,1023,1,30114,0,1,1,2,139,320,900,7528,21,7,0,0,0,0,123,0,0,0,0
3782,0,1023,1,30114,0,1,1,2,139,320,900,7528,21,7,0,0,0,0,123,0,0,0,0
3783,0,1023,1,30114,0,1,1,2,139,320,900,7528,21,7,0,0,0,0,123,0,0,0,0
3784,0,1023,1,30114,0,1,1,2,139,320,900,7528,21,7,0,0,0,0,123,0,0,0,0
3785,0,1023,1,30114,0,1,1,2,139,320,900,7528,21,7,0,0,0,0,123,0,0,0,0
3786,0,1023,1,30114,0,1,1,2,139,320,900,7528,21,7,0,0,0,0,123,0,0,0,0
3787,0,1023,1,30114,0,1,1,2,139,320,900,7528,21,7,0,0,0,0,123,0,0,0,0
3788,0,1023,1,30114,0,1,1,2,139,320,900,7528,21,7,0,0,0,0,123,0,0,0,0
3789,0,1023,1,30114,0,1,1,2,139,320,900,7528,21,7,0,0,0,0,123,0,0,0,0
3790,0,1023,1,30114,0,1,1,2,139,320,900,7528,21,7,0,0,0,0,123,0,0,0,0
3791,0,1023,1,30114,0,1,1,2,139,320,900,7528,21,7,0,0,0,0,123,0,0,0,0
3792,0,1023,1,30114,0,1,1,2,139,320,900,7528,21,7,0,0,0,0,123,0,0,0,0
3793,0,1023,1,30114,0,1,1,2,139,320,900,7528,21,7,0,0,0,0,123,0,0,0,0
3794,0,1023,1,30114,0,1,1,2,139,320,900,7528,21,7,0,0,0,0,123,0,0,0,0
3795,0,1023,1,30114,0,1,1,2,139,320,900,7528,21,7,0,0,0,0,123,0,0,0,0
3796,0,1023,1,30114,0,1,1,2,139,320,900,7528,21,7,0,0,0,0,123,0,0,0,0
3797,0,1023,1,30114,0,1,1,2,139,320,900,7528,21,7,0,0,0,0,123,0,0,0,0
3798,0,1023,1,30114,0,1,1,2,139,320,900,7528,21,7,0,0,0,0,123,0,0,0,0
3799,0,1023,1,30114,0,1,1,2,139,320,900,7528,21,7,0,0,0,0,123,0,0,0,0
3800,0,1023,1,30114,0,1,1,2,139,320,900,7528,21,7,0,0,0,0,123,0,0,0,0
3801,0,1023,1,30114,0,1,1,2,139,320,900,7528,21,7,0,0,0,0,123,0,0,0,0
3802,0,1023,1,30114,0,1,1,2,139,320,900,7528,21,7,0,0,0,0,123,0,0,0,0
3803,0,1023,1,30114,0,1,1,2,139,320,900,7528,21,7,0,0,0,0,123,0,0,0,0
3804,0,1023,1,30114,0,1,1,2,139,320,900,7528,21,7,0,0,0,0,123,0,0,0,0
3805,0,1023,1,30114,0,1,1,2,139,320,900,7528,21,7,0,0,0,0,123,0,0,0,0
3806,0,1023,1,30114,0,1,1,2,139,320,900,7528,21,7,0,0,0,0,123,0,0,0,0
3807,0,1023,1,30114,0,1,1,2,139,320,900,7528,21,7,0,0,0,0,123,0,0,0,0
3808,0,1023,1,30114,0,1,1,2,139,320,900,7528,21,7,0,0,0,0,123,0,0,0,0
3809,0,1023,1,30114,0,1,1,2,139,320,900,7528,21,7,0,0,0,0,123,0,0,0,0
3810,0,1023,1,30114,0,1,1,2,139,320,900,7528,21,7,0,0,0,0,123,0,0,0,0
3811,0,1023,1,30114,0,1,1,2,139,320,900,7528,21,7,0,0,0,0,123,0,0,0,0
3812,0,1023,1,30114,0,1,1,2,139,320,900,7528,21,7,0,0,0,0,123,0,0,0,0
3813,0,1023,1,30114,0,1,1,2,139,320,900,7528,21,7,0,0,0,0,123,0,0,0,0
3814,0,1023,1,30114,0,1,1,2,139,320,900,7528,21,7,0,0,0,0,123,0,0,0,0
3815,0,1023,1,30114,0,1,1,2,139,320,900,7528,21,7,0,0,0,0,123,0,0,0,0
3816,0,1023,1,30114,0,1,1,2,139,320,900,7528,21,7,0,0,0,0,123,0,0,0,0
3817,0,1023,1,30114,0,1,1,2,139,320,900,7528,21,7,0,0,0,0,123,0,0,0,0
3818,0,1023,1,30114,0,1,1,2,139,320,900,7528,21,7,0,0,0,0,123,0,0,0,0
3819,0,1023,1,30114,0,1,1,2,139,320,900,7528,21,7,0,0,0,0,123,0,0,0,0
3820,0,1023,1,30114,0,1,1,2,139,320,900,7528,21,7,0,0,0,0,123,0,0,0,0
3821,0,1023,1,30114,0,1,1,2,139,320,900,7528,21,7,0,0,0,0,123,0,0,0,0
3822,0,1023,1,30114,0,1,1,2,139,320,900,7528,21,7,0,0,0,0,123,0,0,0,0
3823,0,1023,1,30114,0,1,1,2,139,320,900,7528,21,7,0,0,0,0,123,0,0,0,0
3824,0,1023,1,30114,0,1,1,2,139,320,900,7528,21,7,0,0,0,0,123,0,0,0,0
3825,0,1023,1,30114,0,1,1,2,139,320,900,7528,21,7,0,0,0,0,123,0,0,0,0
3826,0,1023,1,30114,0,1,1,2,139,320,900,7528,21,7,0,0,0,0,123,0,0,0,0
3827,0,1023,1,30114,0,1,1,2,139,320,900,7528,21,7,0,0,0,0,123,0,0,0,0
3828,0,1023,1,30114,0,1,1,2,139,320,900,7528,21,7,0,0,0,0,123,0,0,0,0
3829,0,1023,1,30114,0,1,1,2,139,320,900,7528,21,7,0,0,0,0,123,0,0,0,0
3830,0,1023,1,30114,0,1,1,2,139,320,900,7528,21,7,0,0,0,0,123,0,0,0,0
3831,0,1023,1,30114,0,1,1,2,139,320,900,7528,21,7,0,0,0,0,123,0,0,0,0
3832,0,1023,1,30114,0,1,1,2,139,320,900,7528,21,7,0,0,0,0,123,0,0,0,0
3833,0,1023,1,30114,0,1,1,2,139,320,900,7528,21,7,0,0,0,0,123,0,0,0,0
3834,0,1023,1,30114,0,1,1,2,139,320,900,7528,21,7,0,0,0,0,123,0,0,0,0
3835,0,1023,1,30114,0,1,1,2,139,320,900,7528,21,7,0,0,0,0,123,0,0,0,0
3836,0,1023,1,30114,0,1,1,2,139,320,900,7528,21,7,0,0,0,0,123,0,0,0,0
3837,0,1023,1,30114,0,1,1,2,139,320,900,7528,21,7,0,0,0,0,123,0,0,0,0
3838,0,1023,1,30114,0,1,1,2,139,320,900,7528,21,7,0,0,0,0,123,0,0,0,0
3839,0,1023,1,30114,0,1,1,2,139,320,900,7528,21,7,0,0,0,0,123,0,0,0,0
3840,0,1023,1,30114,0,1,1,2,139,320,900,7528,21,7,0,0,0,0,123,0,0,0,0
3841,0,1023,1,30114,0,1,1,2,139,320,900,7528,21,7,0,0,0,0,123,0,0,0,0
3842,0,1023,1,30114,0,1,1,2,139,320,900,7528,21,7,0,0,0,0,123,0,0,0,0
3843,0,1023,1,30114,0,1,1,2,139,320,900,7528,21,7,0,0,0,0,123,0,0,0,0
3844,0,1023,1,30114,0,1,1,2,139,320,900,7528,21,7,0,0,0,0,123,0,0,0,0
3845,0,1023,1,30114,0,1,1,2,139,320,900,7528,21,7,0,0,0,0,123,0,0,0,0
3846,0,1023,1,30114,0,1,1,2,139,320,900,7528,21,7,0,0,0,0,123,0,0,0,0
3847,0,1023,1,30114,0,1,1,2,139,320,900,7528,21,7,0,0,0,0,123,0,0,0,0
3848,0,1023,1,30114,0,1,1,2,139,320,900,7528,21,7,0,0,0,0,123,0,0,0,0
3849,0,1023,1,30114,0,1,1,2,139,320,900,7528,21,7,0,0,0,0,123,0,0,0,0
3850,0,1023,1,30114,0,1,1,2,139,320,900,7528,21,7,0,0,0,0,123,0,0,0,0
3851,0,1023,1,30114,0,1,1,2,139,320,900,7528,21,7,0,0,0,0,123,0,0,0,0
3852,0,1023,1,30114,0,1,1,2,139,320,900,7528,21,7,0,0,0,0,123,0,0,0,0
3853,0,1023,1,30114,0,1,1,2,139,320,900,7528,21,7,0,0,0,0,123,0,0,0,0
3854,0,1023,1,30114,0,1,1,2,139,320,900,7528,21,7,0,0,0,0,123,0,0,0,0
3855,0,1023,1,30114,0,1,1,2,139,320,900,7528,21,7,0,0,0,0,123,0,0,0,0
3856,0,1023,1,30114,0,1,1,2,139,320,900,7528,21,7,0,0,0,0,123,0,0,0,0
3857,0,1023,1,30114,0,1,1,2,139,320,900,7528,21,7,0,0,0,0,123,0,0,0,0
3858,0,1023,1,30114,0,1,1,2,139,320,900,7528,21,7,0,0,0,0,123,0,0,0,0
3859,0,1023,1,30114,0,1,1,2,139,320,900,7528,21,7,0,0,0,0,123,0,0,0,0
3860,0,1023,1,30114,0,1,1,2,139,320,900,7528,21,7,0,0,0,0,123,0,0,0,0
3861,0,1023,1,30114,0,1,1,2,139,320,900,7528,21,7,0,0,0,0,123,0,0,0,0
3862,0,1023,1,30114,0,1,1,2,139,320,900,7528,21,7,0,0,0,0,123,0,0,0,0
3863,0,1023,1,30114,0,1,1,2,139,320,900,7528,21,7,0,0,0,0,123,0,0,0,0
3864,0,1023,1,30114,0,1,1,2,139,320,900,7528,21,7,0,0,0,0,123,0,0,0,0
3865,0,1023,1,30114,0,1,1,2,139,320,900,7528,21,7,0,0,0,0,123,0,0,0,0
3866,0,1023,1,30114,0,1,1,2,139,320,900,7528,21,7,0,0,0,0,123,0,0,0,0
3867,0,1023,1,30114,0,1,1,2,139,320,900,7528,21,7,0,0,0,0,123,0,0,0,0
3868,0,1023,1,30114,0,1,1,2,139,320,900,7528,21,7,0,0,0,0,123,0,0,0,0
3869,0,1023,1,30114,0,1,1,2,139,320,900,7528,21,7,0,0,0,0,123,0,0,0,0
3870,0,1023,1,30114,0,1,1,2,139,320,900,7528,21,7,0,0,0,0,123,0,0,0,0
3871,0,1023,1,30114,0,1,1,2,139,320,900,7528,21,7,0,0,0,0,123,0,0,0,0
3872,0,1023,1,30114,0,1,1,2,139,320,900,7528,21,7,0,0,0,0,123,0,0,0,0
3873,0,1023,1,30114,0,1,1,2,139,320,900,7528,21,7,0,0,0,0,123,0,0,0,0
3874,0,1023,1,30114,0,1,1,2,139,320,900,7528,21,7,0,0,0,0,123,0,0,0,0
3875,0,1023,1,30114,0,1,1,2,139,320,900,7528,21,7,0,0,0,0,123,0,0,0,0
3876,0,1023,1,30114,0,1,1,2,139,320,900,7528,21,7,0,0,0,0,123,0,0,0,0
3877,0,1023,1,30114,0,1,1,2,139,320,900,7528,21,7,0,0,0,0,123,0,0,0,0
3878,0,1023,1,30114,0,1,1,2,139,320,900,7528,21,7,0,0,0,0,123,0,0,0,0
3879,0,1023,1,30114,0,1,1,2,139,320,900,7528,21,7,0,0,0,0,123,0,0,0,0
3880,0,1023,1,30114,0,1,1,2,139,320,900,7528,21,7,0,0,0,0,123,0,0,0,0
3881,0,1023,1,30114,0,1,1,2,139,320,900,7528,21,7,0,0,0,0,123,0,0,0,0
3882,0,1023,1,30114,0,1,1,2,139,320,900,7528,21,7,0,0,0,0,123,0,0,0,0
3883,0,1023,1,30114,0,1,1,2,139,320,900,7528,21,7,0,0,0,0,123,0,0,0,0
3884,0,1023,1,30114,0,1,1,2,139,320,900,7528,21,7,0,0,0,0,123,0,0,0,0
3885,0,1023,1,30114,0,1,1,2,139,320,900,7528,21,7,0,0,0,0,123,0,0,0,0
3886,0,1023,1,30114,0,1,1,2,139,320,900,7528,21,7,0,0,0,0,123,0,0,0,0
3887,0,1023,1,30114,0,1,1,2,139,320,900,7528,21,7,0,0,0,0,123,0,0,0,0
3888,0,1023,1,30114,0,1,1,2,139,320,900,7528,21,7,0,0,0,0,123,0,0,0,0
3889,0,1023,1,30114,0,1,1,2,139,320,900,7528,21,7,0,0,0,0,123,0,0,0,0
3890,0,1023,1,30114,0,1,1,2,139,320,900,7528,21,7,0,0,0,0,123,0,0,0,0
3891,0,1023,1,30114,0,1,1,2,139,320,900,7528,21,7,0,0,0,0,123,0,0,0,0
3892,0,1023,1,30114,0,1,1,2,139,320,900,7528,21,7,0,0,0,0,123,0,0,0,0
3893,0,1023,1,30114,0,1,1,2,139,320,900,7528,21,7,0,0,0,0,123,0,0,0,0
3894,0,1023,1,30114,0,1,1,2,139,320,900,7528,21,7,0,0,0,0,123,0,0,0,0
3895,0,1023,1,30114,0,1,1,2,139,320,900,7528,21,7,0,0,0,0,123,0,0,0,0
3896,0,1023,1,30114,0,1,1,2,139,320,900,7528,21,7,0,0,0,0,123,0,0,0,0
3897,0,1023,1,30114,0,1,1,2,139,320,900,7528,21,7,0,0,0,0,123,0,0,0,0
3898,0,1023,1,30114,0,1,1,2,139,320,900,7528,21,7,0,0,0,0,123,0,0,0,0
3899,0,1023,1,30114,0,1,1,2,139,320,900,7528,21,7,0,0,0,0,123,0,0,0,0
3900,0,1023,1,30114,0,1,1,2,139,320,900,7528,21,7,0,0,0,0,123,0,0,0,0
3901,0,1023,1,30114,0,1,1,2,139,320,900,7528,21,7,0,0,0,0,123,0,0,0,0
3902,0,1023,1,30114,0,1,1,2,139,320,900,7528,21,7,0,0,0,0,123,0,0,0,0
3903,0,1023,1,30114,0,1,1,2,139,320,900,7528,21,7,0,0,0,0,123,0,0,0,0
3904,0,1023,1,30114,0,1,1,2,139,320,900,7528,21,7,0,0,0,0,123,0,0,0,0
3905,0,1023,1,30114,0,1,1,2,139,320,900,7528,21,7,0,0,0,0,123,0,0,0,0
3906,0,1023,1,30114,0,1,1,2,139,320,900,7528,21,7,0,0,0,0,123,0,0,0,0
3907,0,1023,1,30114,0,1,1,2,139,320,900,7528,21,7,0,0,0,0,123,0,0,0,0
3908,0,1023,1,30114,0,1,1,2,139,320,900,7528,21,7,0,0,0,0,123,0,0,0,0
3909,0,1023,1,30114,0,1,1,2,139,320,900,7528,21,7,0,0,0,0,123,0,0,0,0
3910,0,1023,1,30114,0,1,1,2,139,320,900,7528,21,7,0,0,0,0,123,0,0,0,0
3911,0,1023,1,30114,0,1,1,2,139,320,900,7528,21,7,0,0,0,0,123,0,0,0,0
3912,0,1023,1,30114,0,1,1,2,139,320,900,7528,21,7,0,0,0,0,123,0,0,0,0
3913,0,1023,1,30114,0,1,1,2,139,320,900,7528,21,7,0,0,0,0,123,0,0,0,0
3914,0,1023,1,30114,0,1,1,2,139,320,900,7528,21,7,0,0,0,0,123,0,0,0,0
3915,0,1023,1,30114,0,1,1,2,139,320,900,7528,21,7,0,0,0,0,123,0,0,0,0
3916,0,1023,1,30114,0,1,1,2,139,320,900,7528,21,7,0,0,0,0,123,0,0,0,0
3917,0,1023,1,30114,0,1,1,2,139,320,900,7528,21,7,0,0,0,0,123,0,0,0,0
3918,0,1023,1,30114,0,1,1,2,139,320,900,7528,21,7,0,0,0,0,123,0,0,0,0
3919,0,1023,1,30114,0,1,1,2,139,320,900,7528,21,7,0,0,0,0,123,0,0,0,0
3920,0,1023,1,30114,0,1,1,2,139,320,900,7528,21,7,0,0,0,0,123,0,0,0,0
3921,0,1023,1,30114,0,1,1,2,139,320,900,7528,21,7,0,0,0,0,123,0,0,0,0
3922,0,1023,1,30114,0,1,1,2,139,320,900,7528,21,7,0,0,0,0,123,0,0,0,0
3923,0,1023,1,30114,0,1,1,2,139,320,900,7528,21,7,0,0,0,0,123,0,0,0,0
3924,0,1023,1,30114,0,1,1,2,139,320,900,7528,21,7,0,0,0,0,123,0,0,0,0
3925,0,1023,1,30114,0,1,1,2,139,320,900,7528,21,7,0,0,0,0,123,0,0,0,0
3926,0,1023,1,30114,0,1,1,2,139,320,900,7528,21,7,0,0,0,0,123,0,0,0,0
3927,0,1023,1,30114,0,1,1,2,139,320,900,7528,21,7,0,0,0,0,123,0,0,0,0
3928,0,1023,1,30114,0,1,1,2,139,320,900,7528,21,7,0,0,0,0,123,0,0,0,0
3929,0,1023,1,30114,0,1,1,2,139,320,900,7528,21,7,0,0,0,0,123,0,0,0,0
3930,0,1023,1,30114,0,1,1,2,139,320,900,7528,21,7,0,0,0,0,123,0,0,0,0
3931,0,1023,1,30114,0,1,1,2,139,320,900,7528,21,7,0,0,0,0,123,0,0,0,0
3932,0,1023,1,30114,0,1,1,2,139,320,900,7528,21,7,0,0,0,0,123,0,0,0,0
3933,0,1023,1,30114,0,1,1,2,139,320,900,7528,21,7,0,0,0,0,123,0,0,0,0
3934,0,1023,1,30114,0,1,1,2,139,320,900,7528,21,7,0,0,0,0,123,0,0,0,0
3935,0,1023,1,30114,0,1,1,2,139,320,900,7528,21,7,0,0,0,0,123,0,0,0,0
3936,0,1023,1,30114,0,1,1,2,139,320,900,7528,21,7,0,0,0,0,123,0,0,0,0
3937,0,1023,1,30114,0,1,1,2,139,320,900,7528,21,7,0,0,0,0,123,0,0,0,0
3938,0,1023,1,30114,0,1,1,2,139,320,900,7528,21,7,0,0,0,0,123,0,0,0,0
3939,0,1023,1,30114,0,1,1,2,139,320,900,7528,21,7,0,0,0,0,123,0,0,0,0
3940,0,1023,1,30114,0,1,1,2,139,320,900,7528,21,7,0,0,0,0,123,0,0,0,0
3941,0,1023,1,30114,0,1,1,2,139,320,900,7528,21,7,0,0,0,0,123,0,0,0,0
3942,0,1023,1,30114,0,1,1,2,139,320,900,7528,21,7,0,0,0,0,123,0,0,0,0
3943,0,1023,1,30114,0,1,1,2,139,320,900,7528,21,7,0,0,0,0,123,0,0,0,0
3944,0,1023,1,30114,0,1,1,2,139,320,900,7528,21,7,0,0,0,0,123,0,0,0,0
3945,0,1023,1,30114,0,1,1,2,139,320,900,7528,21,7,0,0,0,0,123,0,0,0,0
3946,0,1023,1,30114,0,1,1,2,139,320,900,7528,21,7,0,0,0,0,123,0,0,0,0
3947,0,1023,1,30114,0,1,1,2,139,320,900,7528,21,7,0,0,0,0,123,0,0,0,0
3948,0,1023,1,30114,0,1,1,2,139,320,900,7528,21,7,0,0,0,0,123,0,0,0,0
3949,0,1023,1,30114,0,1,1,2,139,320,900,7528,21,7,0,0,0,0,123,0,0,0,0
3950,0,1023,1,30114,0,1,1,2,139,320,900,7528,21,7,0,0,0,0,123,0,0,0,0
3951,0,1023,1,30114,0,1,1,2,139,320,900,7528,21,7,0,0,0,0,123,0,0,0,0
3952,0,1023,1,30114,0,1,1,2,139,320,900,7528,21,7,0,0,0,0,123,0,0,0,0
3953,0,1023,1,30114,0,1,1,2,139,320,900,7528,21,7,0,0,0,0,123,0,0,0,0
3954,0,1023,1,30114,0,1,1,2,139,320,900,7528,21,7,0,0,0,0,123,0,0,0,0
3955,0,1023,1,30114,0,1,1,2,139,320,900,7528,21,7,0,0,0,0,123,0,0,0,0
3956,0,1023,1,30114,0,1,1,2,139,320,900,7528,21,7,0,0,0,0,123,0,0,0,0
3957,0,1023,1,30114,0,1,1,2,139,320,900,7528,21,7,0,0,0,0,123,0,0,0,0
3958,0,1023,1,30114,0,1,1,2,139,320,900,7528,21,7,0,0,0,0,123,0,0,0,0
3959,0,1023,1,30114,0,1,1,2,139,320,900,7528,21,7,0,0,0,0,123,0,0,0,0
3960,0,1023,1,30114,0,1,1,2,139,320,900,7528,21,7,0,0,0,0,123,0,0,0,0
3961,0,1023,1,30114,0,1,1,2,139,320,900,7528,21,7,0,0,0,0,123,0,0,0,0
3962,0,1023,1,30114,0,1,1,2,139,320,900,7528,21,7,0,0,0,0,123,0,0,0,0
3963,0,1023,1,30114,0,1,1,2,139,320,900,7528,21,7,0,0,0,0,123,0,0,0,0
3964,0,1023,1,30114,0,1,1,2,139,320,900,7528,21,7,0,0,0,0,123,0,0,0,0
3965,0,1023,1,30114,0,1,1,2,139,320,900,7528,21,7,0,0,0,0,123,0,0,0,0
3966,0,1023,1,30114,0,1,1,2,139,320,900,7528,21,7,0,0,0,0,123,0,0,0,0
3967,0,1023,1,30114,0,1,1,2,139,320,900,7528,21,7,0,0,0,0,123,0,0,0,0
3968,0,1023,1,30114,0,1,1,2,139,320,900,7528,21,7,0,0,0,0,123,0,0,0,0
3969,0,1023,1,30114,0,1,1,2,139,320,900,7528,21,7,0,0,0,0,123,0,0,0,0
3970,0,1023,1,30114,0,1,1,2,139,320,900,7528,21,7,0,0,0,0,123,0,0,0,0
3971,0,1023,1,30114,0,1,1,2,139,320,900,7528,21,7,0,0,0,0,123,0,0,0,0
3972,0,1023,1,30114,0,1,1,2,139,320,900,7528,21,7,0,0,0,0,123,0,0,0,0
3973,0,1023,1,30114,0,1,1,2,139,320,900,7528,21,7,0,0,0,0,123,0,0,0,0
3974,0,1023,1,30114,0,1,1,2,139,320,900,7528,21,7,0,0,0,0,123,0,0,0,0
3975,0,1023,1,30114,0,1,1,2,139,320,900,7528,21,7,0,0,0,0,123,0,0,0,0
3976,0,1023,1,30114,0,1,1,2,139,320,900,7528,21,7,0,0,0,0,123,0,0,0,0
3977,0,1023,1,30114,0,1,1,2,139,320,900,7528,21,7,0,0,0,0,123,0,0,0,0
3978,0,1023,1,30114,0,1,1,2,139,320,900,7528,21,7,0,0,0,0,123,0,0,0,0
3979,0,1023,1,30114,0,1,1,2,139,320,900,7528,21,7,0,0,0,0,123,0,0,0,0
3980,0,1023,1,30114,0,1,1,2,139,320,900,7528,21,7,0,0,0,0,123,0,0,0,0
3981,0,1023,1,30114,0,1,1,2,139,320,900,7528,21,7,0,0,0,0,123,0,0,0,0
3982,0,1023,1,30114,0,1,1,2,139,320,900,7528,21,7,0,0,0,0,123,0,0,0,0
3983,0,1023,1,30114,0,1,1,2,139,320,900,7528,21,7,0,0,0,0,123,0,0,0,0
3984,0,1023,1,30114,0,1,1,2,139,320,900,7528,21,7,0,0,0,0,123,0,0,0,0
3985,0,1023,1,30114,0,1,1,2,139,320,900,7528,21,7,0,0,0,0,123,0,0,0,0
3986,0,1023,1,30114,0,1,1,2,139,320,900,7528,21,7,0,0,0,0,123,0,0,0,0
3987,0,1023,1,30114,0,1,1,2,139,320,900,7528,21,7,0,0,0,0,123,0,0,0,0
3988,0,1023,1,30114,0,1,1,2,139,320,900,7528,21,7,0,0,0,0,123,0,0,0,0
3989,0,1023,1,30114,0,1,1,2,139,320,900,7528,21,7,0,0,0,0,123,0,0,0,0
3990,0,1023,1,30114,0,1,1,2,139,320,900,7528,21,7,0,0,0,0,123,0,0,0,0
3991,0,1023,1,30114,0,1,1,2,139,320,900,7528,21,7,0,0,0,0,123,0,0,0,0
3992,0,1023,1,30114,0,1,1,2,139,320,900,7528,21,7,0,0,0,0,123,0,0,0,0
3993,0,1023,1,30114,0,1,1,2,139,320,900,7528,21,7,0,0,0,0,123,0,0,0,0
3994,0,1023,1,30114,0,1,1,2,139,320,900,7528,21,7,0,0,0,0,123,0,0,0,0
3995,0,1023,1,30114,0,1,1,2,139,320,900,7528,21,7,0,0,0,0,123,0,0,0,0
3996,0,1023,1,30114,0,1,1,2,139,320,900,7528,21,7,0,0,0,0,123,0,0,0,0
3997,0,1023,1,30114,0,1,1,2,139,320,900,7528,21,7,0,0,0,0,123,0,0,0,0
3998,0,1023,1,30114,0,1,1,2,139,320,900,7528,21,7,0,0,0,0,123,0,0,0,0
3999,0,1023,1,30114,0,1,1,2,139,320,900,7528,21,7,0,0,0,0,123,0,0,0,0
4000,0,1023,1,30114,0,1,1,2,139,320,900,7528,21,7,0,0,0,0,123,0,0,0,0
4001,0,1023,1,30114,0,1,1,2,139,320,900,7528,21,7,0,0,0,0,123,0,0,0,0
4002,0,1023,1,30114,0,1,1,2,139,320,900,7528,21,7,0,0,0,0,123,0,0,0,0
4003,0,1023,1,30114,0,1,1,2,139,320,900,7528,21,7,0,0,0,0,123,0,0,0,0
4004,0,1023,1,30114,0,1,1,2,139,320,900,7528,21,7,0,0,0,0,123,0,0,0,0
4005,0,1023,1,30114,0,1,1,2,139,320,900,7528,21,7,0,0,0,0,123,0,0,0,0
4006,0,1023,1,30114,0,1,1,2,139,320,900,7528,21,7,0,0,0,0,123,0,0,0,0
4007,0,1023,1,30114,0,1,1,2,139,320,900,7528,21,7,0,0,0,0,123,0,0,0,0
4008,0,1023,1,30114,0,1,1,2,139,320,900,7528,21,7,0,0,0,0,123,0,0,0,0
4009,0,1023,1,30114,0,1,1,2,139,320,900,7528,21,7,0,0,0,0,123,0,0,0,0
4010,0,1023,1,30114,0,1,1,2,139,320,900,7528,21,7,0,0,0,0,123,0,0,0,0
4011,0,1023,1,30114,0,1,1,2,139,320,900,7528,21,7,0,0,0,0,123,0,0,0,0
4012,0,1023,1,30114,0,1,1,2,139,320,900,7528,21,7,0,0,0,0,123,0,0,0,0
4013,0,1023,1,30114,0,1,1,2,139,320,900,7528,21,7,0,0,0,0,123,0,0,0,0
4014,0,1023,1,30114,0,1,1,2,139,320,900,7528,21,7,0,0,0,0,123,0,0,0,0
4015,0,1023,1,30114,0,1,1,2,139,320,900,7528,21,7,0,0,0,0,123,0,0,0,0
4016,0,1023,1,30114,0,1,1,2,139,320,900,7528,21,7,0,0,0,0,123,0,0,0,0
4017,0,1023,1,30114,0,1,1,2,139,320,900,7528,21,7,0,0,0,0,123,0,0,0,0
4018,0,1023,1,30114,0,1,1,2,139,320,900,7528,21,7,0,0,0,0,123,0,0,0,0
4019,0,1023,1,30114,0,1,1,2,139,320,900,7528,21,7,0,0,0,0,123,0,0,0,0
4020,0,1023,1,30114,0,1,1,2,139,320,900,7528,21,7,0,0,0,0,123,0,0,0,0
4021,0,1023,1,30114,0,1,1,2,139,320,900,7528,21,7,0,0,0,0,123,0,0,0,0
4022,0,1023,1,30114,0,1,1,2,139,320,900,7528,21,7,0,0,0,0,123,0,0,0,0
4023,0,1023,1,30114,0,1,1,2,139,320,900,7528,21,7,0,0,0,0,123,0,0,0,0
4024,0,1023,1,30114,0,1,1,2,139,320,900,7528,21,7,0,0,0,0,123,0,0,0,0
4025,0,1023,1,30114,0,1,1,2,139,320,900,7528,21,7,0,0,0,0,123,0,0,0,0
4026,0,1023,1,30114,0,1,1,2,139,320,900,7528,21,7,0,0,0,0,123,0,0,0,0
4027,0,1023,1,30114,0,1,1,2,139,320,900,7528,21,7,0,0,0,0,123,0,0,0,0
4028,0,1023,1,30114,0,1,1,2,139,320,900,7528,21,7,0,0,0,0,123,0,0,0,0
4029,0,1023,1,30114,0,1,1,2,139,320,900,7528,21,7,0,0,0,0,123,0,0,0,0
4030,0,1023,1,30114,0,1,1,2,139,320,900,7528,21,7,0,0,0,0,123,0,0,0,0
4031,0,1023,1,30114,0,1,1,2,139,320,900,7528,21,7,0,0,0,0,123,0,0,0,0
4032,0,1023,1,30114,0,1,1,2,139,320,900,7528,21,7,0,0,0,0,123,0,0,0,0
4033,0,1023,1,30114,0,1,1,2,139,320,900,7528,21,7,0,0,0,0,123,0,0,0,0
4034,0,1023,1,30114,0,1,1,2,139,320,900,7528,21,7,0,0,0,0,123,0,0,0,0
4035,0,1023,1,30114,0,1,1,2,139,320,900,7528,21,7,0,0,0,0,123,0,0,0,0
4036,0,1023,1,30114,0,1,1,2,139,320,900,7528,21,7,0,0,0,0,123,0,0,0,0
4037,0,1023,1,30114,0,1,1,2,139,320,900,7528,21,7,0,0,0,0,123,0,0,0,0
4038,0,1023,1,30114,0,1,1,2,139,320,900,7528,21,7,0,0,0,0,123,0,0,0,0
4039,0,1023,1,30114,0,1,1,2,139,320,900,7528,21,7,0,0,0,0,123,0,0,0,0
4040,0,1023,1,30114,0,1,1,2,139,320,900,7528,21,7,0,0,0,0,123,0,0,0,0
4041,0,1023,1,30114,0,1,1,2,139,320,900,7528,21,7,0,0,0,0,123,0,0,0,0
4042,0,1023,1,30114,0,1,1,2,139,320,900,7528,21,7,0,0,0,0,123,0,0,0,0
4043,0,1023,1,30114,0,1,1,2,139,320,900,7528,21,7,0,0,0,0,123,0,0,0,0
4044,0,1023,1,30114,0,1,1,2,139,320,900,7528,21,7,0,0,0,0,123,0,0,0,0
4045,0,1023,1,30114,0,1,1,2,139,320,900,7528,21,7,0,0,0,0,123,0,0,0,0
4046,0,1023,1,30114,0,1,1,2,139,320,900,7528,21,7,0,0,0,0,123,0,0,0,0
4047,0,1023,1,30114,0,1,1,2,139,320,900,7528,21,7,0,0,0,0,123,0,0,0,0
4048,0,1023,1,30114,0,1,1,2,139,320,900,7528,21,7,0,0,0,0,123,0,0,0,0
4049,0,1023,1,30114,0,1,1,2,139,320,900,7528,21,7,0,0,0,0,123,0,0,0,0
4050,0,1023,1,30114,0,1,1,2,139,320,900,7528,21,7,0,0,0,0,123,0,0,0,0
4051,0,1023,1,30114,0,1,1,2,139,320,900,7528,21,7,0,0,0,0,123,0,0,0,0
4052,0,1023,1,30114,0,1,1,2,139,320,900,7528,21,7,0,0,0,0,123,0,0,0,0
4053,0,1023,1,30114,0,1,1,2,139,320,900,7528,21,7,0,0,0,0,123,0,0,0,0
4054,0,1023,1,30114,0,1,1,2,139,320,900,7528,21,7,0,0,0,0,123,0,0,0,0
4055,0,1023,1,30114,0,1,1,2,139,320,900,7528,21,7,0,0,0,0,123,0,0,0,0
4056,0,1023,1,30114,0,1,1,2,139,320,900,7528,21,7,0,0,0,0,123,0,0,0,0
4057,0,1023,1,30114,0,1,1,2,139,320,900,7528,21,7,0,0,0,0,123,0,0,0,0
4058,0,1023,1,30114,0,1,1,2,139,320,900,7528,21,7,0,0,0,0,123,0,0,0,0
4059,0,1023,1,30114,0,1,1,2,139,320,900,7528,21,7,0,0,0,0,123,0,0,0,0
4060,0,1023,1,30114,0,1,1,2,139,320,900,7528,21,7,0,0,0,0,123,0,0,0,0
4061,0,1023,1,30114,0,1,1,2,139,320,900,7528,21,7,0,0,0,0,123,0,0,0,0
4062,0,1023,1,30114,0,1,1,2,139,320,900,7528,21,7,0,0,0,0,123,0,0,0,0
4063,0,1023,1,30114,0,1,1,2,139,320,900,7528,21,7,0,0,0,0,123,0,0,0,0
4064,0,1023,1,30114,0,1,1,2,139,320,900,7528,21,7,0,0,0,0,123,0,0,0,0
4065,0,1023,1,30114,0,1,1,2,139,320,900,7528,21,7,0,0,0,0,123,0,0,0,0
4066,0,1023,1,30114,0,1,1,2,139,320,900,7528,21,7,0,0,0,0,123,0,0,0,0
4067,0,1023,1,30114,0,1,1,2,139,320,900,7528,21,7,0,0,0,0,123,0,0,0,0
4068,0,1023,1,30114,0,1,1,2,139,320,900,7528,21,7,0,0,0,0,123,0,0,0,0
4069,0,1023,1,30114,0,1,1,2,139,320,900,7528,21,7,0,0,0,0,123,0,0,0,0
4070,0,1023,1,30114,0,1,1,2,139,320,900,7528,21,7,0,0,0,0,123,0,0,0,0
4071,0,1023,1,30114,0,1,1,2,139,320,900,7528,21,7,0,0,0,0,123,0,0,0,0
4072,0,1023,1,30114,0,1,1,2,139,320,900,7528,21,7,0,0,0,0,123,0,0,0,0
4073,0,1023,1,30114,0,1,1,2,139,320,900,7528,21,7,0,0,0,0,123,0,0,0,0
4074,0,1023,1,30114,0,1,1,2,139,320,900,7528,21,7,0,0,0,0,123,0,0,0,0
4075,0,1023,1,30114,0,1,1,2,139,320,900,7528,21,7,0,0,0,0,123,0,0,0,0
4076,0,1023,1,30114,0,1,1,2,139,320,900,7528,21,7,0,0,0,0,123,0,0,0,0
4077,0,1023,1,30114,0,1,1,2,139,320,900,7528,21,7,0,0,0,0,123,0,0,0,0
4078,0,1023,1,30114,0,1,1,2,139,320,900,7528,21,7,0,0,0,0,123,0,0,0,0
4079,0,1023,1,30114,0,1,1,2,139,320,900,7528,21,7,0,0,0,0,123,0,0,0,0
4080,0,1023,1,30114,0,1,1,2,139,320,900,7528,21,7,0,0,0,0,123,0,0,0,0
4081,0,1023,1,30114,0,1,1,2,139,320,900,7528,21,7,0,0,0,0,123,0,0,0,0
4082,0,1023,1,30114,0,1,1,2,139,320,900,7528,21,7,0,0,0,0,123,0,0,0,0
4083,0,1023,1,30114,0,1,1,2,139,320,900,7528,21,7,0,0,0,0,123,0,0,0,0
4084,0,1023,1,30114,0,1,1,2,139,320,900,7528,21,7,0,0,0,0,123,0,0,0,0
4085,0,1023,1,30114,0,1,1,2,139,320,900,7528,21,7,0,0,0,0,123,0,0,0,0
4086,0,1023,1,30114,0,1,1,2,139,320,900,7528,21,7,0,0,0,0,123,0,0,0,0
4087,0,1023,1,30114,0,1,1,2,139,320,900,7528,21,7,0,0,0,0,123,0,0,0,0
4088,0,1023,1,30114,0,1,1,2,139,320,900,7528,21,7,0,0,0,0,123,0,0,0,0
4089,0,1023,1,30114,0,1,1,2,139,320,900,7528,21,7,0,0,0,0,123,0,0,0,0
4090,0,1023,1,30114,0,1,1,2,139,320,900,7528,21,7,0,0,0,0,123,0,0,0,0
4091,0,1023,1,30114,0,1,1,2,139,320,900,7528,21,7,0,0,0,0,123,0,0,0,0
4092,0,1023,1,30114,0,1,1,2,139,320,900,7528,21,7,0,0,0,0,123,0,0,0,0
4093,0,1023,1,30114,0,1,1,2,139,320,900,7528,21,7,0,0,0,0,123,0,0,0,0
4094,0,1023,1,30114,0,1,1,2,139,320,900,7528,21,7,0,0,0,0,123,0,0,0,0
4095,0,1023,1,30114,0,1,1,2,139,320,900,7528,21,7,0,0,0,0,123,0,0,0,0
4096,0,1023,1,30114,0,1,1,2,139,320,900,7528,21,7,0,0,0,0,123,0,0,0,0
4097,0,1023,1,30114,0,1,1,2,139,320,900,7528,21,7,0,0,0,0,123,0,0,0,0
4098,0,1023,1,30114,0,1,1,2,139,320,900,7528,21,7,0,0,0,0,123,0,0,0,0
4099,0,1023,1,30114,0,1,1,2,139,320,900,7528,21,7,0,0,0,0,123,0,0,0,0
4100,0,1023,1,30114,0,1,1,2,139,320,900,7528,21,7,0,0,0,0,123,0,0,0,0
4101,0,1023,1,30114,0,1,1,2,139,320,900,7528,21,7,0,0,0,0,123,0,0,0,0
4102,0,1023,1,30114,0,1,1,2,139,320,900,7528,21,7,0,0,0,0,123,0,0,0,0
4103,0,1023,1,30114,0,1,1,2,139,320,900,7528,21,7,0,0,0,0,123,0,0,0,0
4104,0,1023,1,30114,0,1,1,2,139,320,900,7528,21,7,0,0,0,0,123,0,0,0,0
4105,0,1023,1,30114,0,1,1,2,139,320,900,7528,21,7,0,0,0,0,123,0,0,0,0
4106,0,1023,1,30114,0,1,1,2,139,320,900,7528,21,7,0,0,0,0,123,0,0,0,0
4107,0,1023,1,30114,0,1,1,2,139,320,900,7528,21,7,0,0,0,0,123,0,0,0,0
4108,0,1023,1,30114,0,1,1,2,139,320,900,7528,21,7,0,0,0,0,123,0,0,0,0
4109,0,1023,1,30114,0,1,1,2,139,320,900,7528,21,7,0,0,0,0,123,0,0,0,0
4110,0,1023,1,30114,0,1,1,2,139,320,900,7528,21,7,0,0,0,0,123,0,0,0,0
4111,0,1023,1,30114,0,1,1,2,139,320,900,7528,21,7,0,0,0,0,123,0,0,0,0
4112,0,1023,1,30114,0,1,1,2,139,320,900,7528,21,7,0,0,0,0,123,0,0,0,0
4113,0,1023,1,30114,0,1,1,2,139,320,900,7528,21,7,0,0,0,0,123,0,0,0,0
4114,0,1023,1,30114,0,1,1,2,139,320,900,7528,21,7,0,0,0,0,123,0,0,0,0
4115,0,1023,1,30114,0,1,1,2,139,320,900,7528,21,7,0,0,0,0,123,0,0,0,0
4116,0,1023,1,30114,0,1,1,2,139,320,900,7528,21,7,0,0,0,0,123,0,0,0,0
4117,0,1023,1,30114,0,1,1,2,139,320,900,7528,21,7,0,0,0,0,123,0,0,0,0
4118,0,1023,1,30114,0,1,1,2,139,320,900,7528,21,7,0,0,0,0,123,0,0,0,0
4119,0,1023,1,30114,0,1,1,2,139,320,900,7528,21,7,0,0,0,0,123,0,0,0,0
4120,0,1023,1,30114,0,1,1,2,139,320,900,7528,21,7,0,0,0,0,123,0,0,0,0
4121,0,1023,1,30114,0,1,1,2,139,320,900,7528,21,7,0,0,0,0,123,0,0,0,0
4122,0,1023,1,30114,0,1,1,2,139,320,900,7528,21,7,0,0,0,0,123,0,0,0,0
4123,0,1023,1,30114,0,1,1,2,139,320,900,7528,21,7,0,0,0,0,123,0,0,0,0
4124,0,1023,1,30114,0,1,1,2,139,320,900,7528,21,7,0,0,0,0,123,0,0,0,0
4125,0,1023,1,30114,0,1,1,2,139,320,900,7528,21,7,0,0,0,0,123,0,0,0,0
4126,0,1023,1,30114,0,1,1,2,139,320,900,7528,21,7,0,0,0,0,123,0,0,0,0
4127,0,1023,1,30114,0,1,1,2,139,320,900,7528,21,7,0,0,0,0,123,0,0,0,0
4128,0,1023,1,30114,0,1,1,2,139,320,900,7528,21,7,0,0,0,0,123,0,0,0,0
4129,0,1023,1,30114,0,1,1,2,139,320,900,7528,21,7,0,0,0,0,123,0,0,0,0
4130,0,1023,1,30114,0,1,1,2,139,320,900,7528,21,7,0,0,0,0,123,0,0,0,0
4131,0,1023,1,30114,0,1,1,2,139,320,900,7528,21,7,0,0,0,0,123,0,0,0,0
4132,0,1023,1,30114,0,1,1,2,139,320,900,7528,21,7,0,0,0,0,123,0,0,0,0
4133,0,1023,1,30114,0,1,1,2,139,320,900,7528,21,7,0,0,0,0,123,0,0,0,0
4134,0,1023,1,30114,0,1,1,2,139,320,900,7528,21,7,0,0,0,0,123,0,0,0,0
4135,0,1023,1,30114,0,1,1,2,139,320,900,7528,21,7,0,0,0,0,123,0,0,0,0
4136,0,1023,1,30114,0,1,1,2,139,320,900,7528,21,7,0,0,0,0,123,0,0,0,0
4137,0,1023,1,30114,0,1,1,2,139,320,900,7528,21,7,0,0,0,0,123,0,0,0,0
4138,0,1023,1,30114,0,1,1,2,139,320,900,7528,21,7,0,0,0,0,123,0,0,0,0
4139,0,1023,1,30114,0,1,1,2,139,320,900,7528,21,7,0,0,0,0,123,0,0,0,0
4140,0,1023,1,30114,0,1,1,2,139,320,900,7528,21,7,0,0,0,0,123,0,0,0,0
4141,0,1023,1,30114,0,1,1,2,139,320,900,7528,21,7,0,0,0,0,123,0,0,0,0
4142,0,1023,1,30114,0,1,1,2,139,320,900,7528,21,7,0,0,0,0,123,0,0,0,0
4143,0,1023,1,30114,0,1,1,2,139,320,900,7528,21,7,0,0,0,0,123,0,0,0,0
4144,0,1023,1,30114,0,1,1,2,139,320,900,7528,21,7,0,0,0,0,123,0,0,0,0
4145,0,1023,1,30114,0,1,1,2,139,320,900,7528,21,7,0,0,0,0,123,0,0,0,0
4146,0,1023,1,30114,0,1,1,2,139,320,900,7528,21,7,0,0,0,0,123,0,0,0,0
4147,0,1023,1,30114,0,1,1,2,139,320,900,7528,21,7,0,0,0,0,123,0,0,0,0
4148,0,1023,1,30114,0,1,1,2,139,320,900,7528,21,7,0,0,0,0,123,0,0,0,0
4149,0,1023,1,30114,0,1,1,2,139,320,900,7528,21,7,0,0,0,0,123,0,0,0,0
4150,0,1023,1,30114,0,1,1,2,139,320,900,7528,21,7,0,0,0,0,123,0,0,0,0
4151,0,1023,1,30114,0,1,1,2,139,320,900,7528,21,7,0,0,0,0,123,0,0,0,0
4152,0,1023,1,30114,0,1,1,2,139,320,900,7528,21,7,0,0,0,0,123,0,0,0,0
4153,0,1023,1,30114,0,1,1,2,139,320,900,7528,21,7,0,0,0,0,123,0,0,0,0
4154,0,1023,1,30114,0,1,1,2,139,320,900,7528,21,7,0,0,0,0,123,0,0,0,0
4155,0,1023,1,30114,0,1,1,2,139,320,900,7528,21,7,0,0,0,0,123,0,0,0,0
4156,0,1023,1,30114,0,1,1,2,139,320,900,7528,21,7,0,0,0,0,123,0,0,0,0
4157,0,1023,1,30114,0,1,1,2,139,320,900,7528,21,7,0,0,0,0,123,0,0,0,0
4158,0,1023,1,30114,0,1,1,2,139,320,900,7528,21,7,0,0,0,0,123,0,0,0,0
4159,0,1023,1,30114,0,1,1,2,139,320,900,7528,21,7,0,0,0,0,123,0,0,0,0
4160,0,1023,1,30114,0,1,1,2,139,320,900,7528,21,7,0,0,0,0,123,0,0,0,0
4161,0,1023,1,30114,0,1,1,2,139,320,900,7528,21,7,0,0,0,0,123,0,0,0,0
4162,0,1023,1,30114,0,1,1,2,139,320,900,7528,21,7,0,0,0,0,123,0,0,0,0
4163,0,1023,1,30114,0,1,1,2,139,320,900,7528,21,7,0,0,0,0,123,0,0,0,0
4164,0,1023,1,30114,0,1,1,2,139,320,900,7528,21,7,0,0,0,0,123,0,0,0,0
4165,0,1023,1,30114,0,1,1,2,139,320,900,7528,21,7,0,0,0,0,123,0,0,0,0
4166,0,1023,1,30114,0,1,1,2,139,320,900,7528,21,7,0,0,0,0,123,0,0,0,0
4167,0,1023,1,30114,0,1,1,2,139,320,900,7528,21,7,0,0,0,0,123,0,0,0,0
4168,0,1023,1,30114,0,1,1,2,139,320,900,7528,21,7,0,0,0,0,123,0,0,0,0
4169,0,1023,1,30114,0,1,1,2,139,320,900,7528,21,7,0,0,0,0,123,0,0,0,0
4170,0,1023,1,30114,0,1,1,2,139,320,900,7528,21,7,0,0,0,0,123,0,0,0,0
4171,0,1023,1,30114,0,1,1,2,139,320,900,7528,21,7,0,0,0,0,123,0,0,0,0
4172,0,1023,1,30114,0,1,1,2,139,320,900,7528,21,7,0,0,0,0,123,0,0,0,0
4173,0,1023,1,30114,0,1,1,2,139,320,900,7528,21,7,0,0,0,0,123,0,0,0,0
4174,0,1023,1,30114,0,1,1,2,139,320,900,7528,21,7,0,0,0,0,123,0,0,0,0
4175,0,1023,1,30114,0,1,1,2,139,320,900,7528,21,7,0,0,0,0,123,0,0,0,0
4176,0,1023,1,30114,0,1,1,2,139,320,900,7528,21,7,0,0,0,0,123,0,0,0,0
4177,0,1023,1,30114,0,1,1,2,139,320,900,7528,21,7,0,0,0,0,123,0,0,0,0
4178,0,1023,1,30114,0,1,1,2,139,320,900,7528,21,7,0,0,0,0,123,0,0,0,0
4179,0,1023,1,30114,0,1,1,2,139,320,900,7528,21,7,0,0,0,0,123,0,0,0,0
4180,0,1023,1,30114,0,1,1,2,139,320,900,7528,21,7,0,0,0,0,123,0,0,0,0
4181,0,1023,1,30114,0,1,1,2,139,320,900,7528,21,7,0,0,0,0,123,0,0,0,0
4182,0,1023,1,30114,0,1,1,2,139,320,900,7528,21,7,0,0,0,0,123,0,0,0,0
4183,0,1023,1,30114,0,1,1,2,139,320,900,7528,21,7,0,0,0,0,123,0,0,0,0
4184,0,1023,1,30114,0,1,1,2,139,320,900,7528,21,7,0,0,0,0,123,0,0,0,0
4185,0,1023,1,30114,0,1,1,2,139,320,900,7528,21,7,0,0,0,0,123,0,0,0,0
4186,0,1023,1,30114,0,1,1,2,139,320,900,7528,21,7,0,0,0,0,123,0,0,0,0
4187,0,1023,1,30114,0,1,1,2,139,320,900,7528,21,7,0,0,0,0,123,0,0,0,0
4188,0,1023,1,30114,0,1,1,2,139,320,900,7528,21,7,0,0,0,0,123,0,0,0,0
4189,0,1023,1,30114,0,1,1,2,139,320,900,7528,21,7,0,0,0,0,123,0,0,0,0
4190,0,1023,1,30114,0,1,1,2,139,320,900,7528,21,7,0,0,0,0,123,0,0,0,0
4191,0,1023,1,30114,0,1,1,2,139,320,900,7528,21,7,0,0,0,0,123,0,0,0,0
4192,0,1023,1,30114,0,1,1,2,139,320,900,7528,21,7,0,0,0,0,123,0,0,0,0
4193,0,1023,1,30114,0,1,1,2,139,320,900,7528,21,7,0,0,0,0,123,0,0,0,0
4194,0,1023,1,30114,0,1,1,2,139,320,900,7528,21,7,0,0,0,0,123,0,0,0,0
4195,0,1023,1,30114,0,1,1,2,139,320,900,7528,21,7,0,0,0,0,123,0,0,0,0
4196,0,1023,1,30114,0,1,1,2,139,320,900,7528,21,7,0,0,0,0,123,0,0,0,0
4197,0,1023,1,30114,0,1,1,2,139,320,900,7528,21,7,0,0,0,0,123,0,0,0,0
4198,0,1023,1,30114,0,1,1,2,139,320,900,7528,21,7,0,0,0,0,123,0,0,0,0
4199,0,1023,1,30114,0,1,1,2,139,320,900,7528,21,7,0,0,0,0,123,0,0,0,0
4200,0,1023,1,30114,0,1,1,2,139,320,900,7528,21,7,0,0,0,0,123,0,0,0,0
4201,0,1023,1,30114,0,1,1,2,139,320,900,7528,21,7,0,0,0,0,123,0,0,0,0
4202,0,1023,1,30114,0,1,1,2,139,320,900,7528,21,7,0,0,0,0,123,0,0,0,0
4203,0,1023,1,30114,0,1,1,2,139,320,900,7528,21,7,0,0,0,0,123,0,0,0,0
4204,0,1023,1,30114,0,1,1,2,139,320,900,7528,21,7,0,0,0,0,123,0,0,0,0
4205,0,1023,1,30114,0,1,1,2,139,320,900,7528,21,7,0,0,0,0,123,0,0,0,0
4206,0,1023,1,30114,0,1,1,2,139,320,900,7528,21,7,0,0,0,0,123,0,0,0,0
4207,0,1023,1,30114,0,1,1,2,139,320,900,7528,21,7,0,0,0,0,123,0,0,0,0
4208,0,1023,1,30114,0,1,1,2,139,320,900,7528,21,7,0,0,0,0,123,0,0,0,0
4209,0,1023,1,30114,0,1,1,2,139,320,900,7528,21,7,0,0,0,0,123,0,0,0,0
4210,0,1023,1,30114,0,1,1,2,139,320,900,7528,21,7,0,0,0,0,123,0,0,0,0
4211,0,1023,1,30114,0,1,1,2,139,320,900,7528,21,7,0,0,0,0,123,0,0,0,0
4212,0,1023,1,30114,0,1,1,2,139,320,900,7528,21,7,0,0,0,0,123,0,0,0,0
4213,0,1023,1,30114,0,1,1,2,139,320,900,7528,21,7,0,0,0,0,123,0,0,0,0
4214,0,1023,1,30114,0,1,1,2,139,320,900,7528,21,7,0,0,0,0,123,0,0,0,0
4215,0,1023,1,30114,0,1,1,2,139,320,900,7528,21,7,0,0,0,0,123,0,0,0,0
4216,0,1023,1,30114,0,1,1,2,139,320,900,7528,21,7,0,0,0,0,123,0,0,0,0
4217,0,1023,1,30114,0,1,1,2,139,320,900,7528,21,7,0,0,0,0,123,0,0,0,0
4218,0,1023,1,30114,0,1,1,2,139,320,900,7528,21,7,0,0,0,0,123,0,0,0,0
4219,0,1023,1,30114,0,1,1,2,139,320,900,7528,21,7,0,0,0,0,123,0,0,0,0
4220,0,1023,1,30114,0,1,1,2,139,320,900,7528,21,7,0,0,0,0,123,0,0,0,0
4221,0,1023,1,30114,0,1,1,2,139,320,900,7528,21,7,0,0,0,0,123,0,0,0,0
4222,0,1023,1,30114,0,1,1,2,139,320,900,7528,21,7,0,0,0,0,123,0,0,0,0
4223,0,1023,1,30114,0,1,1,2,139,320,900,7528,21,7,0,0,0,0,123,0,0,0,0
4224,0,1023,1,30114,0,1,1,2,139,320,900,7528,21,7,0,0,0,0,123,0,0,0,0
4225,0,1023,1,30114,0,1,1,2,139,320,900,7528,21,7,0,0,0,0,123,0,0,0,0
4226,0,1023,1,30114,0,1,1,2,139,320,900,7528,21,7,0,0,0,0,123,0,0,0,0
4227,0,1023,1,30114,0,1,1,2,139,320,900,7528,21,7,0,0,0,0,123,0,0,0,0
4228,0,1023,1,30114,0,1,1,2,139,320,900,7528,21,7,0,0,0,0,123,0,0,0,0
4229,0,1023,1,30114,0,1,1,2,139,320,900,7528,21,7,0,0,0,0,123,0,0,0,0
4230,0,1023,1,30114,0,1,1,2,139,320,900,7528,21,7,0,0,0,0,123,0,0,0,0
4231,0,1023,1,30114,0,1,1,2,139,320,900,7528,21,7,0,0,0,0,123,0,0,0,0
4232,0,1023,1,30114,0,1,1,2,139,320,900,7528,21,7,0,0,0,0,123,0,0,0,0
4233,0,1023,1,30114,0,1,1,2,139,320,900,7528,21,7,0,0,0,0,123,0,0,0,0
4234,0,1023,1,30114,0,1,1,2,139,320,900,7528,21,7,0,0,0,0,123,0,0,0,0
4235,0,1023,1,30114,0,1,1,2,139,320,900,7528,21,7,0,0,0,0,123,0,0,0,0
4236,0,1023,1,30114,0,1,1,2,139,320,900,7528,21,7,0,0,0,0,123,0,0,0,0
4237,0,1023,1,30114,0,1,1,2,139,320,900,7528,21,7,0,0,0,0,123,0,0,0,0
4238,0,1023,1,30114,0,1,1,2,139,320,900,7528,21,7,0,0,0,0,123,0,0,0,0
4239,0,1023,1,30114,0,1,1,2,139,320,900,7528,21,7,0,0,0,0,123,0,0,0,0
4240,0,1023,1,30114,0,1,1,2,139,320,900,7528,21,7,0,0,0,0,123,0,0,0,0
4241,0,1023,1,30114,0,1,1,2,139,320,900,7528,21,7,0,0,0,0,123,0,0,0,0
4242,0,1023,1,30114,0,1,1,2,139,320,900,7528,21,7,0,0,0,0,123,0,0,0,0
4243,0,1023,1,30114,0,1,1,2,139,320,900,7528,21,7,0,0,0,0,123,0,0,0,0
4244,0,1023,1,30114,0,1,1,2,139,320,900,7528,21,7,0,0,0,0,123,0,0,0,0
4245,0,1023,1,30114,0,1,1,2,139,320,900,7528,21,7,0,0,0,0,123,0,0,0,0
4246,0,1023,1,30114,0,1,1,2,139,320,900,7528,21,7,0,0,0,0,123,0,0,0,0
4247,0,1023,1,30114,0,1,1,2,139,320,900,7528,21,7,0,0,0,0,123,0,0,0,0
4248,0,1023,1,30114,0,1,1,2,139,320,900,7528,21,7,0,0,0,0,123,0,0,0,0
4249,0,1023,1,30114,0,1,1,2,139,320,900,7528,21,7,0,0,0,0,123,0,0,0,0
4250,0,1023,1,30114,0,1,1,2,139,320,900,7528,21,7,0,0,0,0,123,0,0,0,0
4251,0,1023,1,30114,0,1,1,2,139,320,900,7528,21,7,0,0,0,0,123,0,0,0,0
4252,0,1023,1,30114,0,1,1,2,139,320,900,7528,21,7,0,0,0,0,123,0,0,0,0
4253,0,1023,1,30114,0,1,1,2,139,320,900,7528,21,7,0,0,0,0,123,0,0,0,0
4254,0,1023,1,30114,0,1,1,2,139,320,900,7528,21,7,0,0,0,0,123,0,0,0,0
4255,0,1023,1,30114,0,1,1,2,139,320,900,7528,21,7,0,0,0,0,123,0,0,0,0
4256,0,1023,1,30114,0,1,1,2,139,320,900,7528,21,7,0,0,0,0,123,0,0,0,0
4257,0,1023,1,30114,0,1,1,2,139,320,900,7528,21,7,0,0,0,0,123,0,0,0,0
4258,0,1023,1,30114,0,1,1,2,139,320,900,7528,21,7,0,0,0,0,123,0,0,0,0
4259,0,1023,1,30114,0,1,1,2,139,320,900,7528,21,7,0,0,0,0,123,0,0,0,0
4260,0,1023,1,30114,0,1,1,2,139,320,900,7528,21,7,0,0,0,0,123,0,0,0,0
4261,0,1023,1,30114,0,1,1,2,139,320,900,7528,21,7,0,0,0,0,123,0,0,0,0
4262,0,1023,1,30114,0,1,1,2,139,320,900,7528,21,7,0,0,0,0,123,0,0,0,0
4263,0,1023,1,30114,0,1,1,2,139,320,900,7528,21,7,0,0,0,0,123,0,0,0,0
4264,0,1023,1,30114,0,1,1,2,139,320,900,7528,21,7,0,0,0,0,123,0,0,0,0
4265,0,1023,1,30114,0,1,1,2,139,320,900,7528,21,7,0,0,0,0,123,0,0,0,0
4266,0,1023,1,30114,0,1,1,2,139,320,900,7528,21,7,0,0,0,0,123,0,0,0,0
4267,0,1023,1,30114,0,1,1,2,139,320,900,7528,21,7,0,0,0,0,123,0,0,0,0
4268,0,1023,1,30114,0,1,1,2,139,320,900,7528,21,7,0,0,0,0,123,0,0,0,0
4269,0,1023,1,30114,0,1,1,2,139,320,900,7528,21,7,0,0,0,0,123,0,0,0,0
4270,0,1023,1,30114,0,1,1,2,139,320,900,7528,21,7,0,0,0,0,123,0,0,0,0
4271,0,1023,1,30114,0,1,1,2,139,320,900,7528,21,7,0,0,0,0,123,0,0,0,0
4272,0,1023,1,30114,0,1,1,2,139,320,900,7528,21,7,0,0,0,0,123,0,0,0,0
4273,0,1023,1,30114,0,1,1,2,139,320,900,7528,21,7,0,0,0,0,123,0,0,0,0
4274,0,1023,1,30114,0,1,1,2,139,320,900,7528,21,7,0,0,0,0,123,0,0,0,0
4275,0,1023,1,30114,0,1,1,2,139,320,900,7528,21,7,0,0,0,0,123,0,0,0,0
4276,0,1023,1,30114,0,1,1,2,139,320,900,7528,21,7,0,0,0,0,123,0,0,0,0
4277,0,1023,1,30114,0,1,1,2,139,320,900,7528,21,7,0,0,0,0,123,0,0,0,0
4278,0,1023,1,30114,0,1,1,2,139,320,900,7528,21,7,0,0,0,0,123,0,0,0,0
4279,0,1023,1,30114,0,1,1,2,139,320,900,7528,21,7,0,0,0,0,123,0,0,0,0
4280,0,1023,1,30114,0,1,1,2,139,320,900,7528,21,7,0,0,0,0,123,0,0,0,0
4281,0,1023,1,30114,0,1,1,2,139,320,900,7528,21,7,0,0,0,0,123,0,0,0,0
4282,0,1023,1,30114,0,1,1,2,139,320,900,7528,21,7,0,0,0,0,123,0,0,0,0
4283,0,1023,1,30114,0,1,1,2,139,320,900,7528,21,7,0,0,0,0,123,0,0,0,0
4284,0,1023,1,30114,0,1,1,2,139,320,900,7528,21,7,0,0,0,0,123,0,0,0,0
4285,0,1023,1,30114,0,1,1,2,139,320,900,7528,21,7,0,0,0,0,123,0,0,0,0
4286,0,1023,1,30114,0,1,1,2,139,320,900,7528,21,7,0,0,0,0,123,0,0,0,0
4287,0,1023,1,30114,0,1,1,2,139,320,900,7528,21,7,0,0,0,0,123,0,0,0,0
4288,0,1023,1,30114,0,1,1,2,139,320,900,7528,21,7,0,0,0,0,123,0,0,0,0
4289,0,1023,1,30114,0,1,1,2,139,320,900,7528,21,7,0,0,0,0,123,0,0,0,0
4290,0,1023,1,30114,0,1,1,2,139,320,900,7528,21,7,0,0,0,0,123,0,0,0,0
4291,0,1023,1,30114,0,1,1,2,139,320,900,7528,21,7,0,0,0,0,123,0,0,0,0
4292,0,1023,1,30114,0,1,1,2,139,320,900,7528,21,7,0,0,0,0,123,0,0,0,0
4293,0,1023,1,30114,0,1,1,2,139,320,900,7528,21,7,0,0,0,0,123,0,0,0,0
4294,0,1023,1,30114,0,1,1,2,139,320,900,7528,21,7,0,0,0,0,123,0,0,0,0
4295,0,1023,1,30114,0,1,1,2,139,320,900,7528,21,7,0,0,0,0,123,0,0,0,0
4296,0,1023,1,30114,0,1,1,2,139,320,900,7528,21,7,0,0,0,0,123,0,0,0,0
4297,0,1023,1,30114,0,1,1,2,139,320,900,7528,21,7,0,0,0,0,123,0,0,0,0
4298,0,1023,1,30114,0,1,1,2,139,320,900,7528,21,7,0,0,0,0,123,0,0,0,0
4299,0,1023,1,30114,0,1,1,2,139,320,900,7528,21,7,0,0,0,0,123,0,0,0,0
4300,0,1023,1,30114,0,1,1,2,139,320,900,7528,21,7,0,0,0,0,123,0,0,0,0
4301,0,1023,1,30114,0,1,1,2,139,320,900,7528,21,7,0,0,0,0,123,0,0,0,0
4302,0,1023,1,30114,0,1,1,2,139,320,900,7528,21,7,0,0,0,0,123,0,0,0,0
4303,0,1023,1,30114,0,1,1,2,139,320,900,7528,21,7,0,0,0,0,123,0,0,0,0
4304,0,1023,1,30114,0,1,1,2,139,320,900,7528,21,7,0,0,0,0,123,0,0,0,0
4305,0,1023,1,30114,0,1,1,2,139,320,900,7528,21,7,0,0,0,0,123,0,0,0,0
4306,0,1023,1,30114,0,1,1,2,139,320,900,7528,21,7,0,0,0,0,123,0,0,0,0
4307,0,1023,1,30114,0,1,1,2,139,320,900,7528,21,7,0,0,0,0,123,0,0,0,0
4308,0,1023,1,30114,0,1,1,2,139,320,900,7528,21,7,0,0,0,0,123,0,0,0,0
4309,0,1023,1,30114,0,1,1,2,139,320,900,7528,21,7,0,0,0,0,123,0,0,0,0
4310,0,1023,1,30114,0,1,1,2,139,320,900,7528,21,7,0,0,0,0,123,0,0,0,0
4311,0,1023,1,30114,0,1,1,2,139,320,900,7528,21,7,0,0,0,0,123,0,0,0,0
4312,0,1023,1,30114,0,1,1,2,139,320,900,7528,21,7,0,0,0,0,123,0,0,0,0
4313,0,1023,1,30114,0,1,1,2,139,320,900,7528,21,7,0,0,0,0,123,0,0,0,0
4314,0,1023,1,30114,0,1,1,2,139,320,900,7528,21,7,0,0,0,0,123,0,0,0,0
4315,0,1023,1,30114,0,1,1,2,139,320,900,7528,21,7,0,0,0,0,123,0,0,0,0
4316,0,1023,1,30114,0,1,1,2,139,320,900,7528,21,7,0,0,0,0,123,0,0,0,0
4317,0,1023,1,30114,0,1,1,2,139,320,900,7528,21,7,0,0,0,0,123,0,0,0,0
4318,0,1023,1,30114,0,1,1,2,139,320,900,7528,21,7,0,0,0,0,123,0,0,0,0
4319,0,1023,1,30114,0,1,1,2,139,320,900,7528,21,7,0,0,0,0,123,0,0,0,0
4320,0,1023,1,30114,0,1,1,2,139,320,900,7528,21,7,0,0,0,0,123,0,0,0,0
4321,0,1023,1,30114,0,1,1,2,139,320,900,7528,21,7,0,0,0,0,123,0,0,0,0
4322,0,1023,1,30114,0,1,1,2,139,320,900,7528,21,7,0,0,0,0,123,0,0,0,0
4323,0,1023,1,30114,0,1,1,2,139,320,900,7528,21,7,0,0,0,0,123,0,0,0,0
4324,0,1023,1,30114,0,1,1,2,139,320,900,7528,21,7,0,0,0,0,123,0,0,0,0
4325,0,1023,1,30114,0,1,1,2,139,320,900,7528,21,7,0,0,0,0,123,0,0,0,0
4326,0,1023,1,30114,0,1,1,2,139,320,900,7528,21,7,0,0,0,0,123,0,0,0,0
4327,0,1023,1,30114,0,1,1,2,139,320,900,7528,21,7,0,0,0,0,123,0,0,0,0
4328,0,1023,1,30114,0,1,1,2,139,320,900,7528,21,7,0,0,0,0,123,0,0,0,0
4329,0,1023,1,30114,0,1,1,2,139,320,900,7528,21,7,0,0,0,0,123,0,0,0,0
4330,0,1023,1,30114,0,1,1,2,139,320,900,7528,21,7,0,0,0,0,123,0,0,0,0
4331,0,1023,1,30114,0,1,1,2,139,320,900,7528,21,7,0,0,0,0,123,0,0,0,0
4332,0,1023,1,30114,0,1,1,2,139,320,900,7528,21,7,0,0,0,0,123,0,0,0,0
4333,0,1023,1,30114,0,1,1,2,139,320,900,7528,21,7,0,0,0,0,123,0,0,0,0
4334,0,1023,1,30114,0,1,1,2,139,320,900,7528,21,7,0,0,0,0,123,0,0,0,0
4335,0,1023,1,30114,0,1,1,2,139,320,900,7528,21,7,0,0,0,0,123,0,0,0,0
4336,0,1023,1,30114,0,1,1,2,139,320,900,7528,21,7,0,0,0,0,123,0,0,0,0
4337,0,1023,1,30114,0,1,1,2,139,320,900,7528,21,7,0,0,0,0,123,0,0,0,0
4338,0,1023,1,30114,0,1,1,2,139,320,900,7528,21,7,0,0,0,0,123,0,0,0,0
4339,0,1023,1,30114,0,1,1,2,139,320,900,7528,21,7,0,0,0,0,123,0,0,0,0
4340,0,1023,1,30114,0,1,1,2,139,320,900,7528,21,7,0,0,0,0,123,0,0,0,0
4341,0,1023,1,30114,0,1,1,2,139,320,900,7528,21,7,0,0,0,0,123,0,0,0,0
4342,0,1023,1,30114,0,1,1,2,139,320,900,7528,21,7,0,0,0,0,123,0,0,0,0
4343,0,1023,1,30114,0,1,1,2,139,320,900,7528,21,7,0,0,0,0,123,0,0,0,0
4344,0,1023,1,30114,0,1,1,2,139,320,900,7528,21,7,0,0,0,0,123,0,0,0,0
4345,0,1023,1,30114,0,1,1,2,139,320,900,7528,21,7,0,0,0,0,123,0,0,0,0
4346,0,1023,1,30114,0,1,1,2,139,320,900,7528,21,7,0,0,0,0,123,0,0,0,0
4347,0,1023,1,30114,0,1,1,2,139,320,900,7528,21,7,0,0,0,0,123,0,0,0,0
4348,0,1023,1,30114,0,1,1,2,139,320,900,7528,21,7,0,0,0,0,123,0,0,0,0
4349,0,1023,1,30114,0,1,1,2,139,320,900,7528,21,7,0,0,0,0,123,0,0,0,0
4350,0,1023,1,30114,0,1,1,2,139,320,900,7528,21,7,0,0,0,0,123,0,0,0,0
4351,0,1023,1,30114,0,1,1,2,139,320,900,7528,21,7,0,0,0,0,123,0,0,0,0
4352,0,1023,1,30114,0,1,1,2,139,320,900,7528,21,7,0,0,0,0,123,0,0,0,0
4353,0,1023,1,30114,0,1,1,2,139,320,900,7528,21,7,0,0,0,0,123,0,0,0,0
4354,0,1023,1,30114,0,1,1,2,139,320,900,7528,21,7,0,0,0,0,123,0,0,0,0
4355,0,1023,1,30114,0,1,1,2,139,320,900,7528,21,7,0,0,0,0,123,0,0,0,0
4356,0,1023,1,30114,0,1,1,2,139,320,900,7528,21,7,0,0,0,0,123,0,0,0,0
4357,0,1023,1,30114,0,1,1,2,139,320,900,7528,21,7,0,0,0,0,123,0,0,0,0
4358,0,1023,1,30114,0,1,1,2,139,320,900,7528,21,7,0,0,0,0,123,0,0,0,0
4359,0,1023,1,30114,0,1,1,2,139,320,900,7528,21,7,0,0,0,0,123,0,0,0,0
4360,0,1023,1,30114,0,1,1,2,139,320,900,7528,21,7,0,0,0,0,123,0,0,0,0
4361,0,1023,1,30114,0,1,1,2,139,320,900,7528,21,7,0,0,0,0,123,0,0,0,0
4362,0,1023,1,30114,0,1,1,2,139,320,900,7528,21,7,0,0,0,0,123,0,0,0,0
4363,0,1023,1,30114,0,1,1,2,139,320,900,7528,21,7,0,0,0,0,123,0,0,0,0
4364,0,1023,1,30114,0,1,1,2,139,320,900,7528,21,7,0,0,0,0,123,0,0,0,0
4365,0,1023,1,30114,0,1,1,2,139,320,900,7528,21,7,0,0,0,0,123,0,0,0,0
4366,0,1023,1,30114,0,1,1,2,139,320,900,7528,21,7,0,0,0,0,123,0,0,0,0
4367,0,1023,1,30114,0,1,1,2,139,320,900,7528,21,7,0,0,0,0,123,0,0,0,0
4368,0,1023,1,30114,0,1,1,2,139,320,900,7528,21,7,0,0,0,0,123,0,0,0,0
4369,0,1023,1,30114,0,1,1,2,139,320,900,7528,21,7,0,0,0,0,123,0,0,0,0
4370,0,1023,1,30114,0,1,1,2,139,320,900,7528,21,7,0,0,0,0,123,0,0,0,0
4371,0,1023,1,30114,0,1,1,2,139,320,900,7528,21,7,0,0,0,0,123,0,0,0,0
4372,0,1023,1,30114,0,1,1,2,139,320,900,7528,21,7,0,0,0,0,123,0,0,0,0
4373,0,1023,1,30114,0,1,1,2,139,320,900,7528,21,7,0,0,0,0,123,0,0,0,0
4374,0,1023,1,30114,0,1,1,2,139,320,900,7528,21,7,0,0,0,0,123,0,0,0,0
4375,0,1023,1,30114,0,1,1,2,139,320,900,7528,21,7,0,0,0,0,123,0,0,0,0
4376,0,1023,1,30114,0,1,1,2,139,320,900,7528,21,7,0,0,0,0,123,0,0,0,0
4377,0,1023,1,30114,0,1,1,2,139,320,900,7528,21,7,0,0,0,0,123,0,0,0,0
4378,0,1023,1,30114,0,1,1,2,139,320,900,7528,21,7,0,0,0,0,123,0,0,0,0
4379,0,1023,1,30114,0,1,1,2,139,320,900,7528,21,7,0,0,0,0,123,0,0,0,0
4380,0,1023,1,30114,0,1,1,2,139,320,900,7528,21,7,0,0,0,0,123,0,0,0,0
4381,0,1023,1,30114,0,1,1,2,139,320,900,7528,21,7,0,0,0,0,123,0,0,0,0
4382,0,1023,1,30114,0,1,1,2,139,320,900,7528,21,7,0,0,0,0,123,0,0,0,0
4383,0,1023,1,30114,0,1,1,2,139,320,900,7528,21,7,0,0,0,0,123,0,0,0,0
4384,0,1023,1,30114,0,1,1,2,139,320,900,7528,21,7,0,0,0,0,123,0,0,0,0
4385,0,1023,1,30114,0,1,1,2,139,320,900,7528,21,7,0,0,0,0,123,0,0,0,0
4386,0,1023,1,30114,0,1,1,2,139,320,900,7528,21,7,0,0,0,0,123,0,0,0,0
4387,0,1023,1,30114,0,1,1,2,139,320,900,7528,21,7,0,0,0,0,123,0,0,0,0
4388,0,1023,1,30114,0,1,1,2,139,320,900,7528,21,7,0,0,0,0,123,0,0,0,0
4389,0,1023,1,30114,0,1,1,2,139,320,900,7528,21,7,0,0,0,0,123,0,0,0,0
4390,0,1023,1,30114,0,1,1,2,139,320,900,7528,21,7,0,0,0,0,123,0,0,0,0
4391,0,1023,1,30114,0,1,1,2,139,320,900,7528,21,7,0,0,0,0,123,0,0,0,0
4392,0,1023,1,30114,0,1,1,2,139,320,900,7528,21,7,0,0,0,0,123,0,0,0,0
4393,0,1023,1,30114,0,1,1,2,139,320,900,7528,21,7,0,0,0,0,123,0,0,0,0
4394,0,1023,1,30114,0,1,1,2,139,320,900,7528,21,7,0,0,0,0,123,0,0,0,0
4395,0,1023,1,30114,0,1,1,2,139,320,900,7528,21,7,0,0,0,0,123,0,0,0,0
4396,0,1023,1,30114,0,1,1,2,139,320,900,7528,21,7,0,0,0,0,123,0,0,0,0
4397,0,1023,1,30114,0,1,1,2,139,320,900,7528,21,7,0,0,0,0,123,0,0,0,0
4398,0,1023,1,30114,0,1,1,2,139,320,900,7528,21,7,0,0,0,0,123,0,0,0,0
4399,0,1023,1,30114,0,1,1,2,139,320,900,7528,21,7,0,0,0,0,123,0,0,0,0
4400,0,1023,1,30114,0,1,1,2,139,320,900,7528,21,7,0,0,0,0,123,0,0,0,0
4401,0,1023,1,30114,0,1,1,2,139,320,900,7528,21,7,0,0,0,0,123,0,0,0,0
4402,0,1023,1,30114,0,1,1,2,139,320,900,7528,21,7,0,0,0,0,123,0,0,0,0
4403,0,1023,1,30114,0,1,1,2,139,320,900,7528,21,7,0,0,0,0,123,0,0,0,0
4404,0,1023,1,30114,0,1,1,2,139,320,900,7528,21,7,0,0,0,0,123,0,0,0,0
4405,0,1023,1,30114,0,1,1,2,139,320,900,7528,21,7,0,0,0,0,123,0,0,0,0
4406,0,1023,1,30114,0,1,1,2,139,320,900,7528,21,7,0,0,0,0,123,0,0,0,0
4407,0,1023,1,30114,0,1,1,2,139,320,900,7528,21,7,0,0,0,0,123,0,0,0,0
4408,0,1023,1,30114,0,1,1,2,139,320,900,7528,21,7,0,0,0,0,123,0,0,0,0
4409,0,1023,1,30114,0,1,1,2,139,320,900,7528,21,7,0,0,0,0,123,0,0,0,0
4410,0,1023,1,30114,0,1,1,2,139,320,900,7528,21,7,0,0,0,0,123,0,0,0,0
4411,0,1023,1,30114,0,1,1,2,139,320,900,7528,21,7,0,0,0,0,123,0,0,0,0
4412,0,1023,1,30114,0,1,1,2,139,320,900,7528,21,7,0,0,0,0,123,0,0,0,0
4413,0,1023,1,30114,0,1,1,2,139,320,900,7528,21,7,0,0,0,0,123,0,0,0,0
4414,0,1023,1,30114,0,1,1,2,139,320,900,7528,21,7,0,0,0,0,123,0,0,0,0
4415,0,1023,1,30114,0,1,1,2,139,320,900,7528,21,7,0,0,0,0,123,0,0,0,0
4416,0,1023,1,30114,0,1,1,2,139,320,900,7528,21,7,0,0,0,0,123,0,0,0,0
4417,0,1023,1,30114,0,1,1,2,139,320,900,7528,21,7,0,0,0,0,123,0,0,0,0
4418,0,1023,1,30114,0,1,1,2,139,320,900,7528,21,7,0,0,0,0,123,0,0,0,0
4419,0,1023,1,30114,0,1,1,2,139,320,900,7528,21,7,0,0,0,0,123,0,0,0,0
4420,0,1023,1,30114,0,1,1,2,139,320,900,7528,21,7,0,0,0,0,123,0,0,0,0
4421,0,1023,1,30114,0,1,1,2,139,320,900,7528,21,7,0,0,0,0,123,0,0,0,0
4422,0,1023,1,30114,0,1,1,2,139,320,900,7528,21,7,0,0,0,0,123,0,0,0,0
4423,0,1023,1,30114,0,1,1,2,139,320,900,7528,21,7,0,0,0,0,123,0,0,0,0
4424,0,1023,1,30114,0,1,1,2,139,320,900,7528,21,7,0,0,0,0,123,0,0,0,0
4425,0,1023,1,30114,0,1,1,2,139,320,900,7528,21,7,0,0,0,0,123,0,0,0,0
4426,0,1023,1,30114,0,1,1,2,139,320,900,7528,21,7,0,0,0,0,123,0,0,0,0
4427,0,1023,1,30114,0,1,1,2,139,320,900,7528,21,7,0,0,0,0,123,0,0,0,0
4428,0,1023,1,30114,0,1,1,2,139,320,900,7528,21,7,0,0,0,0,123,0,0,0,0
4429,0,1023,1,30114,0,1,1,2,139,320,900,7528,21,7,0,0,0,0,123,0,0,0,0
4430,0,1023,1,30114,0,1,1,2,139,320,900,7528,21,7,0,0,0,0,123,0,0,0,0
4431,0,1023,1,30114,0,1,1,2,139,320,900,7528,21,7,0,0,0,0,123,0,0,0,0
4432,0,1023,1,30114,0,1,1,2,139,320,900,7528,21,7,0,0,0,0,123,0,0,0,0
4433,0,1023,1,30114,0,1,1,2,139,320,900,7528,21,7,0,0,0,0,123,0,0,0,0
4434,0,1023,1,30114,0,1,1,2,139,320,900,7528,21,7,0,0,0,0,123,0,0,0,0
4435,0,1023,1,30114,0,1,1,2,139,320,900,7528,21,7,0,0,0,0,123,0,0,0,0
4436,0,1023,1,30114,0,1,1,2,139,320,900,7528,21,7,0,0,0,0,123,0,0,0,0
4437,0,1023,1,30114,0,1,1,2,139,320,900,7528,21,7,0,0,0,0,123,0,0,0,0
4438,0,1023,1,30114,0,1,1,2,139,320,900,7528,21,7,0,0,0,0,123,0,0,0,0
4439,0,1023,1,30114,0,1,1,2,139,320,900,7528,21,7,0,0,0,0,123,0,0,0,0
4440,0,1023,1,30114,0,1,1,2,139,320,900,7528,21,7,0,0,0,0,123,0,0,0,0
4441,0,1023,1,30114,0,1,1,2,139,320,900,7528,21,7,0,0,0,0,123,0,0,0,0
4442,0,1023,1,30114,0,1,1,2,139,320,900,7528,21,7,0,0,0,0,123,0,0,0,0
4443,0,1023,1,30114,0,1,1,2,139,320,900,7528,21,7,0,0,0,0,123,0,0,0,0
4444,0,1023,1,30114,0,1,1,2,139,320,900,7528,21,7,0,0,0,0,123,0,0,0,0
4445,0,1023,1,30114,0,1,1,2,139,320,900,7528,21,7,0,0,0,0,123,0,0,0,0
4446,0,1023,1,30114,0,1,1,2,139,320,900,7528,21,7,0,0,0,0,123,0,0,0,0
4447,0,1023,1,30114,0,1,1,2,139,320,900,7528,21,7,0,0,0,0,123,0,0,0,0
4448,0,1023,1,30114,0,1,1,2,139,320,900,7528,21,7,0,0,0,0,123,0,0,0,0
4449,0,1023,1,30114,0,1,1,2,139,320,900,7528,21,7,0,0,0,0,123,0,0,0,0
4450,0,1023,1,30114,0,1,1,2,139,320,900,7528,21,7,0,0,0,0,123,0,0,0,0
4451,0,1023,1,30114,0,1,1,2,139,320,900,7528,21,7,0,0,0,0,123,0,0,0,0
4452,0,1023,1,30114,0,1,1,2,139,320,900,7528,21,7,0,0,0,0,123,0,0,0,0
4453,0,1023,1,30114,0,1,1,2,139,320,900,7528,21,7,0,0,0,0,123,0,0,0,0
4454,0,1023,1,30114,0,1,1,2,139,320,900,7528,21,7,0,0,0,0,123,0,0,0,0
4455,0,1023,1,30114,0,1,1,2,139,320,900,7528,21,7,0,0,0,0,123,0,0,0,0
4456,0,1023,1,30114,0,1,1,2,139,320,900,7528,21,7,0,0,0,0,123,0,0,0,0
4457,0,1023,1,30114,0,1,1,2,139,320,900,7528,21,7,0,0,0,0,123,0,0,0,0
4458,0,1023,1,30114,0,1,1,2,139,320,900,7528,21,7,0,0,0,0,123,0,0,0,0
4459,0,1023,1,30114,0,1,1,2,139,320,900,7528,21,7,0,0,0,0,123,0,0,0,0
4460,0,1023,1,30114,0,1,1,2,139,320,900,7528,21,7,0,0,0,0,123,0,0,0,0
4461,0,1023,1,30114,0,1,1,2,139,320,900,7528,21,7,0,0,0,0,123,0,0,0,0
4462,0,1023,1,30114,0,1,1,2,139,320,900,7528,21,7,0,0,0,0,123,0,0,0,0
4463,0,1023,1,30114,0,1,1,2,139,320,900,7528,21,7,0,0,0,0,123,0,0,0,0
4464,0,1023,1,30114,0,1,1,2,139,320,900,7528,21,7,0,0,0,0,123,0,0,0,0
4465,0,1023,1,30114,0,1,1,2,139,320,900,7528,21,7,0,0,0,0,123,0,0,0,0
4466,0,1023,1,30114,0,1,1,2,139,320,900,7528,21,7,0,0,0,0,123,0,0,0,0
4467,0,1023,1,30114,0,1,1,2,139,320,900,7528,21,7,0,0,0,0,123,0,0,0,0
4468,0,1023,1,30114,0,1,1,2,139,320,900,7528,21,7,0,0,0,0,123,0,0,0,0
4469,0,1023,1,30114,0,1,1,2,139,320,900,7528,21,7,0,0,0,0,123,0,0,0,0
4470,0,1023,1,30114,0,1,1,2,139,320,900,7528,21,7,0,0,0,0,123,0,0,0,0
4471,0,1023,1,30114,0,1,1,2,139,320,900,7528,21,7,0,0,0,0,123,0,0,0,0
4472,0,1023,1,30114,0,1,1,2,139,320,900,7528,21,7,0,0,0,0,123,0,0,0,0
4473,0,1023,1,30114,0,1,1,2,139,320,900,7528,21,7,0,0,0,0,123,0,0,0,0
4474,0,1023,1,30114,0,1,1,2,139,320,900,7528,21,7,0,0,0,0,123,0,0,0,0
4475,0,1023,1,30114,0,1,1,2,139,320,900,7528,21,7,0,0,0,0,123,0,0,0,0
4476,0,1023,1,30114,0,1,1,2,139,320,900,7528,21,7,0,0,0,0,123,0,0,0,0
4477,0,1023,1,30114,0,1,1,2,139,320,900,7528,21,7,0,0,0,0,123,0,0,0,0
4478,0,1023,1,30114,0,1,1,2,139,320,900,7528,21,7,0,0,0,0,123,0,0,0,0
4479,0,1023,1,30114,0,1,1,2,139,320,900,7528,21,7,0,0,0,0,123,0,0,0,0
4480,0,1023,1,30114,0,1,1,2,139,320,900,7528,21,7,0,0,0,0,123,0,0,0,0
4481,0,1023,1,30114,0,1,1,2,139,320,900,7528,21,7,0,0,0,0,123,0,0,0,0
4482,0,1023,1,30114,0,1,1,2,139,320,900,7528,21,7,0,0,0,0,123,0,0,0,0
4483,0,1023,1,30114,0,1,1,2,139,320,900,7528,21,7,0,0,0,0,123,0,0,0,0
4484,0,1023,1,30114,0,1,1,2,139,320,900,7528,21,7,0,0,0,0,123,0,0,0,0
4485,0,1023,1,30114,0,1,1,2,139,320,900,7528,21,7,0,0,0,0,123,0,0,0,0
4486,0,1023,1,30114,0,1,1,2,139,320,900,7528,21,7,0,0,0,0,123,0,0,0,0
4487,0,1023,1,30114,0,1,1,2,139,320,900,7528,21,7,0,0,0,0,123,0,0,0,0
4488,0,1023,1,30114,0,1,1,2,139,320,900,7528,21,7,0,0,0,0,123,0,0,0,0
4489,0,1023,1,30114,0,1,1,2,139,320,900,7528,21,7,0,0,0,0,123,0,0,0,0
4490,0,1023,1,30114,0,1,1,2,139,320,900,7528,21,7,0,0,0,0,123,0,0,0,0
4491,0,1023,1,30114,0,1,1,2,139,320,900,7528,21,7,0,0,0,0,123,0,0,0,0
4492,0,1023,1,30114,0,1,1,2,139,320,900,7528,21,7,0,0,0,0,123,0,0,0,0
4493,0,1023,1,30114,0,1,1,2,139,320,900,7528,21,7,0,0,0,0,123,0,0,0,0
4494,0,1023,1,30114,0,1,1,2,139,320,900,7528,21,7,0,0,0,0,123,0,0,0,0
4495,0,1023,1,30114,0,1,1,2,139,320,900,7528,21,7,0,0,0,0,123,0,0,0,0
4496,0,1023,1,30114,0,1,1,2,139,320,900,7528,21,7,0,0,0,0,123,0,0,0,0
4497,0,1023,1,30114,0,1,1,2,139,320,900,7528,21,7,0,0,0,0,123,0,0,0,0
4498,0,1023,1,30114,0,1,1,2,139,320,900,7528,21,7,0,0,0,0,123,0,0,0,0
4499,0,1023,1,30114,0,1,1,2,139,320,900,7528,21,7,0,0,0,0,123,0,0,0,0
4500,0,1023,1,30114,0,1,1,2,139,320,900,7528,21,7,0,0,0,0,123,0,0,0,0
4501,0,1023,1,30114,0,1,1,2,139,320,900,7528,21,7,0,0,0,0,123,0,0,0,0
4502,0,1023,1,30114,0,1,1,2,139,320,900,7528,21,7,0,0,0,0,123,0,0,0,0
4503,0,1023,1,30114,0,1,1,2,139,320,900,7528,21,7,0,0,0,0,123,0,0,0,0
4504,0,1023,1,30114,0,1,1,2,139,320,900,7528,21,7,0,0,0,0,123,0,0,0,0
4505,0,1023,1,30114,0,1,1,2,139,320,900,7528,21,7,0,0,0,0,123,0,0,0,0
4506,0,1023,1,30114,0,1,1,2,139,320,900,7528,21,7,0,0,0,0,123,0,0,0,0
4507,0,1023,1,30114,0,1,1,2,139,320,900,7528,21,7,0,0,0,0,123,0,0,0,0
4508,0,1023,1,30114,0,1,1,2,139,320,900,7528,21,7,0,0,0,0,123,0,0,0,0
4509,0,1023,1,30114,0,1,1,2,139,320,900,7528,21,7,0,0,0,0,123,0,0,0,0
4510,0,1023,1,30114,0,1,1,2,139,320,900,7528,21,7,0,0,0,0,123,0,0,0,0
4511,0,1023,1,30114,0,1,1,2,139,320,900,7528,21,7,0,0,0,0,123,0,0,0,0
4512,0,1023,1,30114,0,1,1,2,139,320,900,7528,21,7,0,0,0,0,123,0,0,0,0
4513,0,1023,1,30114,0,1,1,2,139,320,900,7528,21,7,0,0,0,0,123,0,0,0,0
4514,0,1023,1,30114,0,1,1,2,139,320,900,7528,21,7,0,0,0,0,123,0,0,0,0
4515,0,1023,1,30114,0,1,1,2,139,320,900,7528,21,7,0,0,0,0,123,0,0,0,0
4516,0,1023,1,30114,0,1,1,2,139,320,900,7528,21,7,0,0,0,0,123,0,0,0,0
4517,0,1023,1,30114,0,1,1,2,139,320,900,7528,21,7,0,0,0,0,123,0,0,0,0
4518,0,1023,1,30114,0,1,1,2,139,320,900,7528,21,7,0,0,0,0,123,0,0,0,0
4519,0,1023,1,30114,0,1,1,2,139,320,900,7528,21,7,0,0,0,0,123,0,0,0,0
4520,0,1023,1,30114,0,1,1,2,139,320,900,7528,21,7,0,0,0,0,123,0,0,0,0
4521,0,1023,1,30114,0,1,1,2,139,320,900,7528,21,7,0,0,0,0,123,0,0,0,0
4522,0,1023,1,30114,0,1,1,2,139,320,900,7528,21,7,0,0,0,0,123,0,0,0,0
4523,0,1023,1,30114,0,1,1,2,139,320,900,7528,21,7,0,0,0,0,123,0,0,0,0
4524,0,1023,1,30114,0,1,1,2,139,320,900,7528,21,7,0,0,0,0,123,0,0,0,0
4525,0,1023,1,30114,0,1,1,2,139,320,900,7528,21,7,0,0,0,0,123,0,0,0,0
4526,0,1023,1,30114,0,1,1,2,139,320,900,7528,21,7,0,0,0,0,123,0,0,0,0
4527,0,1023,1,30114,0,1,1,2,139,320,900,7528,21,7,0,0,0,0,123,0,0,0,0
4528,0,1023,1,30114,0,1,1,2,139,320,900,7528,21,7,0,0,0,0,123,0,0,0,0
4529,0,1023,1,30114,0,1,1,2,139,320,900,7528,21,7,0,0,0,0,123,0,0,0,0
4530,0,1023,1,30114,0,1,1,2,139,320,900,7528,21,7,0,0,0,0,123,0,0,0,0
4531,0,1023,1,30114,0,1,1,2,139,320,900,7528,21,7,0,0,0,0,123,0,0,0,0
4532,0,1023,1,30114,0,1,1,2,139,320,900,7528,21,7,0,0,0,0,123,0,0,0,0
4533,0,1023,1,30114,0,1,1,2,139,320,900,7528,21,7,0,0,0,0,123,0,0,0,0
4534,0,1023,1,30114,0,1,1,2,139,320,900,7528,21,7,0,0,0,0,123,0,0,0,0
4535,0,1023,1,30114,0,1,1,2,139,320,900,7528,21,7,0,0,0,0,123,0,0,0,0
4536,0,1023,1,30114,0,1,1,2,139,320,900,7528,21,7,0,0,0,0,123,0,0,0,0
4537,0,1023,1,30114,0,1,1,2,139,320,900,7528,21,7,0,0,0,0,123,0,0,0,0
4538,0,1023,1,30114,0,1,1,2,139,320,900,7528,21,7,0,0,0,0,123,0,0,0,0
4539,0,1023,1,30114,0,1,1,2,139,320,900,7528,21,7,0,0,0,0,123,0,0,0,0
4540,0,1023,1,30114,0,1,1,2,139,320,900,7528,21,7,0,0,0,0,123,0,0,0,0
4541,0,1023,1,30114,0,1,1,2,139,320,900,7528,21,7,0,0,0,0,123,0,0,0,0
4542,0,1023,1,30114,0,1,1,2,139,320,900,7528,21,7,0,0,0,0,123,0,0,0,0
4543,0,1023,1,30114,0,1,1,2,139,320,900,7528,21,7,0,0,0,0,123,0,0,0,0
4544,0,1023,1,30114,0,1,1,2,139,320,900,7528,21,7,0,0,0,0,123,0,0,0,0
4545,0,1023,1,30114,0,1,1,2,139,320,900,7528,21,7,0,0,0,0,123,0,0,0,0
4546,0,1023,1,30114,0,1,1,2,139,320,900,7528,21,7,0,0,0,0,123,0,0,0,0
4547,0,1023,1,30114,0,1,1,2,139,320,900,7528,21,7,0,0,0,0,123,0,0,0,0
4548,0,1023,1,30114,0,1,1,2,139,320,900,7528,21,7,0,0,0,0,123,0,0,0,0
4549,0,1023,1,30114,0,1,1,2,139,320,900,7528,21,7,0,0,0,0,123,0,0,0,0
4550,0,1023,1,30114,0,1,1,2,139,320,900,7528,21,7,0,0,0,0,123,0,0,0,0
4551,0,1023,1,30114,0,1,1,2,139,320,900,7528,21,7,0,0,0,0,123,0,0,0,0
4552,0,1023,1,30114,0,1,1,2,139,320,900,7528,21,7,0,0,0,0,123,0,0,0,0
4553,0,1023,1,30114,0,1,1,2,139,320,900,7528,21,7,0,0,0,0,123,0,0,0,0
4554,0,1023,1,30114,0,1,1,2,139,320,900,7528,21,7,0,0,0,0,123,0,0,0,0
4555,0,1023,1,30114,0,1,1,2,139,320,900,7528,21,7,0,0,0,0,123,0,0,0,0
4556,0,1023,1,30114,0,1,1,2,139,320,900,7528,21,7,0,0,0,0,123,0,0,0,0
4557,0,1023,1,30114,0,1,1,2,139,320,900,7528,21,7,0,0,0,0,123,0,0,0,0
4558,0,1023,1,30114,0,1,1,2,139,320,900,7528,21,7,0,0,0,0,123,0,0,0,0
4559,0,1023,1,30114,0,1,1,2,139,320,900,7528,21,7,0,0,0,0,123,0,0,0,0
4560,0,1023,1,30114,0,1,1,2,139,320,900,7528,21,7,0,0,0,0,123,0,0,0,0
4561,0,1023,1,30114,0,1,1,2,139,320,900,7528,21,7,0,0,0,0,123,0,0,0,0
4562,0,1023,1,30114,0,1,1,2,139,320,900,7528,21,7,0,0,0,0,123,0,0,0,0
4563,0,1023,1,30114,0,1,1,2,139,320,900,7528,21,7,0,0,0,0,123,0,0,0,0
4564,0,1023,1,30114,0,1,1,2,139,320,900,7528,21,7,0,0,0,0,123,0,0,0,0
4565,0,1023,1,30114,0,1,1,2,139,320,900,7528,21,7,0,0,0,0,123,0,0,0,0
4566,0,1023,1,30114,0,1,1,2,139,320,900,7528,21,7,0,0,0,0,123,0,0,0,0
4567,0,1023,1,30114,0,1,1,2,139,320,900,7528,21,7,0,0,0,0,123,0,0,0,0
4568,0,1023,1,30114,0,1,1,2,139,320,900,7528,21,7,0,0,0,0,123,0,0,0,0
4569,0,1023,1,30114,0,1,1,2,139,320,900,7528,21,7,0,0,0,0,123,0,0,0,0
4570,0,1023,1,30114,0,1,1,2,139,320,900,7528,21,7,0,0,0,0,123,0,0,0,0
4571,0,1023,1,30114,0,1,1,2,139,320,900,7528,21,7,0,0,0,0,123,0,0,0,0
4572,0,1023,1,30114,0,1,1,2,139,320,900,7528,21,7,0,0,0,0,123,0,0,0,0
4573,0,1023,1,30114,0,1,1,2,139,320,900,7528,21,7,0,0,0,0,123,0,0,0,0
4574,0,1023,1,30114,0,1,1,2,139,320,900,7528,21,7,0,0,0,0,123,0,0,0,0
4575,0,1023,1,30114,0,1,1,2,139,320,900,7528,21,7,0,0,0,0,123,0,0,0,0
4576,0,1023,1,30114,0,1,1,2,139,320,900,7528,21,7,0,0,0,0,123,0,0,0,0
4577,0,1023,1,30114,0,1,1,2,139,320,900,7528,21,7,0,0,0,0,123,0,0,0,0
4578,0,1023,1,30114,0,1,1,2,139,320,900,7528,21,7,0,0,0,0,123,0,0,0,0
4579,0,1023,1,30114,0,1,1,2,139,320,900,7528,21,7,0,0,0,0,123,0,0,0,0
4580,0,1023,1,30114,0,1,1,2,139,320,900,7528,21,7,0,0,0,0,123,0,0,0,0
4581,0,1023,1,30114,0,1,1,2,139,320,900,7528,21,7,0,0,0,0,123,0,0,0,0
4582,0,1023,1,30114,0,1,1,2,139,320,900,7528,21,7,0,0,0,0,123,0,0,0,0
4583,0,1023,1,30114,0,1,1,2,139,320,900,7528,21,7,0,0,0,0,123,0,0,0,0
4584,0,1023,1,30114,0,1,1,2,139,320,900,7528,21,7,0,0,0,0,123,0,0,0,0
4585,0,1023,1,30114,0,1,1,2,139,320,900,7528,21,7,0,0,0,0,123,0,0,0,0
4586,0,1023,1,30114,0,1,1,2,139,320,900,7528,21,7,0,0,0,0,123,0,0,0,0
4587,0,1023,1,30114,0,1,1,2,139,320,900,7528,21,7,0,0,0,0,123,0,0,0,0
4588,0,1023,1,30114,0,1,1,2,139,320,900,7528,21,7,0,0,0,0,123,0,0,0,0
4589,0,1023,1,30114,0,1,1,2,139,320,900,7528,21,7,0,0,0,0,123,0,0,0,0
4590,0,1023,1,30114,0,1,1,2,139,320,900,7528,21,7,0,0,0,0,123,0,0,0,0
4591,0,1023,1,30114,0,1,1,2,139,320,900,7528,21,7,0,0,0,0,123,0,0,0,0
4592,0,1023,1,30114,0,1,1,2,139,320,900,7528,21,7,0,0,0,0,123,0,0,0,0
4593,0,1023,1,30114,0,1,1,2,139,320,900,7528,21,7,0,0,0,0,123,0,0,0,0
4594,0,1023,1,30114,0,1,1,2,139,320,900,7528,21,7,0,0,0,0,123,0,0,0,0
4595,0,1023,1,30114,0,1,1,2,139,320,900,7528,21,7,0,0,0,0,123,0,0,0,0
4596,0,1023,1,30114,0,1,1,2,139,320,900,7528,21,7,0,0,0,0,123,0,0,0,0
4597,0,1023,1,30114,0,1,1,2,139,320,900,7528,21,7,0,0,0,0,123,0,0,0,0
4598,0,1023,1,30114,0,1,1,2,139,320,900,7528,21,7,0,0,0,0,123,0,0,0,0
4599,0,1023,1,30114,0,1,1,2,139,320,900,7528,21,7,0,0,0,0,123,0,0,0,0
4600,0,1023,1,30114,0,1,1,2,139,320,900,7528,21,7,0,0,0,0,123,0,0,0,0
4601,0,1023,1,30114,0,1,1,2,139,320,900,7528,21,7,0,0,0,0,123,0,0,0,0
4602,0,1023,1,30114,0,1,1,2,139,320,900,7528,21,7,0,0,0,0,123,0,0,0,0
4603,0,1023,1,30114,0,1,1,2,139,320,900,7528,21,7,0,0,0,0,123,0,0,0,0
4604,0,1023,1,30114,0,1,1,2,139,320,900,7528,21,7,0,0,0,0,123,0,0,0,0
4605,0,1023,1,30114,0,1,1,2,139,320,900,7528,21,7,0,0,0,0,123,0,0,0,0
4606,0,1023,1,30114,0,1,1,2,139,320,900,7528,21,7,0,0,0,0,123,0,0,0,0
4607,0,1023,1,30114,0,1,1,2,139,320,900,7528,21,7,0,0,0,0,123,0,0,0,0
4608,0,1023,1,30114,0,1,1,2,139,320,900,7528,21,7,0,0,0,0,123,0,0,0,0
4609,0,1023,1,30114,0,1,1,2,139,320,900,7528,21,7,0,0,0,0,123,0,0,0,0
4610,0,1023,1,30114,0,1,1,2,139,320,900,7528,21,7,0,0,0,0,123,0,0,0,0
4611,0,1023,1,30114,0,1,1,2,139,320,900,7528,21,7,0,0,0,0,123,0,0,0,0
4612,0,1023,1,30114,0,1,1,2,139,320,900,7528,21,7,0,0,0,0,123,0,0,0,0
4613,0,1023,1,30114,0,1,1,2,139,320,900,7528,21,7,0,0,0,0,123,0,0,0,0
4614,0,1023,1,30114,0,1,1,2,139,320,900,7528,21,7,0,0,0,0,123,0,0,0,0
4615,0,1023,1,30114,0,1,1,2,139,320,900,7528,21,7,0,0,0,0,123,0,0,0,0
4616,0,1023,1,30114,0,1,1,2,139,320,900,7528,21,7,0,0,0,0,123,0,0,0,0
4617,0,1023,1,30114,0,1,1,2,139,320,900,7528,21,7,0,0,0,0,123,0,0,0,0
4618,0,1023,1,30114,0,1,1,2,139,320,900,7528,21,7,0,0,0,0,123,0,0,0,0
4619,0,1023,1,30114,0,1,1,2,139,320,900,7528,21,7,0,0,0,0,123,0,0,0,0
4620,0,1023,1,30114,0,1,1,2,139,320,900,7528,21,7,0,0,0,0,123,0,0,0,0
4621,0,1023,1,30114,0,1,1,2,139,320,900,7528,21,7,0,0,0,0,123,0,0,0,0
4622,0,1023,1,30114,0,1,1,2,139,320,900,7528,21,7,0,0,0,0,123,0,0,0,0
4623,0,1023,1,30114,0,1,1,2,139,320,900,7528,21,7,0,0,0,0,123,0,0,0,0
4624,0,1023,1,30114,0,1,1,2,139,320,900,7528,21,7,0,0,0,0,123,0,0,0,0
4625,0,1023,1,30114,0,1,1,2,139,320,900,7528,21,7,0,0,0,0,123,0,0,0,0
4626,0,1023,1,30114,0,1,1,2,139,320,900,7528,21,7,0,0,0,0,123,0,0,0,0
4627,0,1023,1,30114,0,1,1,2,139,320,900,7528,21,7,0,0,0,0,123,0,0,0,0
4628,0,1023,1,30114,0,1,1,2,139,320,900,7528,21,7,0,0,0,0,123,0,0,0,0
4629,0,1023,1,30114,0,1,1,2,139,320,900,7528,21,7,0,0,0,0,123,0,0,0,0
4630,0,1023,1,30114,0,1,1,2,139,320,900,7528,21,7,0,0,0,0,123,0,0,0,0
4631,0,1023,1,30114,0,1,1,2,139,320,900,7528,21,7,0,0,0,0,123,0,0,0,0
4632,0,1023,1,30114,0,1,1,2,139,320,900,7528,21,7,0,0,0,0,123,0,0,0,0
4633,0,1023,1,30114,0,1,1,2,139,320,900,7528,21,7,0,0,0,0,123,0,0,0,0
4634,0,1023,1,30114,0,1,1,2,139,320,900,7528,21,7,0,0,0,0,123,0,0,0,0
4635,0,1023,1,30114,0,1,1,2,139,320,900,7528,21,7,0,0,0,0,123,0,0,0,0
4636,0,1023,1,30114,0,1,1,2,139,320,900,7528,21,7,0,0,0,0,123,0,0,0,0
4637,0,1023,1,30114,0,1,1,2,139,320,900,7528,21,7,0,0,0,0,123,0,0,0,0
4638,0,1023,1,30114,0,1,1,2,139,320,900,7528,21,7,0,0,0,0,123,0,0,0,0
4639,0,1023,1,30114,0,1,1,2,139,320,900,7528,21,7,0,0,0,0,123,0,0,0,0
4640,0,1023,1,30114,0,1,1,2,139,320,900,7528,21,7,0,0,0,0,123,0,0,0,0
4641,0,1023,1,30114,0,1,1,2,139,320,900,7528,21,7,0,0,0,0,123,0,0,0,0
4642,0,1023,1,30114,0,1,1,2,139,320,900,7528,21,7,0,0,0,0,123,0,0,0,0
4643,0,1023,1,30114,0,1,1,2,139,320,900,7528,21,7,0,0,0,0,123,0,0,0,0
4644,0,1023,1,30114,0,1,1,2,139,320,900,7528,21,7,0,0,0,0,123,0,0,0,0
4645,0,1023,1,30114,0,1,1,2,139,320,900,7528,21,7,0,0,0,0,123,0,0,0,0
4646,0,1023,1,30114,0,1,1,2,139,320,900,7528,21,7,0,0,0,0,123,0,0,0,0
4647,0,1023,1,30114,0,1,1,2,139,320,900,7528,21,7,0,0,0,0,123,0,0,0,0
4648,0,1023,1,30114,0,1,1,2,139,320,900,7528,21,7,0,0,0,0,123,0,0,0,0
4649,0,1023,1,30114,0,1,1,2,139,320,900,7528,21,7,0,0,0,0,123,0,0,0,0
4650,0,1023,1,30114,0,1,1,2,139,320,900,7528,21,7,0,0,0,0,123,0,0,0,0
4651,0,1023,1,30114,0,1,1,2,139,320,900,7528,21,7,0,0,0,0,123,0,0,0,0
4652,0,1023,1,30114,0,1,1,2,139,320,900,7528,21,7,0,0,0,0,123,0,0,0,0
4653,0,1023,1,30114,0,1,1,2,139,320,900,7528,21,7,0,0,0,0,123,0,0,0,0
4654,0,1023,1,30114,0,1,1,2,139,320,900,7528,21,7,0,0,0,0,123,0,0,0,0
4655,0,1023,1,30114,0,1,1,2,139,320,900,7528,21,7,0,0,0,0,123,0,0,0,0
4656,0,1023,1,30114,0,1,1,2,139,320,900,7528,21,7,0,0,0,0,123,0,0,0,0
4657,0,1023,1,30114,0,1,1,2,139,320,900,7528,21,7,0,0,0,0,123,0,0,0,0
4658,0,1023,1,30114,0,1,1,2,139,320,900,7528,21,7,0,0,0,0,123,0,0,0,0
4659,0,1023,1,30114,0,1,1,2,139,320,900,7528,21,7,0,0,0,0,123,0,0,0,0
4660,0,1023,1,30114,0,1,1,2,139,320,900,7528,21,7,0,0,0,0,123,0,0,0,0
4661,0,1023,1,30114,0,1,1,2,139,320,900,7528,21,7,0,0,0,0,123,0,0,0,0
4662,0,1023,1,30114,0,1,1,2,139,320,900,7528,21,7,0,0,0,0,123,0,0,0,0
4663,0,1023,1,30114,0,1,1,2,139,320,900,7528,21,7,0,0,0,0,123,0,0,0,0
4664,0,1023,1,30114,0,1,1,2,139,320,900,7528,21,7,0,0,0,0,123,0,0,0,0
4665,0,1023,1,30114,0,1,1,2,139,320,900,7528,21,7,0,0,0,0,123,0,0,0,0
4666,0,1023,1,30114,0,1,1,2,139,320,900,7528,21,7,0,0,0,0,123,0,0,0,0
4667,0,1023,1,30114,0,1,1,2,139,320,900,7528,21,7,0,0,0,0,123,0,0,0,0
4668,0,1023,1,30114,0,1,1,2,139,320,900,7528,21,7,0,0,0,0,123,0,0,0,0
4669,0,1023,1,30114,0,1,1,2,139,320,900,7528,21,7,0,0,0,0,123,0,0,0,0
4670,0,1023,1,30114,0,1,1,2,139,320,900,7528,21,7,0,0,0,0,123,0,0,0,0
4671,0,1023,1,30114,0,1,1,2,139,320,900,7528,21,7,0,0,0,0,123,0,0,0,0
4672,0,1023,1,30114,0,1,1,2,139,320,900,7528,21,7,0,0,0,0,123,0,0,0,0
4673,0,1023,1,30114,0,1,1,2,139,320,900,7528,21,7,0,0,0,0,123,0,0,0,0
4674,0,1023,1,30114,0,1,1,2,139,320,900,7528,21,7,0,0,0,0,123,0,0,0,0
4675,0,1023,1,30114,0,1,1,2,139,320,900,7528,21,7,0,0,0,0,123,0,0,0,0
4676,0,1023,1,30114,0,1,1,2,139,320,900,7528,21,7,0,0,0,0,123,0,0,0,0
4677,0,1023,1,30114,0,1,1,2,139,320,900,7528,21,7,0,0,0,0,123,0,0,0,0
4678,0,1023,1,30114,0,1,1,2,139,320,900,7528,21,7,0,0,0,0,123,0,0,0,0
4679,0,1023,1,30114,0,1,1,2,139,320,900,7528,21,7,0,0,0,0,123,0,0,0,0
4680,0,1023,1,30114,0,1,1,2,139,320,900,7528,21,7,0,0,0,0,123,0,0,0,0
4681,0,1023,1,30114,0,1,1,2,139,320,900,7528,21,7,0,0,0,0,123,0,0,0,0
4682,0,1023,1,30114,0,1,1,2,139,320,900,7528,21,7,0,0,0,0,123,0,0,0,0
4683,0,1023,1,30114,0,1,1,2,139,320,900,7528,21,7,0,0,0,0,123,0,0,0,0
4684,0,1023,1,30114,0,1,1,2,139,320,900,7528,21,7,0,0,0,0,123,0,0,0,0
4685,0,1023,1,30114,0,1,1,2,139,320,900,7528,21,7,0,0,0,0,123,0,0,0,0
4686,0,1023,1,30114,0,1,1,2,139,320,900,7528,21,7,0,0,0,0,123,0,0,0,0
4687,0,1023,1,30114,0,1,1,2,139,320,900,7528,21,7,0,0,0,0,123,0,0,0,0
4688,0,1023,1,30114,0,1,1,2,139,320,900,7528,21,7,0,0,0,0,123,0,0,0,0
4689,0,1023,1,30114,0,1,1,2,139,320,900,7528,21,7,0,0,0,0,123,0,0,0,0
4690,0,1023,1,30114,0,1,1,2,139,320,900,7528,21,7,0,0,0,0,123,0,0,0,0
4691,0,1023,1,30114,0,1,1,2,139,320,900,7528,21,7,0,0,0,0,123,0,0,0,0
4692,0,1023,1,30114,0,1,1,2,139,320,900,7528,21,7,0,0,0,0,123,0,0,0,0
4693,0,1023,1,30114,0,1,1,2,139,320,900,7528,21,7,0,0,0,0,123,0,0,0,0
4694,0,1023,1,30114,0,1,1,2,139,320,900,7528,21,7,0,0,0,0,123,0,0,0,0
4695,0,1023,1,30114,0,1,1,2,139,320,900,7528,21,7,0,0,0,0,123,0,0,0,0
4696,0,1023,1,30114,0,1,1,2,139,320,900,7528,21,7,0,0,0,0,123,0,0,0,0
4697,0,1023,1,30114,0,1,1,2,139,320,900,7528,21,7,0,0,0,0,123,0,0,0,0
4698,0,1023,1,30114,0,1,1,2,139,320,900,7528,21,7,0,0,0,0,123,0,0,0,0
4699,0,1023,1,30114,0,1,1,2,139,320,900,7528,21,7,0,0,0,0,123,0,0,0,0
4700,0,1023,1,30114,0,1,1,2,139,320,900,7528,21,7,0,0,0,0,123,0,0,0,0
4701,0,1023,1,30114,0,1,1,2,139,320,900,7528,21,7,0,0,0,0,123,0,0,0,0
4702,0,1023,1,30114,0,1,1,2,139,320,900,7528,21,7,0,0,0,0,123,0,0,0,0
4703,0,1023,1,30114,0,1,1,2,139,320,900,7528,21,7,0,0,0,0,123,0,0,0,0
4704,0,1023,1,30114,0,1,1,2,139,320,900,7528,21,7,0,0,0,0,123,0,0,0,0
4705,0,1023,1,30114,0,1,1,2,139,320,900,7528,21,7,0,0,0,0,123,0,0,0,0
4706,0,1023,1,30114,0,1,1,2,139,320,900,7528,21,7,0,0,0,0,123,0,0,0,0
4707,0,1023,1,30114,0,1,1,2,139,320,900,7528,21,7,0,0,0,0,123,0,0,0,0
4708,0,1023,1,30114,0,1,1,2,139,320,900,7528,21,7,0,0,0,0,123,0,0,0,0
4709,0,1023,1,30114,0,1,1,2,139,320,900,7528,21,7,0,0,0,0,123,0,0,0,0
4710,0,1023,1,30114,0,1,1,2,139,320,900,7528,21,7,0,0,0,0,123,0,0,0,0
4711,0,1023,1,30114,0,1,1,2,139,320,900,7528,21,7,0,0,0,0,123,0,0,0,0
4712,0,1023,1,30114,0,1,1,2,139,320,900,7528,21,7,0,0,0,0,123,0,0,0,0
4713,0,1023,1,30114,0,1,1,2,139,320,900,7528,21,7,0,0,0,0,123,0,0,0,0
4714,0,1023,1,30114,0,1,1,2,139,320,900,7528,21,7,0,0,0,0,123,0,0,0,0
4715,0,1023,1,30114,0,1,1,2,139,320,900,7528,21,7,0,0,0,0,123,0,0,0,0
4716,0,1023,1,30114,0,1,1,2,139,320,900,7528,21,7,0,0,0,0,123,0,0,0,0
4717,0,1023,1,30114,0,1,1,2,139,320,900,7528,21,7,0,0,0,0,123,0,0,0,0
4718,0,1023,1,30114,0,1,1,2,139,320,900,7528,21,7,0,0,0,0,123,0,0,0,0
4719,0,1023,1,30114,0,1,1,2,139,320,900,7528,21,7,0,0,0,0,123,0,0,0,0
4720,0,1023,1,30114,0,1,1,2,139,320,900,7528,21,7,0,0,0,0,123,0,0,0,0
4721,0,1023,1,30114,0,1,1,2,139,320,900,7528,21,7,0,0,0,0,123,0,0,0,0
4722,0,1023,1,30114,0,1,1,2,139,320,900,7528,21,7,0,0,0,0,123,0,0,0,0
4723,0,1023,1,30114,0,1,1,2,139,320,900,7528,21,7,0,0,0,0,123,0,0,0,0
4724,0,1023,1,30114,0,1,1,2,139,320,900,7528,21,7,0,0,0,0,123,0,0,0,0
4725,0,1023,1,30114,0,1,1,2,139,320,900,7528,21,7,0,0,0,0,123,0,0,0,0
4726,0,1023,1,30114,0,1,1,2,139,320,900,7528,21,7,0,0,0,0,123,0,0,0,0
4727,0,1023,1,30114,0,1,1,2,139,320,900,7528,21,7,0,0,0,0,123,0,0,0,0
4728,0,1023,1,30114,0,1,1,2,139,320,900,7528,21,7,0,0,0,0,123,0,0,0,0
4729,0,1023,1,30114,0,1,1,2,139,320,900,7528,21,7,0,0,0,0,123,0,0,0,0
4730,0,1023,1,30114,0,1,1,2,139,320,900,7528,21,7,0,0,0,0,123,0,0,0,0
4731,0,1023,1,30114,0,1,1,2,139,320,900,7528,21,7,0,0,0,0,123,0,0,0,0
4732,0,1023,1,30114,0,1,1,2,139,320,900,7528,21,7,0,0,0,0,123,0,0,0,0
4733,0,1023,1,30114,0,1,1,2,139,320,900,7528,21,7,0,0,0,0,123,0,0,0,0
4734,0,1023,1,30114,0,1,1,2,139,320,900,7528,21,7,0,0,0,0,123,0,0,0,0
4735,0,1023,1,30114,0,1,1,2,139,320,900,7528,21,7,0,0,0,0,123,0,0,0,0
4736,0,1023,1,30114,0,1,1,2,139,320,900,7528,21,7,0,0,0,0,123,0,0,0,0
4737,0,1023,1,30114,0,1,1,2,139,320,900,7528,21,7,0,0,0,0,123,0,0,0,0
4738,0,1023,1,30114,0,1,1,2,139,320,900,7528,21,7,0,0,0,0,123,0,0,0,0
4739,0,1023,1,30114,0,1,1,2,139,320,900,7528,21,7,0,0,0,0,123,0,0,0,0
4740,0,1023,1,30114,0,1,1,2,139,320,900,7528,21,7,0,0,0,0,123,0,0,0,0
4741,0,1023,1,30114,0,1,1,2,139,320,900,7528,21,7,0,0,0,0,123,0,0,0,0
4742,0,1023,1,30114,0,1,1,2,139,320,900,7528,21,7,0,0,0,0,123,0,0,0,0
4743,0,1023,1,30114,0,1,1,2,139,320,900,7528,21,7,0,0,0,0,123,0,0,0,0
4744,0,1023,1,30114,0,1,1,2,139,320,900,7528,21,7,0,0,0,0,123,0,0,0,0
4745,0,1023,1,30114,0,1,1,2,139,320,900,7528,21,7,0,0,0,0,123,0,0,0,0
4746,0,1023,1,30114,0,1,1,2,139,320,900,7528,21,7,0,0,0,0,123,0,0,0,0
4747,0,1023,1,30114,0,1,1,2,139,320,900,7528,21,7,0,0,0,0,123,0,0,0,0
4748,0,1023,1,30114,0,1,1,2,139,320,900,7528,21,7,0,0,0,0,123,0,0,0,0
4749,0,1023,1,30114,0,1,1,2,139,320,900,7528,21,7,0,0,0,0,123,0,0,0,0
4750,0,1023,1,30114,0,1,1,2,139,320,900,7528,21,7,0,0,0,0,123,0,0,0,0
4751,0,1023,1,30114,0,1,1,2,139,320,900,7528,21,7,0,0,0,0,123,0,0,0,0
4752,0,1023,1,30114,0,1,1,2,139,320,900,7528,21,7,0,0,0,0,123,0,0,0,0
4753,0,1023,1,30114,0,1,1,2,139,320,900,7528,21,7,0,0,0,0,123,0,0,0,0
4754,0,1023,1,30114,0,1,1,2,139,320,900,7528,21,7,0,0,0,0,123,0,0,0,0
4755,0,1023,1,30114,0,1,1,2,139,320,900,7528,21,7,0,0,0,0,123,0,0,0,0
4756,0,1023,1,30114,0,1,1,2,139,320,900,7528,21,7,0,0,0,0,123,0,0,0,0
4757,0,1023,1,30114,0,1,1,2,139,320,900,7528,21,7,0,0,0,0,123,0,0,0,0
4758,0,1023,1,30114,0,1,1,2,139,320,900,7528,21,7,0,0,0,0,123,0,0,0,0
4759,0,1023,1,30114,0,1,1,2,139,320,900,7528,21,7,0,0,0,0,123,0,0,0,0
4760,0,1023,1,30114,0,1,1,2,139,320,900,7528,21,7,0,0,0,0,123,0,0,0,0
4761,0,1023,1,30114,0,1,1,2,139,320,900,7528,21,7,0,0,0,0,123,0,0,0,0
4762,0,1023,1,30114,0,1,1,2,139,320,900,7528,21,7,0,0,0,0,123,0,0,0,0
4763,0,1023,1,30114,0,1,1,2,139,320,900,7528,21,7,0,0,0,0,123,0,0,0,0
4764,0,1023,1,30114,0,1,1,2,139,320,900,7528,21,7,0,0,0,0,123,0,0,0,0
4765,0,1023,1,30114,0,1,1,2,139,320,900,7528,21,7,0,0,0,0,123,0,0,0,0
4766,0,1023,1,30114,0,1,1,2,139,320,900,7528,21,7,0,0,0,0,123,0,0,0,0
4767,0,1023,1,30114,0,1,1,2,139,320,900,7528,21,7,0,0,0,0,123,0,0,0,0
4768,0,1023,1,30114,0,1,1,2,139,320,900,7528,21,7,0,0,0,0,123,0,0,0,0
4769,0,1023,1,30114,0,1,1,2,139,320,900,7528,21,7,0,0,0,0,123,0,0,0,0
4770,0,1023,1,30114,0,1,1,2,139,320,900,7528,21,7,0,0,0,0,123,0,0,0,0
4771,0,1023,1,30114,0,1,1,2,139,320,900,7528,21,7,0,0,0,0,123,0,0,0,0
4772,0,1023,1,30114,0,1,1,2,139,320,900,7528,21,7,0,0,0,0,123,0,0,0,0
4773,0,1023,1,30114,0,1,1,2,139,320,900,7528,21,7,0,0,0,0,123,0,0,0,0
4774,0,1023,1,30114,0,1,1,2,139,320,900,7528,21,7,0,0,0,0,123,0,0,0,0
4775,0,1023,1,30114,0,1,1,2,139,320,900,7528,21,7,0,0,0,0,123,0,0,0,0
4776,0,1023,1,30114,0,1,1,2,139,320,900,7528,21,7,0,0,0,0,123,0,0,0,0
4777,0,1023,1,30114,0,1,1,2,139,320,900,7528,21,7,0,0,0,0,123,0,0,0,0
4778,0,1023,1,30114,0,1,1,2,139,320,900,7528,21,7,0,0,0,0,123,0,0,0,0
4779,0,1023,1,30114,0,1,1,2,139,320,900,7528,21,7,0,0,0,0,123,0,0,0,0
4780,0,1023,1,30114,0,1,1,2,139,320,900,7528,21,7,0,0,0,0,123,0,0,0,0
4781,0,1023,1,30114,0,1,1,2,139,320,900,7528,21,7,0,0,0,0,123,0,0,0,0
4782,0,1023,1,30114,0,1,1,2,139,320,900,7528,21,7,0,0,0,0,123,0,0,0,0
4783,0,1023,1,30114,0,1,1,2,139,320,900,7528,21,7,0,0,0,0,123,0,0,0,0
4784,0,1023,1,30114,0,1,1,2,139,320,900,7528,21,7,0,0,0,0,123,0,0,0,0
4785,0,1023,1,30114,0,1,1,2,139,320,900,7528,21,7,0,0,0,0,123,0,0,0,0
4786,0,1023,1,30114,0,1,1,2,139,320,900,7528,21,7,0,0,0,0,123,0,0,0,0
4787,0,1023,1,30114,0,1,1,2,139,320,900,7528,21,7,0,0,0,0,123,0,0,0,0
4788,0,1023,1,30114,0,1,1,2,139,320,900,7528,21,7,0,0,0,0,123,0,0,0,0
4789,0,1023,1,30114,0,1,1,2,139,320,900,7528,21,7,0,0,0,0,123,0,0,0,0
4790,0,1023,1,30114,0,1,1,2,139,320,900,7528,21,7,0,0,0,0,123,0,0,0,0
4791,0,1023,1,30114,0,1,1,2,139,320,900,7528,21,7,0,0,0,0,123,0,0,0,0
4792,0,1023,1,30114,0,1,1,2,139,320,900,7528,21,7,0,0,0,0,123,0,0,0,0
4793,0,1023,1,30114,0,1,1,2,139,320,900,7528,21,7,0,0,0,0,123,0,0,0,0
4794,0,1023,1,30114,0,1,1,2,139,320,900,7528,21,7,0,0,0,0,123,0,0,0,0
4795,0,1023,1,30114,0,1,1,2,139,320,900,7528,21,7,0,0,0,0,123,0,0,0,0
4796,0,1023,1,30114,0,1,1,2,139,320,900,7528,21,7,0,0,0,0,123,0,0,0,0
4797,0,1023,1,30114,0,1,1,2,139,320,900,7528,21,7,0,0,0,0,123,0,0,0,0
4798,0,1023,1,30114,0,1,1,2,139,320,900,7528,21,7,0,0,0,0,123,0,0,0,0
4799,0,1023,1,30114,0,1,1,2,139,320,900,7528,21,7,0,0,0,0,123,0,0,0,0
4800,0,1023,1,30114,0,1,1,2,139,320,900,7528,21,7,0,0,0,0,123,0,0,0,0
4801,0,1023,1,30114,0,1,1,2,139,320,900,7528,21,7,0,0,0,0,123,0,0,0,0
4802,0,1023,1,30114,0,1,1,2,139,320,900,7528,21,7,0,0,0,0,123,0,0,0,0
4803,0,1023,1,30114,0,1,1,2,139,320,900,7528,21,7,0,0,0,0,123,0,0,0,0
4804,0,1023,1,30114,0,1,1,2,139,320,900,7528,21,7,0,0,0,0,123,0,0,0,0
4805,0,1023,1,30114,0,1,1,2,139,320,900,7528,21,7,0,0,0,0,123,0,0,0,0
4806,0,1023,1,30114,0,1,1,2,139,320,900,7528,21,7,0,0,0,0,123,0,0,0,0
4807,0,1023,1,30114,0,1,1,2,139,320,900,7528,21,7,0,0,0,0,123,0,0,0,0
4808,0,1023,1,30114,0,1,1,2,139,320,900,7528,21,7,0,0,0,0,123,0,0,0,0
4809,0,1023,1,30114,0,1,1,2,139,320,900,7528,21,7,0,0,0,0,123,0,0,0,0
4810,0,1023,1,30114,0,1,1,2,139,320,900,7528,21,7,0,0,0,0,123,0,0,0,0
4811,0,1023,1,30114,0,1,1,2,139,320,900,7528,21,7,0,0,0,0,123,0,0,0,0
4812,0,1023,1,30114,0,1,1,2,139,320,900,7528,21,7,0,0,0,0,123,0,0,0,0
4813,0,1023,1,30114,0,1,1,2,139,320,900,7528,21,7,0,0,0,0,123,0,0,0,0
4814,0,1023,1,30114,0,1,1,2,139,320,900,7528,21,7,0,0,0,0,123,0,0,0,0
4815,0,1023,1,30114,0,1,1,2,139,320,900,7528,21,7,0,0,0,0,123,0,0,0,0
4816,0,1023,1,30114,0,1,1,2,139,320,900,7528,21,7,0,0,0,0,123,0,0,0,0
4817,0,1023,1,30114,0,1,1,2,139,320,900,7528,21,7,0,0,0,0,123,0,0,0,0
4818,0,1023,1,30114,0,1,1,2,139,320,900,7528,21,7,0,0,0,0,123,0,0,0,0
4819,0,1023,1,30114,0,1,1,2,139,320,900,7528,21,7,0,0,0,0,123,0,0,0,0
4820,0,1023,1,30114,0,1,1,2,139,320,900,7528,21,7,0,0,0,0,123,0,0,0,0
4821,0,1023,1,30114,0,1,1,2,139,320,900,7528,21,7,0,0,0,0,123,0,0,0,0
4822,0,1023,1,30114,0,1,1,2,139,320,900,7528,21,7,0,0,0,0,123,0,0,0,0
4823,0,1023,1,30114,0,1,1,2,139,320,900,7528,21,7,0,0,0,0,123,0,0,0,0
4824,0,1023,1,30114,0,1,1,2,139,320,900,7528,21,7,0,0,0,0,123,0,0,0,0
4825,0,1023,1,30114,0,1,1,2,139,320,900,7528,21,7,0,0,0,0,123,0,0,0,0
4826,0,1023,1,30114,0,1,1,2,139,320,900,7528,21,7,0,0,0,0,123,0,0,0,0
4827,0,1023,1,30114,0,1,1,2,139,320,900,7528,21,7,0,0,0,0,123,0,0,0,0
4828,0,1023,1,30114,0,1,1,2,139,320,900,7528,21,7,0,0,0,0,123,0,0,0,0
4829,0,1023,1,30114,0,1,1,2,139,320,900,7528,21,7,0,0,0,0,123,0,0,0,0
4830,0,1023,1,30114,0,1,1,2,139,320,900,7528,21,7,0,0,0,0,123,0,0,0,0
4831,0,1023,1,30114,0,1,1,2,139,320,900,7528,21,7,0,0,0,0,123,0,0,0,0
4832,0,1023,1,30114,0,1,1,2,139,320,900,7528,21,7,0,0,0,0,123,0,0,0,0
4833,0,1023,1,30114,0,1,1,2,139,320,900,7528,21,7,0,0,0,0,123,0,0,0,0
4834,0,1023,1,30114,0,1,1,2,139,320,900,7528,21,7,0,0,0,0,123,0,0,0,0
4835,0,1023,1,30114,0,1,1,2,139,320,900,7528,21,7,0,0,0,0,123,0,0,0,0
4836,0,1023,1,30114,0,1,1,2,139,320,900,7528,21,7,0,0,0,0,123,0,0,0,0
4837,0,1023,1,30114,0,1,1,2,139,320,900,7528,21,7,0,0,0,0,123,0,0,0,0
4838,0,1023,1,30114,0,1,1,2,139,320,900,7528,21,7,0,0,0,0,123,0,0,0,0
4839,0,1023,1,30114,0,1,1,2,139,320,900,7528,21,7,0,0,0,0,123,0,0,0,0
4840,0,1023,1,30114,0,1,1,2,139,320,900,7528,21,7,0,0,0,0,123,0,0,0,0
4841,0,1023,1,30114,0,1,1,2,139,320,900,7528,21,7,0,0,0,0,123,0,0,0,0
4842,0,1023,1,30114,0,1,1,2,139,320,900,7528,21,7,0,0,0,0,123,0,0,0,0
4843,0,1023,1,30114,0,1,1,2,139,320,900,7528,21,7,0,0,0,0,123,0,0,0,0
4844,0,1023,1,30114,0,1,1,2,139,320,900,7528,21,7,0,0,0,0,123,0,0,0,0
4845,0,1023,1,30114,0,1,1,2,139,320,900,7528,21,7,0,0,0,0,123,0,0,0,0
4846,0,1023,1,30114,0,1,1,2,139,320,900,7528,21,7,0,0,0,0,123,0,0,0,0
4847,0,1023,1,30114,0,1,1,2,139,320,900,7528,21,7,0,0,0,0,123,0,0,0,0
4848,0,1023,1,30114,0,1,1,2,139,320,900,7528,21,7,0,0,0,0,123,0,0,0,0
4849,0,1023,1,30114,0,1,1,2,139,320,900,7528,21,7,0,0,0,0,123,0,0,0,0
4850,0,1023,1,30114,0,1,1,2,139,320,900,7528,21,7,0,0,0,0,123,0,0,0,0
4851,0,1023,1,30114,0,1,1,2,139,320,900,7528,21,7,0,0,0,0,123,0,0,0,0
4852,0,1023,1,30114,0,1,1,2,139,320,900,7528,21,7,0,0,0,0,123,0,0,0,0
4853,0,1023,1,30114,0,1,1,2,139,320,900,7528,21,7,0,0,0,0,123,0,0,0,0
4854,0,1023,1,30114,0,1,1,2,139,320,900,7528,21,7,0,0,0,0,123,0,0,0,0
4855,0,1023,1,30114,0,1,1,2,139,320,900,7528,21,7,0,0,0,0,123,0,0,0,0
4856,0,1023,1,30114,0,1,1,2,139,320,900,7528,21,7,0,0,0,0,123,0,0,0,0
4857,0,1023,1,30114,0,1,1,2,139,320,900,7528,21,7,0,0,0,0,123,0,0,0,0
4858,0,1023,1,30114,0,1,1,2,139,320,900,7528,21,7,0,0,0,0,123,0,0,0,0
4859,0,1023,1,30114,0,1,1,2,139,320,900,7528,21,7,0,0,0,0,123,0,0,0,0
4860,0,1023,1,30114,0,1,1,2,139,320,900,7528,21,7,0,0,0,0,123,0,0,0,0
4861,0,1023,1,30114,0,1,1,2,139,320,900,7528,21,7,0,0,0,0,123,0,0,0,0
4862,0,1023,1,30114,0,1,1,2,139,320,900,7528,21,7,0,0,0,0,123,0,0,0,0
4863,0,1023,1,30114,0,1,1,2,139,320,900,7528,21,7,0,0,0,0,123,0,0,0,0
4864,0,1023,1,30114,0,1,1,2,139,320,900,7528,21,7,0,0,0,0,123,0,0,0,0
4865,0,1023,1,30114,0,1,1,2,139,320,900,7528,21,7,0,0,0,0,123,0,0,0,0
4866,0,1023,1,30114,0,1,1,2,139,320,900,7528,21,7,0,0,0,0,123,0,0,0,0
4867,0,1023,1,30114,0,1,1,2,139,320,900,7528,21,7,0,0,0,0,123,0,0,0,0
4868,0,1023,1,30114,0,1,1,2,139,320,900,7528,21,7,0,0,0,0,123,0,0,0,0
4869,0,1023,1,30114,0,1,1,2,139,320,900,7528,21,7,0,0,0,0,123,0,0,0,0
4870,0,1023,1,30114,0,1,1,2,139,320,900,7528,21,7,0,0,0,0,123,0,0,0,0
4871,0,1023,1,30114,0,1,1,2,139,320,900,7528,21,7,0,0,0,0,123,0,0,0,0
4872,0,1023,1,30114,0,1,1,2,139,320,900,7528,21,7,0,0,0,0,123,0,0,0,0
4873,0,1023,1,30114,0,1,1,2,139,320,900,7528,21,7,0,0,0,0,123,0,0,0,0
4874,0,1023,1,30114,0,1,1,2,139,320,900,7528,21,7,0,0,0,0,123,0,0,0,0
4875,0,1023,1,30114,0,1,1,2,139,320,900,7528,21,7,0,0,0,0,123,0,0,0,0
4876,0,1023,1,30114,0,1,1,2,139,320,900,7528,21,7,0,0,0,0,123,0,0,0,0
4877,0,1023,1,30114,0,1,1,2,139,320,900,7528,21,7,0,0,0,0,123,0,0,0,0
4878,0,1023,1,30114,0,1,1,2,139,320,900,7528,21,7,0,0,0,0,123,0,0,0,0
4879,0,1023,1,30114,0,1,1,2,139,320,900,7528,21,7,0,0,0,0,123,0,0,0,0
4880,0,1023,1,30114,0,1,1,2,139,320,900,7528,21,7,0,0,0,0,123,0,0,0,0
4881,0,1023,1,30114,0,1,1,2,139,320,900,7528,21,7,0,0,0,0,123,0,0,0,0
4882,0,1023,1,30114,0,1,1,2,139,320,900,7528,21,7,0,0,0,0,123,0,0,0,0
4883,0,1023,1,30114,0,1,1,2,139,320,900,7528,21,7,0,0,0,0,123,0,0,0,0
4884,0,1023,1,30114,0,1,1,2,139,320,900,7528,21,7,0,0,0,0,123,0,0,0,0
4885,0,1023,1,30114,0,1,1,2,139,320,900,7528,21,7,0,0,0,0,123,0,0,0,0
4886,0,1023,1,30114,0,1,1,2,139,320,900,7528,21,7,0,0,0,0,123,0,0,0,0
4887,0,1023,1,30114,0,1,1,2,139,320,900,7528,21,7,0,0,0,0,123,0,0,0,0
4888,0,1023,1,30114,0,1,1,2,139,320,900,7528,21,7,0,0,0,0,123,0,0,0,0
4889,0,1023,1,30114,0,1,1,2,139,320,900,7528,21,7,0,0,0,0,123,0,0,0,0
4890,0,1023,1,30114,0,1,1,2,139,320,900,7528,21,7,0,0,0,0,123,0,0,0,0
4891,0,1023,1,30114,0,1,1,2,139,320,900,7528,21,7,0,0,0,0,123,0,0,0,0
4892,0,1023,1,30114,0,1,1,2,139,320,900,7528,21,7,0,0,0,0,123,0,0,0,0
4893,0,1023,1,30114,0,1,1,2,139,320,900,7528,21,7,0,0,0,0,123,0,0,0,0
4894,0,1023,1,30114,0,1,1,2,139,320,900,7528,21,7,0,0,0,0,123,0,0,0,0
4895,0,1023,1,30114,0,1,1,2,139,320,900,7528,21,7,0,0,0,0,123,0,0,0,0
4896,0,1023,1,30114,0,1,1,2,139,320,900,7528,21,7,0,0,0,0,123,0,0,0,0
4897,0,1023,1,30114,0,1,1,2,139,320,900,7528,21,7,0,0,0,0,123,0,0,0,0
4898,0,1023,1,30114,0,1,1,2,139,320,900,7528,21,7,0,0,0,0,123,0,0,0,0
4899,0,1023,1,30114,0,1,1,2,139,320,900,7528,21,7,0,0,0,0,123,0,0,0,0
4900,0,1023,1,30114,0,1,1,2,139,320,900,7528,21,7,0,0,0,0,123,0,0,0,0
4901,0,1023,1,30114,0,1,1,2,139,320,900,7528,21,7,0,0,0,0,123,0,0,0,0
4902,0,1023,1,30114,0,1,1,2,139,320,900,7528,21,7,0,0,0,0,123,0,0,0,0
4903,0,1023,1,30114,0,1,1,2,139,320,900,7528,21,7,0,0,0,0,123,0,0,0,0
4904,0,1023,1,30114,0,1,1,2,139,320,900,7528,21,7,0,0,0,0,123,0,0,0,0
4905,0,1023,1,30114,0,1,1,2,139,320,900,7528,21,7,0,0,0,0,123,0,0,0,0
4906,0,1023,1,30114,0,1,1,2,139,320,900,7528,21,7,0,0,0,0,123,0,0,0,0
4907,0,1023,1,30114,0,1,1,2,139,320,900,7528,21,7,0,0,0,0,123,0,0,0,0
4908,0,1023,1,30114,0,1,1,2,139,320,900,7528,21,7,0,0,0,0,123,0,0,0,0
4909,0,1023,1,30114,0,1,1,2,139,320,900,7528,21,7,0,0,0,0,123,0,0,0,0
4910,0,1023,1,30114,0,1,1,2,139,320,900,7528,21,7,0,0,0,0,123,0,0,0,0
4911,0,1023,1,30114,0,1,1,2,139,320,900,7528,21,7,0,0,0,0,123,0,0,0,0
4912,0,1023,1,30114,0,1,1,2,139,320,900,7528,21,7,0,0,0,0,123,0,0,0,0
4913,0,1023,1,30114,0,1,1,2,139,320,900,7528,21,7,0,0,0,0,123,0,0,0,0
4914,0,1023,1,30114,0,1,1,2,139,320,900,7528,21,7,0,0,0,0,123,0,0,0,0
4915,0,1023,1,30114,0,1,1,2,139,320,900,7528,21,7,0,0,0,0,123,0,0,0,0
4916,0,1023,1,30114,0,1,1,2,139,320,900,7528,21,7,0,0,0,0,123,0,0,0,0
4917,0,1023,1,30114,0,1,1,2,139,320,900,7528,21,7,0,0,0,0,123,0,0,0,0
4918,0,1023,1,30114,0,1,1,2,139,320,900,7528,21,7,0,0,0,0,123,0,0,0,0
4919,0,1023,1,30114,0,1,1,2,139,320,900,7528,21,7,0,0,0,0,123,0,0,0,0
4920,0,1023,1,30114,0,1,1,2,139,320,900,7528,21,7,0,0,0,0,123,0,0,0,0
4921,0,1023,1,30114,0,1,1,2,139,320,900,7528,21,7,0,0,0,0,123,0,0,0,0
4922,0,1023,1,30114,0,1,1,2,139,320,900,7528,21,7,0,0,0,0,123,0,0,0,0
4923,0,1023,1,30114,0,1,1,2,139,320,900,7528,21,7,0,0,0,0,123,0,0,0,0
4924,0,1023,1,30114,0,1,1,2,139,320,900,7528,21,7,0,0,0,0,123,0,0,0,0
4925,0,1023,1,30114,0,1,1,2,139,320,900,7528,21,7,0,0,0,0,123,0,0,0,0
4926,0,1023,1,30114,0,1,1,2,139,320,900,7528,21,7,0,0,0,0,123,0,0,0,0
4927,0,1023,1,30114,0,1,1,2,139,320,900,7528,21,7,0,0,0,0,123,0,0,0,0
4928,0,1023,1,30114,0,1,1,2,139,320,900,7528,21,7,0,0,0,0,123,0,0,0,0
4929,0,1023,1,30114,0,1,1,2,139,320,900,7528,21,7,0,0,0,0,123,0,0,0,0
4930,0,1023,1,30114,0,1,1,2,139,320,900,7528,21,7,0,0,0,0,123,0,0,0,0
4931,0,1023,1,30114,0,1,1,2,139,320,900,7528,21,7,0,0,0,0,123,0,0,0,0
4932,0,1023,1,30114,0,1,1,2,139,320,900,7528,21,7,0,0,0,0,123,0,0,0,0
4933,0,1023,1,30114,0,1,1,2,139,320,900,7528,21,7,0,0,0,0,123,0,0,0,0
4934,0,1023,1,30114,0,1,1,2,139,320,900,7528,21,7,0,0,0,0,123,0,0,0,0
4935,0,1023,1,30114,0,1,1,2,139,320,900,7528,21,7,0,0,0,0,123,0,0,0,0
4936,0,1023,1,30114,0,1,1,2,139,320,900,7528,21,7,0,0,0,0,123,0,0,0,0
4937,0,1023,1,30114,0,1,1,2,139,320,900,7528,21,7,0,0,0,0,123,0,0,0,0
4938,0,1023,1,30114,0,1,1,2,139,320,900,7528,21,7,0,0,0,0,123,0,0,0,0
4939,0,1023,1,30114,0,1,1,2,139,320,900,7528,21,7,0,0,0,0,123,0,0,0,0
4940,0,1023,1,30114,0,1,1,2,139,320,900,7528,21,7,0,0,0,0,123,0,0,0,0
4941,0,1023,1,30114,0,1,1,2,139,320,900,7528,21,7,0,0,0,0,123,0,0,0,0
4942,0,1023,1,30114,0,1,1,2,139,320,900,7528,21,7,0,0,0,0,123,0,0,0,0
4943,0,1023,1,30114,0,1,1,2,139,320,900,7528,21,7,0,0,0,0,123,0,0,0,0
4944,0,1023,1,30114,0,1,1,2,139,320,900,7528,21,7,0,0,0,0,123,0,0,0,0
4945,0,1023,1,30114,0,1,1,2,139,320,900,7528,21,7,0,0,0,0,123,0,0,0,0
4946,0,1023,1,30114,0,1,1,2,139,320,900,7528,21,7,0,0,0,0,123,0,0,0,0
4947,0,1023,1,30114,0,1,1,2,139,320,900,7528,21,7,0,0,0,0,123,0,0,0,0
4948,0,1023,1,30114,0,1,1,2,139,320,900,7528,21,7,0,0,0,0,123,0,0,0,0
4949,0,1023,1,30114,0,1,1,2,139,320,900,7528,21,7,0,0,0,0,123,0,0,0,0
4950,0,1023,1,30114,0,1,1,2,139,320,900,7528,21,7,0,0,0,0,123,0,0,0,0
4951,0,1023,1,30114,0,1,1,2,139,320,900,7528,21,7,0,0,0,0,123,0,0,0,0
4952,0,1023,1,30114,0,1,1,2,139,320,900,7528,21,7,0,0,0,0,123,0,0,0,0
4953,0,1023,1,30114,0,1,1,2,139,320,900,7528,21,7,0,0,0,0,123,0,0,0,0
4954,0,1023,1,30114,0,1,1,2,139,320,900,7528,21,7,0,0,0,0,123,0,0,0,0
4955,0,1023,1,30114,0,1,1,2,139,320,900,7528,21,7,0,0,0,0,123,0,0,0,0
4956,0,1023,1,30114,0,1,1,2,139,320,900,7528,21,7,0,0,0,0,123,0,0,0,0
4957,0,1023,1,30114,0,1,1,2,139,320,900,7528,21,7,0,0,0,0,123,0,0,0,0
4958,0,1023,1,30114,0,1,1,2,139,320,900,7528,21,7,0,0,0,0,123,0,0,0,0
4959,0,1023,1,30114,0,1,1,2,139,320,900,7528,21,7,0,0,0,0,123,0,0,0,0
4960,0,1023,1,30114,0,1,1,2,139,320,900,7528,21,7,0,0,0,0,123,0,0,0,0
4961,0,1023,1,30114,0,1,1,2,139,320,900,7528,21,7,0,0,0,0,123,0,0,0,0
4962,0,1023,1,30114,0,1,1,2,139,320,900,7528,21,7,0,0,0,0,123,0,0,0,0
4963,0,1023,1,30114,0,1,1,2,139,320,900,7528,21,7,0,0,0,0,123,0,0,0,0
4964,0,1023,1,30114,0,1,1,2,139,320,900,7528,21,7,0,0,0,0,123,0,0,0,0
4965,0,1023,1,30114,0,1,1,2,139,320,900,7528,21,7,0,0,0,0,123,0,0,0,0
4966,0,1023,1,30114,0,1,1,2,139,320,900,7528,21,7,0,0,0,0,123,0,0,0,0
4967,0,1023,1,30114,0,1,1,2,139,320,900,7528,21,7,0,0,0,0,123,0,0,0,0
4968,0,1023,1,30114,0,1,1,2,139,320,900,7528,21,7,0,0,0,0,123,0,0,0,0
4969,0,1023,1,30114,0,1,1,2,139,320,900,7528,21,7,0,0,0,0,123,0,0,0,0
4970,0,1023,1,30114,0,1,1,2,139,320,900,7528,21,7,0,0,0,0,123,0,0,0,0
4971,0,1023,1,30114,0,1,1,2,139,320,900,7528,21,7,0,0,0,0,123,0,0,0,0
4972,0,1023,1,30114,0,1,1,2,139,320,900,7528,21,7,0,0,0,0,123,0,0,0,0
4973,0,1023,1,30114,0,1,1,2,139,320,900,7528,21,7,0,0,0,0,123,0,0,0,0
4974,0,1023,1,30114,0,1,1,2,139,320,900,7528,21,7,0,0,0,0,123,0,0,0,0
4975,0,1023,1,30114,0,1,1,2,139,320,900,7528,21,7,0,0,0,0,123,0,0,0,0
4976,0,1023,1,30114,0,1,1,2,139,320,900,7528,21,7,0,0,0,0,123,0,0,0,0
4977,0,1023,1,30114,0,1,1,2,139,320,900,7528,21,7,0,0,0,0,123,0,0,0,0
4978,0,1023,1,30114,0,1,1,2,139,320,900,7528,21,7,0,0,0,0,123,0,0,0,0
4979,0,1023,1,30114,0,1,1,2,139,320,900,7528,21,7,0,0,0,0,123,0,0,0,0
4980,0,1023,1,30114,0,1,1,2,139,320,900,7528,21,7,0,0,0,0,123,0,0,0,0
4981,0,1023,1,30114,0,1,1,2,139,320,900,7528,21,7,0,0,0,0,123,0,0,0,0
4982,0,1023,1,30114,0,1,1,2,139,320,900,7528,21,7,0,0,0,0,123,0,0,0,0
4983,0,1023,1,30114,0,1,1,2,139,320,900,7528,21,7,0,0,0,0,123,0,0,0,0
4984,0,1023,1,30114,0,1,1,2,139,320,900,7528,21,7,0,0,0,0,123,0,0,0,0
4985,0,1023,1,30114,0,1,1,2,139,320,900,7528,21,7,0,0,0,0,123,0,0,0,0
4986,0,1023,1,30114,0,1,1,2,139,320,900,7528,21,7,0,0,0,0,123,0,0,0,0
4987,0,1023,1,30114,0,1,1,2,139,320,900,7528,21,7,0,0,0,0,123,0,0,0,0
4988,0,1023,1,30114,0,1,1,2,139,320,900,7528,21,7,0,0,0,0,123,0,0,0,0
4989,0,1023,1,30114,0,1,1,2,139,320,900,7528,21,7,0,0,0,0,123,0,0,0,0
4990,0,1023,1,30114,0,1,1,2,139,320,900,7528,21,7,0,0,0,0,123,0,0,0,0
4991,0,1023,1,30114,0,1,1,2,139,320,900,7528,21,7,0,0,0,0,123,0,0,0,0
4992,0,1023,1,30114,0,1,1,2,139,320,900,7528,21,7,0,0,0,0,123,0,0,0,0
4993,0,1023,1,30114,0,1,1,2,139,320,900,7528,21,7,0,0,0,0,123,0,0,0,0
4994,0,1023,1,30114,0,1,1,2,139,320,900,7528,21,7,0,0,0,0,123,0,0,0,0
4995,0,1023,1,30114,0,1,1,2,139,320,900,7528,21,7,0,0,0,0,123,0,0,0,0
4996,0,1023,1,30114,0,1,1,2,139,320,900,7528,21,7,0,0,0,0,123,0,0,0,0
4997,0,1023,1,30114,0,1,1,2,139,320,900,7528,21,7,0,0,0,0,123,0,0,0,0
4998,0,1023,1,30114,0,1,1,2,139,320,900,7528,21,7,0,0,0,0,123,0,0,0,0
4999,0,1023,1,30114,0,1,1,2,139,320,900,7528,21,7,0,0,0,0,123,0,0,0,0
5000,0,1023,1,30114,0,1,1,2,139,320,900,7528,21,7,0,0,0,0,123,0,0,0,0
5001,0,1023,1,30114,0,1,1,2,139,320,900,7528,21,7,0,0,0,0,123,0,0,0,0
5002,0,1023,1,30114,0,1,1,2,139,320,900,7528,21,7,0,0,0,0,123,0,0,0,0
5003,0,1023,1,30114,0,1,1,2,139,320,900,7528,21,7,0,0,0,0,123,0,0,0,0
5004,0,1023,1,30114,0,1,1,2,139,320,900,7528,21,7,0,0,0,0,123,0,0,0,0
5005,0,1023,1,30114,0,1,1,2,139,320,900,7528,21,7,0,0,0,0,123,0,0,0,0
5006,0,1023,1,30114,0,1,1,2,139,320,900,7528,21,7,0,0,0,0,123,0,0,0,0
5007,0,1023,1,30114,0,1,1,2,139,320,900,7528,21,7,0,0,0,0,123,0,0,0,0
5008,0,1023,1,30114,0,1,1,2,139,320,900,7528,21,7,0,0,0,0,123,0,0,0,0
5009,0,1023,1,30114,0,1,1,2,139,320,900,7528,21,7,0,0,0,0,123,0,0,0,0
5010,0,1023,1,30114,0,1,1,2,139,320,900,7528,21,7,0,0,0,0,123,0,0,0,0
5011,0,1023,1,30114,0,1,1,2,139,320,900,7528,21,7,0,0,0,0,123,0,0,0,0
5012,0,1023,1,30114,0,1,1,2,139,320,900,7528,21,7,0,0,0,0,123,0,0,0,0
5013,0,1023,1,30114,0,1,1,2,139,320,900,7528,21,7,0,0,0,0,123,0,0,0,0
5014,0,1023,1,30114,0,1,1,2,139,320,900,7528,21,7,0,0,0,0,123,0,0,0,0
5015,0,1023,1,30114,0,1,1,2,139,320,900,7528,21,7,0,0,0,0,123,0,0,0,0
5016,0,1023,1,30114,0,1,1,2,139,320,900,7528,21,7,0,0,0,0,123,0,0,0,0
5017,0,1023,1,30114,0,1,1,2,139,320,900,7528,21,7,0,0,0,0,123,0,0,0,0
5018,0,1023,1,30114,0,1,1,2,139,320,900,7528,21,7,0,0,0,0,123,0,0,0,0
5019,0,1023,1,30114,0,1,1,2,139,320,900,7528,21,7,0,0,0,0,123,0,0,0,0
5020,0,1023,1,30114,0,1,1,2,139,320,900,7528,21,7,0,0,0,0,123,0,0,0,0
5021,0,1023,1,30114,0,1,1,2,139,320,900,7528,21,7,0,0,0,0,123,0,0,0,0
5022,0,1023,1,30114,0,1,1,2,139,320,900,7528,21,7,0,0,0,0,123,0,0,0,0
5023,0,1023,1,30114,0,1,1,2,139,320,900,7528,21,7,0,0,0,0,123,0,0,0,0
5024,0,1023,1,30114,0,1,1,2,139,320,900,7528,21,7,0,0,0,0,123,0,0,0,0
5025,0,1023,1,30114,0,1,1,2,139,320,900,7528,21,7,0,0,0,0,123,0,0,0,0
5026,0,1023,1,30114,0,1,1,2,139,320,900,7528,21,7,0,0,0,0,123,0,0,0,0
5027,0,1023,1,30114,0,1,1,2,139,320,900,7528,21,7,0,0,0,0,123,0,0,0,0
5028,0,1023,1,30114,0,1,1,2,139,320,900,7528,21,7,0,0,0,0,123,0,0,0,0
5029,0,1023,1,30114,0,1,1,2,139,320,900,7528,21,7,0,0,0,0,123,0,0,0,0
5030,0,1023,1,30114,0,1,1,2,139,320,900,7528,21,7,0,0,0,0,123,0,0,0,0
5031,0,1023,1,30114,0,1,1,2,139,320,900,7528,21,7,0,0,0,0,123,0,0,0,0
5032,0,1023,1,30114,0,1,1,2,139,320,900,7528,21,7,0,0,0,0,123,0,0,0,0
5033,0,1023,1,30114,0,1,1,2,139,320,900,7528,21,7,0,0,0,0,123,0,0,0,0
5034,0,1023,1,30114,0,1,1,2,139,320,900,7528,21,7,0,0,0,0,123,0,0,0,0
5035,0,1023,1,30114,0,1,1,2,139,320,900,7528,21,7,0,0,0,0,123,0,0,0,0
5036,0,1023,1,30114,0,1,1,2,139,320,900,7528,21,7,0,0,0,0,123,0,0,0,0
5037,0,1023,1,30114,0,1,1,2,139,320,900,7528,21,7,0,0,0,0,123,0,0,0,0
5038,0,1023,1,30114,0,1,1,2,139,320,900,7528,21,7,0,0,0,0,123,0,0,0,0
5039,0,1023,1,30114,0,1,1,2,139,320,900,7528,21,7,0,0,0,0,123,0,0,0,0
5040,0,1023,1,30114,0,1,1,2,139,320,900,7528,21,7,0,0,0,0,123,0,0,0,0
5041,0,1023,1,30114,0,1,1,2,139,320,900,7528,21,7,0,0,0,0,123,0,0,0,0
5042,0,1023,1,30114,0,1,1,2,139,320,900,7528,21,7,0,0,0,0,123,0,0,0,0
5043,0,1023,1,30114,0,1,1,2,139,320,900,7528,21,7,0,0,0,0,123,0,0,0,0
5044,0,1023,1,30114,0,1,1,2,139,320,900,7528,21,7,0,0,0,0,123,0,0,0,0
5045,0,1023,1,30114,0,1,1,2,139,320,900,7528,21,7,0,0,0,0,123,0,0,0,0
5046,0,1023,1,30114,0,1,1,2,139,320,900,7528,21,7,0,0,0,0,123,0,0,0,0
5047,0,1023,1,30114,0,1,1,2,139,320,900,7528,21,7,0,0,0,0,123,0,0,0,0
5048,0,1023,1,30114,0,1,1,2,139,320,900,7528,21,7,0,0,0,0,123,0,0,0,0
5049,0,1023,1,30114,0,1,1,2,139,320,900,7528,21,7,0,0,0,0,123,0,0,0,0
5050,0,1023,1,30114,0,1,1,2,139,320,900,7528,21,7,0,0,0,0,123,0,0,0,0
5051,0,1023,1,30114,0,1,1,2,139,320,900,7528,21,7,0,0,0,0,123,0,0,0,0
5052,0,1023,1,30114,0,1,1,2,139,320,900,7528,21,7,0,0,0,0,123,0,0,0,0
5053,0,1023,1,30114,0,1,1,2,139,320,900,7528,21,7,0,0,0,0,123,0,0,0,0
5054,0,1023,1,30114,0,1,1,2,139,320,900,7528,21,7,0,0,0,0,123,0,0,0,0
5055,0,1023,1,30114,0,1,1,2,139,320,900,7528,21,7,0,0,0,0,123,0,0,0,0
5056,0,1023,1,30114,0,1,1,2,139,320,900,7528,21,7,0,0,0,0,123,0,0,0,0
5057,0,1023,1,30114,0,1,1,2,139,320,900,7528,21,7,0,0,0,0,123,0,0,0,0
5058,0,1023,1,30114,0,1,1,2,139,320,900,7528,21,7,0,0,0,0,123,0,0,0,0
5059,0,1023,1,30114,0,1,1,2,139,320,900,7528,21,7,0,0,0,0,123,0,0,0,0
5060,0,1023,1,30114,0,1,1,2,139,320,900,7528,21,7,0,0,0,0,123,0,0,0,0
5061,0,1023,1,30114,0,1,1,2,139,320,900,7528,21,7,0,0,0,0,123,0,0,0,0
5062,0,1023,1,30114,0,1,1,2,139,320,900,7528,21,7,0,0,0,0,123,0,0,0,0
5063,0,1023,1,30114,0,1,1,2,139,320,900,7528,21,7,0,0,0,0,123,0,0,0,0
5064,0,1023,1,30114,0,1,1,2,139,320,900,7528,21,7,0,0,0,0,123,0,0,0,0
5065,0,1023,1,30114,0,1,1,2,139,320,900,7528,21,7,0,0,0,0,123,0,0,0,0
5066,0,1023,1,30114,0,1,1,2,139,320,900,7528,21,7,0,0,0,0,123,0,0,0,0
5067,0,1023,1,30114,0,1,1,2,139,320,900,7528,21,7,0,0,0,0,123,0,0,0,0
5068,0,1023,1,30114,0,1,1,2,139,320,900,7528,21,7,0,0,0,0,123,0,0,0,0
5069,0,1023,1,30114,0,1,1,2,139,320,900,7528,21,7,0,0,0,0,123,0,0,0,0
5070,0,1023,1,30114,0,1,1,2,139,320,900,7528,21,7,0,0,0,0,123,0,0,0,0
5071,0,1023,1,30114,0,1,1,2,139,320,900,7528,21,7,0,0,0,0,123,0,0,0,0
5072,0,1023,1,30114,0,1,1,2,139,320,900,7528,21,7,0,0,0,0,123,0,0,0,0
5073,0,1023,1,30114,0,1,1,2,139,320,900,7528,21,7,0,0,0,0,123,0,0,0,0
5074,0,1023,1,30114,0,1,1,2,139,320,900,7528,21,7,0,0,0,0,123,0,0,0,0
5075,0,1023,1,30114,0,1,1,2,139,320,900,7528,21,7,0,0,0,0,123,0,0,0,0
5076,0,1023,1,30114,0,1,1,2,139,320,900,7528,21,7,0,0,0,0,123,0,0,0,0
5077,0,1023,1,30114,0,1,1,2,139,320,900,7528,21,7,0,0,0,0,123,0,0,0,0
5078,0,1023,1,30114,0,1,1,2,139,320,900,7528,21,7,0,0,0,0,123,0,0,0,0
5079,0,1023,1,30114,0,1,1,2,139,320,900,7528,21,7,0,0,0,0,123,0,0,0,0
5080,0,1023,1,30114,0,1,1,2,139,320,900,7528,21,7,0,0,0,0,123,0,0,0,0
5081,0,1023,1,30114,0,1,1,2,139,320,900,7528,21,7,0,0,0,0,123,0,0,0,0
5082,0,1023,1,30114,0,1,1,2,139,320,900,7528,21,7,0,0,0,0,123,0,0,0,0
5083,0,1023,1,30114,0,1,1,2,139,320,900,7528,21,7,0,0,0,0,123,0,0,0,0
5084,0,1023,1,30114,0,1,1,2,139,320,900,7528,21,7,0,0,0,0,123,0,0,0,0
5085,0,1023,1,30114,0,1,1,2,139,320,900,7528,21,7,0,0,0,0,123,0,0,0,0
5086,0,1023,1,30114,0,1,1,2,139,320,900,7528,21,7,0,0,0,0,123,0,0,0,0
5087,0,1023,1,30114,0,1,1,2,139,320,900,7528,21,7,0,0,0,0,123,0,0,0,0
5088,0,1023,1,30114,0,1,1,2,139,320,900,7528,21,7,0,0,0,0,123,0,0,0,0
5089,0,1023,1,30114,0,1,1,2,139,320,900,7528,21,7,0,0,0,0,123,0,0,0,0
5090,0,1023,1,30114,0,1,1,2,139,320,900,7528,21,7,0,0,0,0,123,0,0,0,0
5091,0,1023,1,30114,0,1,1,2,139,320,900,7528,21,7,0,0,0,0,123,0,0,0,0
5092,0,1023,1,30114,0,1,1,2,139,320,900,7528,21,7,0,0,0,0,123,0,0,0,0
5093,0,1023,1,30114,0,1,1,2,139,320,900,7528,21,7,0,0,0,0,123,0,0,0,0
5094,0,1023,1,30114,0,1,1,2,139,320,900,7528,21,7,0,0,0,0,123,0,0,0,0
5095,0,1023,1,30114,0,1,1,2,139,320,900,7528,21,7,0,0,0,0,123,0,0,0,0
5096,0,1023,1,30114,0,1,1,2,139,320,900,7528,21,7,0,0,0,0,123,0,0,0,0
5097,0,1023,1,30114,0,1,1,2,139,320,900,7528,21,7,0,0,0,0,123,0,0,0,0
5098,0,1023,1,30114,0,1,1,2,139,320,900,7528,21,7,0,0,0,0,123,0,0,0,0
5099,0,1023,1,30114,0,1,1,2,139,320,900,7528,21,7,0,0,0,0,123,0,0,0,0
5100,0,1023,1,30114,0,1,1,2,139,320,900,7528,21,7,0,0,0,0,123,0,0,0,0
5101,0,1023,1,30114,0,1,1,2,139,320,900,7528,21,7,0,0,0,0,123,0,0,0,0
5102,0,1023,1,30114,0,1,1,2,139,320,900,7528,21,7,0,0,0,0,123,0,0,0,0
5103,0,1023,1,30114,0,1,1,2,139,320,900,7528,21,7,0,0,0,0,123,0,0,0,0
5104,0,1023,1,30114,0,1,1,2,139,320,900,7528,21,7,0,0,0,0,123,0,0,0,0
5105,0,1023,1,30114,0,1,1,2,139,320,900,7528,21,7,0,0,0,0,123,0,0,0,0
5106,0,1023,1,30114,0,1,1,2,139,320,900,7528,21,7,0,0,0,0,123,0,0,0,0
5107,0,1023,1,30114,0,1,1,2,139,320,900,7528,21,7,0,0,0,0,123,0,0,0,0
5108,0,1023,1,30114,0,1,1,2,139,320,900,7528,21,7,0,0,0,0,123,0,0,0,0
5109,0,1023,1,30114,0,1,1,2,139,320,900,7528,21,7,0,0,0,0,123,0,0,0,0
5110,0,1023,1,30114,0,1,1,2,139,320,900,7528,21,7,0,0,0,0,123,0,0,0,0
5111,0,1023,1,30114,0,1,1,2,139,320,900,7528,21,7,0,0,0,0,123,0,0,0,0
5112,0,1023,1,30114,0,1,1,2,139,320,900,7528,21,7,0,0,0,0,123,0,0,0,0
5113,0,1023,1,30114,0,1,1,2,139,320,900,7528,21,7,0,0,0,0,123,0,0,0,0
5114,0,1023,1,30114,0,1,1,2,139,320,900,7528,21,7,0,0,0,0,123,0,0,0,0
5115,0,1023,1,30114,0,1,1,2,139,320,900,7528,21,7,0,0,0,0,123,0,0,0,0
5116,0,1023,1,30114,0,1,1,2,139,320,900,7528,21,7,0,0,0,0,123,0,0,0,0
5117,0,1023,1,30114,0,1,1,2,139,320,900,7528,21,7,0,0,0,0,123,0,0,0,0
5118,0,1023,1,30114,0,1,1,2,139,320,900,7528,21,7,0,0,0,0,123,0,0,0,0
5119,0,1023,1,30114,0,1,1,2,139,320,900,7528,21,7,0,0,0,0,123,0,0,0,0
5120,0,1023,1,30114,0,1,1,2,139,320,900,7528,21,7,0,0,0,0,123,0,0,0,0
5121,0,1023,1,30114,0,1,1,2,139,320,900,7528,21,7,0,0,0,0,123,0,0,0,0
5122,0,1023,1,30114,0,1,1,2,139,320,900,7528,21,7,0,0,0,0,123,0,0,0,0
5123,0,1023,1,30114,0,1,1,2,139,320,900,7528,21,7,0,0,0,0,123,0,0,0,0
5124,0,1023,1,30114,0,1,1,2,139,320,900,7528,21,7,0,0,0,0,123,0,0,0,0
5125,0,1023,1,30114,0,1,1,2,139,320,900,7528,21,7,0,0,0,0,123,0,0,0,0
5126,0,1023,1,30114,0,1,1,2,139,320,900,7528,21,7,0,0,0,0,123,0,0,0,0
5127,0,1023,1,30114,0,1,1,2,139,320,900,7528,21,7,0,0,0,0,123,0,0,0,0
5128,0,1023,1,30114,0,1,1,2,139,320,900,7528,21,7,0,0,0,0,123,0,0,0,0
5129,0,1023,1,30114,0,1,1,2,139,320,900,7528,21,7,0,0,0,0,123,0,0,0,0
5130,0,1023,1,30114,0,1,1,2,139,320,900,7528,21,7,0,0,0,0,123,0,0,0,0
5131,0,1023,1,30114,0,1,1,2,139,320,900,7528,21,7,0,0,0,0,123,0,0,0,0
5132,0,1023,1,30114,0,1,1,2,139,320,900,7528,21,7,0,0,0,0,123,0,0,0,0
5133,0,1023,1,30114,0,1,1,2,139,320,900,7528,21,7,0,0,0,0,123,0,0,0,0
5134,0,1023,1,30114,0,1,1,2,139,320,900,7528,21,7,0,0,0,0,123,0,0,0,0
5135,0,1023,1,30114,0,1,1,2,139,320,900,7528,21,7,0,0,0,0,123,0,0,0,0
5136,0,1023,1,30114,0,1,1,2,139,320,900,7528,21,7,0,0,0,0,123,0,0,0,0
5137,0,1023,1,30114,0,1,1,2,139,320,900,7528,21,7,0,0,0,0,123,0,0,0,0
5138,0,1023,1,30114,0,1,1,2,139,320,900,7528,21,7,0,0,0,0,123,0,0,0,0
5139,0,1023,1,30114,0,1,1,2,139,320,900,7528,21,7,0,0,0,0,123,0,0,0,0
5140,0,1023,1,30114,0,1,1,2,139,320,900,7528,21,7,0,0,0,0,123,0,0,0,0
5141,0,1023,1,30114,0,1,1,2,139,320,900,7528,21,7,0,0,0,0,123,0,0,0,0
5142,0,1023,1,30114,0,1,1,2,139,320,900,7528,21,7,0,0,0,0,123,0,0,0,0
5143,0,1023,1,30114,0,1,1,2,139,320,900,7528,21,7,0,0,0,0,123,0,0,0,0
5144,0,1023,1,30114,0,1,1,2,139,320,900,7528,21,7,0,0,0,0,123,0,0,0,0
5145,0,1023,1,30114,0,1,1,2,139,320,900,7528,21,7,0,0,0,0,123,0,0,0,0
5146,0,1023,1,30114,0,1,1,2,139,320,900,7528,21,7,0,0,0,0,123,0,0,0,0
5147,0,1023,1,30114,0,1,1,2,139,320,900,7528,21,7,0,0,0,0,123,0,0,0,0
5148,0,1023,1,30114,0,1,1,2,139,320,900,7528,21,7,0,0,0,0,123,0,0,0,0
5149,0,1023,1,30114,0,1,1,2,139,320,900,7528,21,7,0,0,0,0,123,0,0,0,0
5150,0,1023,1,30114,0,1,1,2,139,320,900,7528,21,7,0,0,0,0,123,0,0,0,0
5151,0,1023,1,30114,0,1,1,2,139,320,900,7528,21,7,0,0,0,0,123,0,0,0,0
5152,0,1023,1,30114,0,1,1,2,139,320,900,7528,21,7,0,0,0,0,123,0,0,0,0
5153,0,1023,1,30114,0,1,1,2,139,320,900,7528,21,7,0,0,0,0,123,0,0,0,0
5154,0,1023,1,30114,0,1,1,2,139,320,900,7528,21,7,0,0,0,0,123,0,0,0,0
5155,0,1023,1,30114,0,1,1,2,139,320,900,7528,21,7,0,0,0,0,123,0,0,0,0
5156,0,1023,1,30114,0,1,1,2,139,320,900,7528,21,7,0,0,0,0,123,0,0,0,0
5157,0,1023,1,30114,0,1,1,2,139,320,900,7528,21,7,0,0,0,0,123,0,0,0,0
5158,0,1023,1,30114,0,1,1,2,139,320,900,7528,21,7,0,0,0,0,123,0,0,0,0
5159,0,1023,1,30114,0,1,1,2,139,320,900,7528,21,7,0,0,0,0,123,0,0,0,0
5160,0,1023,1,30114,0,1,1,2,139,320,900,7528,21,7,0,0,0,0,123,0,0,0,0
5161,0,1023,1,30114,0,1,1,2,139,320,900,7528,21,7,0,0,0,0,123,0,0,0,0
5162,0,1023,1,30114,0,1,1,2,139,320,900,7528,21,7,0,0,0,0,123,0,0,0,0
5163,0,1023,1,30114,0,1,1,2,139,320,900,7528,21,7,0,0,0,0,123,0,0,0,0
5164,0,1023,1,30114,0,1,1,2,139,320,900,7528,21,7,0,0,0,0,123,0,0,0,0
5165,0,1023,1,30114,0,1,1,2,139,320,900,7528,21,7,0,0,0,0,123,0,0,0,0
5166,0,1023,1,30114,0,1,1,2,139,320,900,7528,21,7,0,0,0,0,123,0,0,0,0
5167,0,1023,1,30114,0,1,1,2,139,320,900,7528,21,7,0,0,0,0,123,0,0,0,0
5168,0,1023,1,30114,0,1,1,2,139,320,900,7528,21,7,0,0,0,0,123,0,0,0,0
5169,0,1023,1,30114,0,1,1,2,139,320,900,7528,21,7,0,0,0,0,123,0,0,0,0
5170,0,1023,1,30114,0,1,1,2,139,320,900,7528,21,7,0,0,0,0,123,0,0,0,0
5171,0,1023,1,30114,0,1,1,2,139,320,900,7528,21,7,0,0,0,0,123,0,0,0,0
5172,0,1023,1,30114,0,1,1,2,139,320,900,7528,21,7,0,0,0,0,123,0,0,0,0
5173,0,1023,1,30114,0,1,1,2,139,320,900,7528,21,7,0,0,0,0,123,0,0,0,0
5174,0,1023,1,30114,0,1,1,2,139,320,900,7528,21,7,0,0,0,0,123,0,0,0,0
5175,0,1023,1,30114,0,1,1,2,139,320,900,7528,21,7,0,0,0,0,123,0,0,0,0
5176,0,1023,1,30114,0,1,1,2,139,320,900,7528,21,7,0,0,0,0,123,0,0,0,0
5177,0,1023,1,30114,0,1,1,2,139,320,900,7528,21,7,0,0,0,0,123,0,0,0,0
5178,0,1023,1,30114,0,1,1,2,139,320,900,7528,21,7,0,0,0,0,123,0,0,0,0
5179,0,1023,1,30114,0,1,1,2,139,320,900,7528,21,7,0,0,0,0,123,0,0,0,0
5180,0,1023,1,30114,0,1,1,2,139,320,900,7528,21,7,0,0,0,0,123,0,0,0,0
5181,0,1023,1,30114,0,1,1,2,139,320,900,7528,21,7,0,0,0,0,123,0,0,0,0
5182,0,1023,1,30114,0,1,1,2,139,320,900,7528,21,7,0,0,0,0,123,0,0,0,0
5183,0,1023,1,30114,0,1,1,2,139,320,900,7528,21,7,0,0,0,0,123,0,0,0,0
5184,0,1023,1,30114,0,1,1,2,139,320,900,7528,21,7,0,0,0,0,123,0,0,0,0
5185,0,1023,1,30114,0,1,1,2,139,320,900,7528,21,7,0,0,0,0,123,0,0,0,0
5186,0,1023,1,30114,0,1,1,2,139,320,900,7528,21,7,0,0,0,0,123,0,0,0,0
5187,0,1023,1,30114,0,1,1,2,139,320,900,7528,21,7,0,0,0,0,123,0,0,0,0
5188,0,1023,1,30114,0,1,1,2,139,320,900,7528,21,7,0,0,0,0,123,0,0,0,0
5189,0,1023,1,30114,0,1,1,2,139,320,900,7528,21,7,0,0,0,0,123,0,0,0,0
5190,0,1023,1,30114,0,1,1,2,139,320,900,7528,21,7,0,0,0,0,123,0,0,0,0
5191,0,1023,1,30114,0,1,1,2,139,320,900,7528,21,7,0,0,0,0,123,0,0,0,0
5192,0,1023,1,30114,0,1,1,2,139,320,900,7528,21,7,0,0,0,0,123,0,0,0,0
5193,0,1023,1,30114,0,1,1,2,139,320,900,7528,21,7,0,0,0,0,123,0,0,0,0
5194,0,1023,1,30114,0,1,1,2,139,320,900,7528,21,7,0,0,0,0,123,0,0,0,0
5195,0,1023,1,30114,0,1,1,2,139,320,900,7528,21,7,0,0,0,0,123,0,0,0,0
5196,0,1023,1,30114,0,1,1,2,139,320,900,7528,21,7,0,0,0,0,123,0,0,0,0
5197,0,1023,1,30114,0,1,1,2,139,320,900,7528,21,7,0,0,0,0,123,0,0,0,0
5198,0,1023,1,30114,0,1,1,2,139,320,900,7528,21,7,0,0,0,0,123,0,0,0,0
5199,0,1023,1,30114,0,1,1,2,139,320,900,7528,21,7,0,0,0,0,123,0,0,0,0
5200,0,1023,1,30114,0,1,1,2,139,320,900,7528,21,7,0,0,0,0,123,0,0,0,0
5201,0,1023,1,30114,0,1,1,2,139,320,900,7528,21,7,0,0,0,0,123,0,0,0,0
5202,0,1023,1,30114,0,1,1,2,139,320,900,7528,21,7,0,0,0,0,123,0,0,0,0
5203,0,1023,1,30114,0,1,1,2,139,320,900,7528,21,7,0,0,0,0,123,0,0,0,0
5204,0,1023,1,30114,0,1,1,2,139,320,900,7528,21,7,0,0,0,0,123,0,0,0,0
5205,0,1023,1,30114,0,1,1,2,139,320,900,7528,21,7,0,0,0,0,123,0,0,0,0
5206,0,1023,1,30114,0,1,1,2,139,320,900,7528,21,7,0,0,0,0,123,0,0,0,0
5207,0,1023,1,30114,0,1,1,2,139,320,900,7528,21,7,0,0,0,0,123,0,0,0,0
5208,0,1023,1,30114,0,1,1,2,139,320,900,7528,21,7,0,0,0,0,123,0,0,0,0
5209,0,1023,1,30114,0,1,1,2,139,320,900,7528,21,7,0,0,0,0,123,0,0,0,0
5210,0,1023,1,30114,0,1,1,2,139,320,900,7528,21,7,0,0,0,0,123,0,0,0,0
5211,0,1023,1,30114,0,1,1,2,139,320,900,7528,21,7,0,0,0,0,123,0,0,0,0
5212,0,1023,1,30114,0,1,1,2,139,320,900,7528,21,7,0,0,0,0,123,0,0,0,0
5213,0,1023,1,30114,0,1,1,2,139,320,900,7528,21,7,0,0,0,0,123,0,0,0,0
5214,0,1023,1,30114,0,1,1,2,139,320,900,7528,21,7,0,0,0,0,123,0,0,0,0
5215,0,1023,1,30114,0,1,1,2,139,320,900,7528,21,7,0,0,0,0,123,0,0,0,0
5216,0,1023,1,30114,0,1,1,2,139,320,900,7528,21,7,0,0,0,0,123,0,0,0,0
5217,0,1023,1,30114,0,1,1,2,139,320,900,7528,21,7,0,0,0,0,123,0,0,0,0
5218,0,1023,1,30114,0,1,1,2,139,320,900,7528,21,7,0,0,0,0,123,0,0,0,0
5219,0,1023,1,30114,0,1,1,2,139,320,900,7528,21,7,0,0,0,0,123,0,0,0,0
5220,0,1023,1,30114,0,1,1,2,139,320,900,7528,21,7,0,0,0,0,123,0,0,0,0
5221,0,1023,1,30114,0,1,1,2,139,320,900,7528,21,7,0,0,0,0,123,0,0,0,0
5222,0,1023,1,30114,0,1,1,2,139,320,900,7528,21,7,0,0,0,0,123,0,0,0,0
5223,0,1023,1,30114,0,1,1,2,139,320,900,7528,21,7,0,0,0,0,123,0,0,0,0
5224,0,1023,1,30114,0,1,1,2,139,320,900,7528,21,7,0,0,0,0,123,0,0,0,0
5225,0,1023,1,30114,0,1,1,2,139,320,900,7528,21,7,0,0,0,0,123,0,0,0,0
5226,0,1023,1,30114,0,1,1,2,139,320,900,7528,21,7,0,0,0,0,123,0,0,0,0
5227,0,1023,1,30114,0,1,1,2,139,320,900,7528,21,7,0,0,0,0,123,0,0,0,0
5228,0,1023,1,30114,0,1,1,2,139,320,900,7528,21,7,0,0,0,0,123,0,0,0,0
5229,0,1023,1,30114,0,1,1,2,139,320,900,7528,21,7,0,0,0,0,123,0,0,0,0
5230,0,1023,1,30114,0,1,1,2,139,320,900,7528,21,7,0,0,0,0,123,0,0,0,0
5231,0,1023,1,30114,0,1,1,2,139,320,900,7528,21,7,0,0,0,0,123,0,0,0,0
5232,0,1023,1,30114,0,1,1,2,139,320,900,7528,21,7,0,0,0,0,123,0,0,0,0
5233,0,1023,1,30114,0,1,1,2,139,320,900,7528,21,7,0,0,0,0,123,0,0,0,0
5234,0,1023,1,30114,0,1,1,2,139,320,900,7528,21,7,0,0,0,0,123,0,0,0,0
5235,0,1023,1,30114,0,1,1,2,139,320,900,7528,21,7,0,0,0,0,123,0,0,0,0
5236,0,1023,1,30114,0,1,1,2,139,320,900,7528,21,7,0,0,0,0,123,0,0,0,0
5237,0,1023,1,30114,0,1,1,2,139,320,900,7528,21,7,0,0,0,0,123,0,0,0,0
5238,0,1023,1,30114,0,1,1,2,139,320,900,7528,21,7,0,0,0,0,123,0,0,0,0
5239,0,1023,1,30114,0,1,1,2,139,320,900,7528,21,7,0,0,0,0,123,0,0,0,0
5240,0,1023,1,30114,0,1,1,2,139,320,900,7528,21,7,0,0,0,0,123,0,0,0,0
5241,0,1023,1,30114,0,1,1,2,139,320,900,7528,21,7,0,0,0,0,123,0,0,0,0
5242,0,1023,1,30114,0,1,1,2,139,320,900,7528,21,7,0,0,0,0,123,0,0,0,0
5243,0,1023,1,30114,0,1,1,2,139,320,900,7528,21,7,0,0,0,0,123,0,0,0,0
5244,0,1023,1,30114,0,1,1,2,139,320,900,7528,21,7,0,0,0,0,123,0,0,0,0
5245,0,1023,1,30114,0,1,1,2,139,320,900,7528,21,7,0,0,0,0,123,0,0,0,0
5246,0,1023,1,30114,0,1,1,2,139,320,900,7528,21,7,0,0,0,0,123,0,0,0,0
5247,0,1023,1,30114,0,1,1,2,139,320,900,7528,21,7,0,0,0,0,123,0,0,0,0
5248,0,1023,1,30114,0,1,1,2,139,320,900,7528,21,7,0,0,0,0,123,0,0,0,0
5249,0,1023,1,30114,0,1,1,2,139,320,900,7528,21,7,0,0,0,0,123,0,0,0,0
5250,0,1023,1,30114,0,1,1,2,139,320,900,7528,21,7,0,0,0,0,123,0,0,0,0
5251,0,1023,1,30114,0,1,1,2,139,320,900,7528,21,7,0,0,0,0,123,0,0,0,0
5252,0,1023,1,30114,0,1,1,2,139,320,900,7528,21,7,0,0,0,0,123,0,0,0,0
5253,0,1023,1,30114,0,1,1,2,139,320,900,7528,21,7,0,0,0,0,123,0,0,0,0
5254,0,1023,1,30114,0,1,1,2,139,320,900,7528,21,7,0,0,0,0,123,0,0,0,0
5255,0,1023,1,30114,0,1,1,2,139,320,900,7528,21,7,0,0,0,0,123,0,0,0,0
5256,0,1023,1,30114,0,1,1,2,139,320,900,7528,21,7,0,0,0,0,123,0,0,0,0
5257,0,1023,1,30114,0,1,1,2,139,320,900,7528,21,7,0,0,0,0,123,0,0,0,0
5258,0,1023,1,30114,0,1,1,2,139,320,900,7528,21,7,0,0,0,0,123,0,0,0,0
5259,0,1023,1,30114,0,1,1,2,139,320,900,7528,21,7,0,0,0,0,123,0,0,0,0
5260,0,1023,1,30114,0,1,1,2,139,320,900,7528,21,7,0,0,0,0,123,0,0,0,0
5261,0,1023,1,30114,0,1,1,2,139,320,900,7528,21,7,0,0,0,0,123,0,0,0,0
5262,0,1023,1,30114,0,1,1,2,139,320,900,7528,21,7,0,0,0,0,123,0,0,0,0
5263,0,1023,1,30114,0,1,1,2,139,320,900,7528,21,7,0,0,0,0,123,0,0,0,0
5264,0,1023,1,30114,0,1,1,2,139,320,900,7528,21,7,0,0,0,0,123,0,0,0,0
5265,0,1023,1,30114,0,1,1,2,139,320,900,7528,21,7,0,0,0,0,123,0,0,0,0
5266,0,1023,1,30114,0,1,1,2,139,320,900,7528,21,7,0,0,0,0,123,0,0,0,0
5267,0,1023,1,30114,0,1,1,2,139,320,900,7528,21,7,0,0,0,0,123,0,0,0,0
5268,0,1023,1,30114,0,1,1,2,139,320,900,7528,21,7,0,0,0,0,123,0,0,0,0
5269,0,1023,1,30114,0,1,1,2,139,320,900,7528,21,7,0,0,0,0,123,0,0,0,0
5270,0,1023,1,30114,0,1,1,2,139,320,900,7528,21,7,0,0,0,0,123,0,0,0,0
5271,0,1023,1,30114,0,1,1,2,139,320,900,7528,21,7,0,0,0,0,123,0,0,0,0
5272,0,1023,1,30114,0,1,1,2,139,320,900,7528,21,7,0,0,0,0,123,0,0,0,0
5273,0,1023,1,30114,0,1,1,2,139,320,900,7528,21,7,0,0,0,0,123,0,0,0,0
5274,0,1023,1,30114,0,1,1,2,139,320,900,7528,21,7,0,0,0,0,123,0,0,0,0
5275,0,1023,1,30114,0,1,1,2,139,320,900,7528,21,7,0,0,0,0,123,0,0,0,0
5276,0,1023,1,30114,0,1,1,2,139,320,900,7528,21,7,0,0,0,0,123,0,0,0,0
5277,0,1023,1,30114,0,1,1,2,139,320,900,7528,21,7,0,0,0,0,123,0,0,0,0
5278,0,1023,1,30114,0,1,1,2,139,320,900,7528,21,7,0,0,0,0,123,0,0,0,0
5279,0,1023,1,30114,0,1,1,2,139,320,900,7528,21,7,0,0,0,0,123,0,0,0,0
5280,0,1023,1,30114,0,1,1,2,139,320,900,7528,21,7,0,0,0,0,123,0,0,0,0
5281,0,1023,1,30114,0,1,1,2,139,320,900,7528,21,7,0,0,0,0,123,0,0,0,0
5282,0,1023,1,30114,0,1,1,2,139,320,900,7528,21,7,0,0,0,0,123,0,0,0,0
5283,0,1023,1,30114,0,1,1,2,139,320,900,7528,21,7,0,0,0,0,123,0,0,0,0
5284,0,1023,1,30114,0,1,1,2,139,320,900,7528,21,7,0,0,0,0,123,0,0,0,0
5285,0,1023,1,30114,0,1,1,2,139,320,900,7528,21,7,0,0,0,0,123,0,0,0,0
5286,0,1023,1,30114,0,1,1,2,139,320,900,7528,21,7,0,0,0,0,123,0,0,0,0
5287,0,1023,1,30114,0,1,1,2,139,320,900,7528,21,7,0,0,0,0,123,0,0,0,0
5288,0,1023,1,30114,0,1,1,2,139,320,900,7528,21,7,0,0,0,0,123,0,0,0,0
5289,0,1023,1,30114,0,1,1,2,139,320,900,7528,21,7,0,0,0,0,123,0,0,0,0
5290,0,1023,1,30114,0,1,1,2,139,320,900,7528,21,7,0,0,0,0,123,0,0,0,0
5291,0,1023,1,30114,0,1,1,2,139,320,900,7528,21,7,0,0,0,0,123,0,0,0,0
5292,0,1023,1,30114,0,1,1,2,139,320,900,7528,21,7,0,0,0,0,123,0,0,0,0
5293,0,1023,1,30114,0,1,1,2,139,320,900,7528,21,7,0,0,0,0,123,0,0,0,0
5294,0,1023,1,30114,0,1,1,2,139,320,900,7528,21,7,0,0,0,0,123,0,0,0,0
5295,0,1023,1,30114,0,1,1,2,139,320,900,7528,21,7,0,0,0,0,123,0,0,0,0
5296,0,1023,1,30114,0,1,1,2,139,320,900,7528,21,7,0,0,0,0,123,0,0,0,0
5297,0,1023,1,30114,0,1,1,2,139,320,900,7528,21,7,0,0,0,0,123,0,0,0,0
5298,0,1023,1,30114,0,1,1,2,139,320,900,7528,21,7,0,0,0,0,123,0,0,0,0
5299,0,1023,1,30114,0,1,1,2,139,320,900,7528,21,7,0,0,0,0,123,0,0,0,0
5300,0,1023,1,30114,0,1,1,2,139,320,900,7528,21,7,0,0,0,0,123,0,0,0,0
5301,0,1023,1,30114,0,1,1,2,139,320,900,7528,21,7,0,0,0,0,123,0,0,0,0
5302,0,1023,1,30114,0,1,1,2,139,320,900,7528,21,7,0,0,0,0,123,0,0,0,0
5303,0,1023,1,30114,0,1,1,2,139,320,900,7528,21,7,0,0,0,0,123,0,0,0,0
5304,0,1023,1,30114,0,1,1,2,139,320,900,7528,21,7,0,0,0,0,123,0,0,0,0
5305,0,1023,1,30114,0,1,1,2,139,320,900,7528,21,7,0,0,0,0,123,0,0,0,0
5306,0,1023,1,30114,0,1,1,2,139,320,900,7528,21,7,0,0,0,0,123,0,0,0,0
5307,0,1023,1,30114,0,1,1,2,139,320,900,7528,21,7,0,0,0,0,123,0,0,0,0
5308,0,1023,1,30114,0,1,1,2,139,320,900,7528,21,7,0,0,0,0,123,0,0,0,0
5309,0,1023,1,30114,0,1,1,2,139,320,900,7528,21,7,0,0,0,0,123,0,0,0,0
5310,0,1023,1,30114,0,1,1,2,139,320,900,7528,21,7,0,0,0,0,123,0,0,0,0
5311,0,1023,1,30114,0,1,1,2,139,320,900,7528,21,7,0,0,0,0,123,0,0,0,0
5312,0,1023,1,30114,0,1,1,2,139,320,900,7528,21,7,0,0,0,0,123,0,0,0,0
5313,0,1023,1,30114,0,1,1,2,139,320,900,7528,21,7,0,0,0,0,123,0,0,0,0
5314,0,1023,1,30114,0,1,1,2,139,320,900,7528,21,7,0,0,0,0,123,0,0,0,0
5315,0,1023,1,30114,0,1,1,2,139,320,900,7528,21,7,0,0,0,0,123,0,0,0,0
5316,0,1023,1,30114,0,1,1,2,139,320,900,7528,21,7,0,0,0,0,123,0,0,0,0
5317,0,1023,1,30114,0,1,1,2,139,320,900,7528,21,7,0,0,0,0,123,0,0,0,0
5318,0,1023,1,30114,0,1,1,2,139,320,900,7528,21,7,0,0,0,0,123,0,0,0,0
5319,0,1023,1,30114,0,1,1,2,139,320,900,7528,21,7,0,0,0,0,123,0,0,0,0
5320,0,1023,1,30114,0,1,1,2,139,320,900,7528,21,7,0,0,0,0,123,0,0,0,0
5321,0,1023,1,30114,0,1,1,2,139,320,900,7528,21,7,0,0,0,0,123,0,0,0,0
5322,0,1023,1,30114,0,1,1,2,139,320,900,7528,21,7,0,0,0,0,123,0,0,0,0
5323,0,1023,1,30114,0,1,1,2,139,320,900,7528,21,7,0,0,0,0,123,0,0,0,0
5324,0,1023,1,30114,0,1,1,2,139,320,900,7528,21,7,0,0,0,0,123,0,0,0,0
5325,0,1023,1,30114,0,1,1,2,139,320,900,7528,21,7,0,0,0,0,123,0,0,0,0
5326,0,1023,1,30114,0,1,1,2,139,320,900,7528,21,7,0,0,0,0,123,0,0,0,0
5327,0,1023,1,30114,0,1,1,2,139,320,900,7528,21,7,0,0,0,0,123,0,0,0,0
5328,0,1023,1,30114,0,1,1,2,139,320,900,7528,21,7,0,0,0,0,123,0,0,0,0
5329,0,1023,1,30114,0,1,1,2,139,320,900,7528,21,7,0,0,0,0,123,0,0,0,0
5330,0,1023,1,30114,0,1,1,2,139,320,900,7528,21,7,0,0,0,0,123,0,0,0,0
5331,0,1023,1,30114,0,1,1,2,139,320,900,7528,21,7,0,0,0,0,123,0,0,0,0
5332,0,1023,1,30114,0,1,1,2,139,320,900,7528,21,7,0,0,0,0,123,0,0,0,0
5333,0,1023,1,30114,0,1,1,2,139,320,900,7528,21,7,0,0,0,0,123,0,0,0,0
5334,0,1023,1,30114,0,1,1,2,139,320,900,7528,21,7,0,0,0,0,123,0,0,0,0
5335,0,1023,1,30114,0,1,1,2,139,320,900,7528,21,7,0,0,0,0,123,0,0,0,0
5336,0,1023,1,30114,0,1,1,2,139,320,900,7528,21,7,0,0,0,0,123,0,0,0,0
5337,0,1023,1,30114,0,1,1,2,139,320,900,7528,21,7,0,0,0,0,123,0,0,0,0
5338,0,1023,1,30114,0,1,1,2,139,320,900,7528,21,7,0,0,0,0,123,0,0,0,0
5339,0,1023,1,30114,0,1,1,2,139,320,900,7528,21,7,0,0,0,0,123,0,0,0,0
5340,0,1023,1,30114,0,1,1,2,139,320,900,7528,21,7,0,0,0,0,123,0,0,0,0
5341,0,1023,1,30114,0,1,1,2,139,320,900,7528,21,7,0,0,0,0,123,0,0,0,0
5342,0,1023,1,30114,0,1,1,2,139,320,900,7528,21,7,0,0,0,0,123,0,0,0,0
5343,0,1023,1,30114,0,1,1,2,139,320,900,7528,21,7,0,0,0,0,123,0,0,0,0
5344,0,1023,1,30114,0,1,1,2,139,320,900,7528,21,7,0,0,0,0,123,0,0,0,0
5345,0,1023,1,30114,0,1,1,2,139,320,900,7528,21,7,0,0,0,0,123,0,0,0,0
5346,0,1023,1,30114,0,1,1,2,139,320,900,7528,21,7,0,0,0,0,123,0,0,0,0
5347,0,1023,1,30114,0,1,1,2,139,320,900,7528,21,7,0,0,0,0,123,0,0,0,0
5348,0,1023,1,30114,0,1,1,2,139,320,900,7528,21,7,0,0,0,0,123,0,0,0,0
5349,0,1023,1,30114,0,1,1,2,139,320,900,7528,21,7,0,0,0,0,123,0,0,0,0
5350,0,1023,1,30114,0,1,1,2,139,320,900,7528,21,7,0,0,0,0,123,0,0,0,0
5351,0,1023,1,30114,0,1,1,2,139,320,900,7528,21,7,0,0,0,0,123,0,0,0,0
5352,0,1023,1,30114,0,1,1,2,139,320,900,7528,21,7,0,0,0,0,123,0,0,0,0
5353,0,1023,1,30114,0,1,1,2,139,320,900,7528,21,7,0,0,0,0,123,0,0,0,0
5354,0,1023,1,30114,0,1,1,2,139,320,900,7528,21,7,0,0,0,0,123,0,0,0,0
5355,0,1023,1,30114,0,1,1,2,139,320,900,7528,21,7,0,0,0,0,123,0,0,0,0
5356,0,1023,1,30114,0,1,1,2,139,320,900,7528,21,7,0,0,0,0,123,0,0,0,0
5357,0,1023,1,30114,0,1,1,2,139,320,900,7528,21,7,0,0,0,0,123,0,0,0,0
5358,0,1023,1,30114,0,1,1,2,139,320,900,7528,21,7,0,0,0,0,123,0,0,0,0
5359,0,1023,1,30114,0,1,1,2,139,320,900,7528,21,7,0,0,0,0,123,0,0,0,0
5360,0,1023,1,30114,0,1,1,2,139,320,900,7528,21,7,0,0,0,0,123,0,0,0,0
5361,0,1023,1,30114,0,1,1,2,139,320,900,7528,21,7,0,0,0,0,123,0,0,0,0
5362,0,1023,1,30114,0,1,1,2,139,320,900,7528,21,7,0,0,0,0,123,0,0,0,0
5363,0,1023,1,30114,0,1,1,2,139,320,900,7528,21,7,0,0,0,0,123,0,0,0,0
5364,0,1023,1,30114,0,1,1,2,139,320,900,7528,21,7,0,0,0,0,123,0,0,0,0
5365,0,1023,1,30114,0,1,1,2,139,320,900,7528,21,7,0,0,0,0,123,0,0,0,0
5366,0,1023,1,30114,0,1,1,2,139,320,900,7528,21,7,0,0,0,0,123,0,0,0,0
5367,0,1023,1,30114,0,1,1,2,139,320,900,7528,21,7,0,0,0,0,123,0,0,0,0
5368,0,1023,1,30114,0,1,1,2,139,320,900,7528,21,7,0,0,0,0,123,0,0,0,0
5369,0,1023,1,30114,0,1,1,2,139,320,900,7528,21,7,0,0,0,0,123,0,0,0,0
5370,0,1023,1,30114,0,1,1,2,139,320,900,7528,21,7,0,0,0,0,123,0,0,0,0
5371,0,1023,1,30114,0,1,1,2,139,320,900,7528,21,7,0,0,0,0,123,0,0,0,0
5372,0,1023,1,30114,0,1,1,2,139,320,900,7528,21,7,0,0,0,0,123,0,0,0,0
5373,0,1023,1,30114,0,1,1,2,139,320,900,7528,21,7,0,0,0,0,123,0,0,0,0
5374,0,1023,1,30114,0,1,1,2,139,320,900,7528,21,7,0,0,0,0,123,0,0,0,0
5375,0,1023,1,30114,0,1,1,2,139,320,900,7528,21,7,0,0,0,0,123,0,0,0,0
5376,0,1023,1,30114,0,1,1,2,139,320,900,7528,21,7,0,0,0,0,123,0,0,0,0
5377,0,1023,1,30114,0,1,1,2,139,320,900,7528,21,7,0,0,0,0,123,0,0,0,0
5378,0,1023,1,30114,0,1,1,2,139,320,900,7528,21,7,0,0,0,0,123,0,0,0,0
5379,0,1023,1,30114,0,1,1,2,139,320,900,7528,21,7,0,0,0,0,123,0,0,0,0
5380,0,1023,1,30114,0,1,1,2,139,320,900,7528,21,7,0,0,0,0,123,0,0,0,0
5381,0,1023,1,30114,0,1,1,2,139,320,900,7528,21,7,0,0,0,0,123,0,0,0,0
5382,0,1023,1,30114,0,1,1,2,139,320,900,7528,21,7,0,0,0,0,123,0,0,0,0
5383,0,1023,1,30114,0,1,1,2,139,320,900,7528,21,7,0,0,0,0,123,0,0,0,0
5384,0,1023,1,30114,0,1,1,2,139,320,900,7528,21,7,0,0,0,0,123,0,0,0,0
5385,0,1023,1,30114,0,1,1,2,139,320,900,7528,21,7,0,0,0,0,123,0,0,0,0
5386,0,1023,1,30114,0,1,1,2,139,320,900,7528,21,7,0,0,0,0,123,0,0,0,0
5387,0,1023,1,30114,0,1,1,2,139,320,900,7528,21,7,0,0,0,0,123,0,0,0,0
5388,0,1023,1,30114,0,1,1,2,139,320,900,7528,21,7,0,0,0,0,123,0,0,0,0
5389,0,1023,1,30114,0,1,1,2,139,320,900,7528,21,7,0,0,0,0,123,0,0,0,0
5390,0,1023,1,30114,0,1,1,2,139,320,900,7528,21,7,0,0,0,0,123,0,0,0,0
5391,0,1023,1,30114,0,1,1,2,139,320,900,7528,21,7,0,0,0,0,123,0,0,0,0
5392,0,1023,1,30114,0,1,1,2,139,320,900,7528,21,7,0,0,0,0,123,0,0,0,0
5393,0,1023,1,30114,0,1,1,2,139,320,900,7528,21,7,0,0,0,0,123,0,0,0,0
5394,0,1023,1,30114,0,1,1,2,139,320,900,7528,21,7,0,0,0,0,123,0,0,0,0
5395,0,1023,1,30114,0,1,1,2,139,320,900,7528,21,7,0,0,0,0,123,0,0,0,0
5396,0,1023,1,30114,0,1,1,2,139,320,900,7528,21,7,0,0,0,0,123,0,0,0,0
5397,0,1023,1,30114,0,1,1,2,139,320,900,7528,21,7,0,0,0,0,123,0,0,0,0
5398,0,1023,1,30114,0,1,1,2,139,320,900,7528,21,7,0,0,0,0,123,0,0,0,0
5399,0,1023,1,30114,0,1,1,2,139,320,900,7528,21,7,0,0,0,0,123,0,0,0,0
5400,0,1023,1,30114,0,1,1,2,139,320,900,7528,21,7,0,0,0,0,123,0,0,0,0
5401,0,1023,1,30114,0,1,1,2,139,320,900,7528,21,7,0,0,0,0,123,0,0,0,0
5402,0,1023,1,30114,0,1,1,2,139,320,900,7528,21,7,0,0,0,0,123,0,0,0,0
5403,0,1023,1,30114,0,1,1,2,139,320,900,7528,21,7,0,0,0,0,123,0,0,0,0
5404,0,1023,1,30114,0,1,1,2,139,320,900,7528,21,7,0,0,0,0,123,0,0,0,0
5405,0,1023,1,30114,0,1,1,2,139,320,900,7528,21,7,0,0,0,0,123,0,0,0,0
5406,0,1023,1,30114,0,1,1,2,139,320,900,7528,21,7,0,0,0,0,123,0,0,0,0
5407,0,1023,1,30114,0,1,1,2,139,320,900,7528,21,7,0,0,0,0,123,0,0,0,0
5408,0,1023,1,30114,0,1,1,2,139,320,900,7528,21,7,0,0,0,0,123,0,0,0,0
5409,0,1023,1,30114,0,1,1,2,139,320,900,7528,21,7,0,0,0,0,123,0,0,0,0
5410,0,1023,1,30114,0,1,1,2,139,320,900,7528,21,7,0,0,0,0,123,0,0,0,0
5411,0,1023,1,30114,0,1,1,2,139,320,900,7528,21,7,0,0,0,0,123,0,0,0,0
5412,0,1023,1,30114,0,1,1,2,139,320,900,7528,21,7,0,0,0,0,123,0,0,0,0
5413,0,1023,1,30114,0,1,1,2,139,320,900,7528,21,7,0,0,0,0,123,0,0,0,0
5414,0,1023,1,30114,0,1,1,2,139,320,900,7528,21,7,0,0,0,0,123,0,0,0,0
5415,0,1023,1,30114,0,1,1,2,139,320,900,7528,21,7,0,0,0,0,123,0,0,0,0
5416,0,1023,1,30114,0,1,1,2,139,320,900,7528,21,7,0,0,0,0,123,0,0,0,0
5417,0,1023,1,30114,0,1,1,2,139,320,900,7528,21,7,0,0,0,0,123,0,0,0,0
5418,0,1023,1,30114,0,1,1,2,139,320,900,7528,21,7,0,0,0,0,123,0,0,0,0
5419,0,1023,1,30114,0,1,1,2,139,320,900,7528,21,7,0,0,0,0,123,0,0,0,0
5420,0,1023,1,30114,0,1,1,2,139,320,900,7528,21,7,0,0,0,0,123,0,0,0,0
5421,0,1023,1,30114,0,1,1,2,139,320,900,7528,21,7,0,0,0,0,123,0,0,0,0
5422,0,1023,1,30114,0,1,1,2,139,320,900,7528,21,7,0,0,0,0,123,0,0,0,0
5423,0,1023,1,30114,0,1,1,2,139,320,900,7528,21,7,0,0,0,0,123,0,0,0,0
5424,0,1023,1,30114,0,1,1,2,139,320,900,7528,21,7,0,0,0,0,123,0,0,0,0
5425,0,1023,1,30114,0,1,1,2,139,320,900,7528,21,7,0,0,0,0,123,0,0,0,0
5426,0,1023,1,30114,0,1,1,2,139,320,900,7528,21,7,0,0,0,0,123,0,0,0,0
5427,0,1023,1,30114,0,1,1,2,139,320,900,7528,21,7,0,0,0,0,123,0,0,0,0
5428,0,1023,1,30114,0,1,1,2,139,320,900,7528,21,7,0,0,0,0,123,0,0,0,0
5429,0,1023,1,30114,0,1,1,2,139,320,900,7528,21,7,0,0,0,0,123,0,0,0,0
5430,0,1023,1,30114,0,1,1,2,139,320,900,7528,21,7,0,0,0,0,123,0,0,0,0
5431,0,1023,1,30114,0,1,1,2,139,320,900,7528,21,7,0,0,0,0,123,0,0,0,0
5432,0,1023,1,30114,0,1,1,2,139,320,900,7528,21,7,0,0,0,0,123,0,0,0,0
5433,0,1023,1,30114,0,1,1,2,139,320,900,7528,21,7,0,0,0,0,123,0,0,0,0
5434,0,1023,1,30114,0,1,1,2,139,320,900,7528,21,7,0,0,0,0,123,0,0,0,0
5435,0,1023,1,30114,0,1,1,2,139,320,900,7528,21,7,0,0,0,0,123,0,0,0,0
5436,0,1023,1,30114,0,1,1,2,139,320,900,7528,21,7,0,0,0,0,123,0,0,0,0
5437,0,1023,1,30114,0,1,1,2,139,320,900,7528,21,7,0,0,0,0,123,0,0,0,0
5438,0,1023,1,30114,0,1,1,2,139,320,900,7528,21,7,0,0,0,0,123,0,0,0,0
5439,0,1023,1,30114,0,1,1,2,139,320,900,7528,21,7,0,0,0,0,123,0,0,0,0
5440,0,1023,1,30114,0,1,1,2,139,320,900,7528,21,7,0,0,0,0,123,0,0,0,0
5441,0,1023,1,30114,0,1,1,2,139,320,900,7528,21,7,0,0,0,0,123,0,0,0,0
5442,0,1023,1,30114,0,1,1,2,139,320,900,7528,21,7,0,0,0,0,123,0,0,0,0
5443,0,1023,1,30114,0,1,1,2,139,320,900,7528,21,7,0,0,0,0,123,0,0,0,0
5444,0,1023,1,30114,0,1,1,2,139,320,900,7528,21,7,0,0,0,0,123,0,0,0,0
5445,0,1023,1,30114,0,1,1,2,139,320,900,7528,21,7,0,0,0,0,123,0,0,0,0
5446,0,1023,1,30114,0,1,1,2,139,320,900,7528,21,7,0,0,0,0,123,0,0,0,0
5447,0,1023,1,30114,0,1,1,2,139,320,900,7528,21,7,0,0,0,0,123,0,0,0,0
5448,0,1023,1,30114,0,1,1,2,139,320,900,7528,21,7,0,0,0,0,123,0,0,0,0
5449,0,1023,1,30114,0,1,1,2,139,320,900,7528,21,7,0,0,0,0,123,0,0,0,0
5450,0,1023,1,30114,0,1,1,2,139,320,900,7528,21,7,0,0,0,0,123,0,0,0,0
5451,0,1023,1,30114,0,1,1,2,139,320,900,7528,21,7,0,0,0,0,123,0,0,0,0
5452,0,1023,1,30114,0,1,1,2,139,320,900,7528,21,7,0,0,0,0,123,0,0,0,0
5453,0,1023,1,30114,0,1,1,2,139,320,900,7528,21,7,0,0,0,0,123,0,0,0,0
5454,0,1023,1,30114,0,1,1,2,139,320,900,7528,21,7,0,0,0,0,123,0,0,0,0
5455,0,1023,1,30114,0,1,1,2,139,320,900,7528,21,7,0,0,0,0,123,0,0,0,0
5456,0,1023,1,30114,0,1,1,2,139,320,900,7528,21,7,0,0,0,0,123,0,0,0,0
5457,0,1023,1,30114,0,1,1,2,139,320,900,7528,21,7,0,0,0,0,123,0,0,0,0
5458,0,1023,1,30114,0,1,1,2,139,320,900,7528,21,7,0,0,0,0,123,0,0,0,0
5459,0,1023,1,30114,0,1,1,2,139,320,900,7528,21,7,0,0,0,0,123,0,0,0,0
5460,0,1023,1,30114,0,1,1,2,139,320,900,7528,21,7,0,0,0,0,123,0,0,0,0
5461,0,1023,1,30114,0,1,1,2,139,320,900,7528,21,7,0,0,0,0,123,0,0,0,0
5462,0,1023,1,30114,0,1,1,2,139,320,900,7528,21,7,0,0,0,0,123,0,0,0,0
5463,0,1023,1,30114,0,1,1,2,139,320,900,7528,21,7,0,0,0,0,123,0,0,0,0
5464,0,1023,1,30114,0,1,1,2,139,320,900,7528,21,7,0,0,0,0,123,0,0,0,0
5465,0,1023,1,30114,0,1,1,2,139,320,900,7528,21,7,0,0,0,0,123,0,0,0,0
5466,0,1023,1,30114,0,1,1,2,139,320,900,7528,21,7,0,0,0,0,123,0,0,0,0
5467,0,1023,1,30114,0,1,1,2,139,320,900,7528,21,7,0,0,0,0,123,0,0,0,0
5468,0,1023,1,30114,0,1,1,2,139,320,900,7528,21,7,0,0,0,0,123,0,0,0,0
5469,0,1023,1,30114,0,1,1,2,139,320,900,7528,21,7,0,0,0,0,123,0,0,0,0
5470,0,1023,1,30114,0,1,1,2,139,320,900,7528,21,7,0,0,0,0,123,0,0,0,0
5471,0,1023,1,30114,0,1,1,2,139,320,900,7528,21,7,0,0,0,0,123,0,0,0,0
5472,0,1023,1,30114,0,1,1,2,139,320,900,7528,21,7,0,0,0,0,123,0,0,0,0
5473,0,1023,1,30114,0,1,1,2,139,320,900,7528,21,7,0,0,0,0,123,0,0,0,0
5474,0,1023,1,30114,0,1,1,2,139,320,900,7528,21,7,0,0,0,0,123,0,0,0,0
5475,0,1023,1,30114,0,1,1,2,139,320,900,7528,21,7,0,0,0,0,123,0,0,0,0
5476,0,1023,1,30114,0,1,1,2,139,320,900,7528,21,7,0,0,0,0,123,0,0,0,0
5477,0,1023,1,30114,0,1,1,2,139,320,900,7528,21,7,0,0,0,0,123,0,0,0,0
5478,0,1023,1,30114,0,1,1,2,139,320,900,7528,21,7,0,0,0,0,123,0,0,0,0
5479,0,1023,1,30114,0,1,1,2,139,320,900,7528,21,7,0,0,0,0,123,0,0,0,0
5480,0,1023,1,30114,0,1,1,2,139,320,900,7528,21,7,0,0,0,0,123,0,0,0,0
5481,0,1023,1,30114,0,1,1,2,139,320,900,7528,21,7,0,0,0,0,123,0,0,0,0
5482,0,1023,1,30114,0,1,1,2,139,320,900,7528,21,7,0,0,0,0,123,0,0,0,0
5483,0,1023,1,30114,0,1,1,2,139,320,900,7528,21,7,0,0,0,0,123,0,0,0,0
5484,0,1023,1,30114,0,1,1,2,139,320,900,7528,21,7,0,0,0,0,123,0,0,0,0
5485,0,1023,1,30114,0,1,1,2,139,320,900,7528,21,7,0,0,0,0,123,0,0,0,0
5486,0,1023,1,30114,0,1,1,2,139,320,900,7528,21,7,0,0,0,0,123,0,0,0,0
5487,0,1023,1,30114,0,1,1,2,139,320,900,7528,21,7,0,0,0,0,123,0,0,0,0
5488,0,1023,1,30114,0,1,1,2,139,320,900,7528,21,7,0,0,0,0,123,0,0,0,0
5489,0,1023,1,30114,0,1,1,2,139,320,900,7528,21,7,0,0,0,0,123,0,0,0,0
5490,0,1023,1,30114,0,1,1,2,139,320,900,7528,21,7,0,0,0,0,123,0,0,0,0
5491,0,1023,1,30114,0,1,1,2,139,320,900,7528,21,7,0,0,0,0,123,0,0,0,0
5492,0,1023,1,30114,0,1,1,2,139,320,900,7528,21,7,0,0,0,0,123,0,0,0,0
5493,0,1023,1,30114,0,1,1,2,139,320,900,7528,21,7,0,0,0,0,123,0,0,0,0
5494,0,1023,1,30114,0,1,1,2,139,320,900,7528,21,7,0,0,0,0,123,0,0,0,0
5495,0,1023,1,30114,0,1,1,2,139,320,900,7528,21,7,0,0,0,0,123,0,0,0,0
5496,0,1023,1,30114,0,1,1,2,139,320,900,7528,21,7,0,0,0,0,123,0,0,0,0
5497,0,1023,1,30114,0,1,1,2,139,320,900,7528,21,7,0,0,0,0,123,0,0,0,0
5498,0,1023,1,30114,0,1,1,2,139,320,900,7528,21,7,0,0,0,0,123,0,0,0,0
5499,0,1023,1,30114,0,1,1,2,139,320,900,7528,21,7,0,0,0,0,123,0,0,0,0
5500,0,1023,1,30114,0,1,1,2,139,320,900,7528,21,7,0,0,0,0,123,0,0,0,0
5501,0,1023,1,30114,0,1,1,2,139,320,900,7528,21,7,0,0,0,0,123,0,0,0,0
5502,0,1023,1,30114,0,1,1,2,139,320,900,7528,21,7,0,0,0,0,123,0,0,0,0
5503,0,1023,1,30114,0,1,1,2,139,320,900,7528,21,7,0,0,0,0,123,0,0,0,0
5504,0,1023,1,30114,0,1,1,2,139,320,900,7528,21,7,0,0,0,0,123,0,0,0,0
5505,0,1023,1,30114,0,1,1,2,139,320,900,7528,21,7,0,0,0,0,123,0,0,0,0
5506,0,1023,1,30114,0,1,1,2,139,320,900,7528,21,7,0,0,0,0,123,0,0,0,0
5507,0,1023,1,30114,0,1,1,2,139,320,900,7528,21,7,0,0,0,0,123,0,0,0,0
5508,0,1023,1,30114,0,1,1,2,139,320,900,7528,21,7,0,0,0,0,123,0,0,0,0
5509,0,1023,1,30114,0,1,1,2,139,320,900,7528,21,7,0,0,0,0,123,0,0,0,0
5510,0,1023,1,30114,0,1,1,2,139,320,900,7528,21,7,0,0,0,0,123,0,0,0,0
5511,0,1023,1,30114,0,1,1,2,139,320,900,7528,21,7,0,0,0,0,123,0,0,0,0
5512,0,1023,1,30114,0,1,1,2,139,320,900,7528,21,7,0,0,0,0,123,0,0,0,0
5513,0,1023,1,30114,0,1,1,2,139,320,900,7528,21,7,0,0,0,0,123,0,0,0,0
5514,0,1023,1,30114,0,1,1,2,139,320,900,7528,21,7,0,0,0,0,123,0,0,0,0
5515,0,1023,1,30114,0,1,1,2,139,320,900,7528,21,7,0,0,0,0,123,0,0,0,0
5516,0,1023,1,30114,0,1,1,2,139,320,900,7528,21,7,0,0,0,0,123,0,0,0,0
5517,0,1023,1,30114,0,1,1,2,139,320,900,7528,21,7,0,0,0,0,123,0,0,0,0
5518,0,1023,1,30114,0,1,1,2,139,320,900,7528,21,7,0,0,0,0,123,0,0,0,0
5519,0,1023,1,30114,0,1,1,2,139,320,900,7528,21,7,0,0,0,0,123,0,0,0,0
5520,0,1023,1,30114,0,1,1,2,139,320,900,7528,21,7,0,0,0,0,123,0,0,0,0
5521,0,1023,1,30114,0,1,1,2,139,320,900,7528,21,7,0,0,0,0,123,0,0,0,0
5522,0,1023,1,30114,0,1,1,2,139,320,900,7528,21,7,0,0,0,0,123,0,0,0,0
5523,0,1023,1,30114,0,1,1,2,139,320,900,7528,21,7,0,0,0,0,123,0,0,0,0
5524,0,1023,1,30114,0,1,1,2,139,320,900,7528,21,7,0,0,0,0,123,0,0,0,0
5525,0,1023,1,30114,0,1,1,2,139,320,900,7528,21,7,0,0,0,0,123,0,0,0,0
5526,0,1023,1,30114,0,1,1,2,139,320,900,7528,21,7,0,0,0,0,123,0,0,0,0
5527,0,1023,1,30114,0,1,1,2,139,320,900,7528,21,7,0,0,0,0,123,0,0,0,0
5528,0,1023,1,30114,0,1,1,2,139,320,900,7528,21,7,0,0,0,0,123,0,0,0,0
5529,0,1023,1,30114,0,1,1,2,139,320,900,7528,21,7,0,0,0,0,123,0,0,0,0
5530,0,1023,1,30114,0,1,1,2,139,320,900,7528,21,7,0,0,0,0,123,0,0,0,0
5531,0,1023,1,30114,0,1,1,2,139,320,900,7528,21,7,0,0,0,0,123,0,0,0,0
5532,0,1023,1,30114,0,1,1,2,139,320,900,7528,21,7,0,0,0,0,123,0,0,0,0
5533,0,1023,1,30114,0,1,1,2,139,320,900,7528,21,7,0,0,0,0,123,0,0,0,0
5534,0,1023,1,30114,0,1,1,2,139,320,900,7528,21,7,0,0,0,0,123,0,0,0,0
5535,0,1023,1,30114,0,1,1,2,139,320,900,7528,21,7,0,0,0,0,123,0,0,0,0
5536,0,1023,1,30114,0,1,1,2,139,320,900,7528,21,7,0,0,0,0,123,0,0,0,0
5537,0,1023,1,30114,0,1,1,2,139,320,900,7528,21,7,0,0,0,0,123,0,0,0,0
5538,0,1023,1,30114,0,1,1,2,139,320,900,7528,21,7,0,0,0,0,123,0,0,0,0
5539,0,1023,1,30114,0,1,1,2,139,320,900,7528,21,7,0,0,0,0,123,0,0,0,0
5540,0,1023,1,30114,0,1,1,2,139,320,900,7528,21,7,0,0,0,0,123,0,0,0,0
5541,0,1023,1,30114,0,1,1,2,139,320,900,7528,21,7,0,0,0,0,123,0,0,0,0
5542,0,1023,1,30114,0,1,1,2,139,320,900,7528,21,7,0,0,0,0,123,0,0,0,0
5543,0,1023,1,30114,0,1,1,2,139,320,900,7528,21,7,0,0,0,0,123,0,0,0,0
5544,0,1023,1,30114,0,1,1,2,139,320,900,7528,21,7,0,0,0,0,123,0,0,0,0
5545,0,1023,1,30114,0,1,1,2,139,320,900,7528,21,7,0,0,0,0,123,0,0,0,0
5546,0,1023,1,30114,0,1,1,2,139,320,900,7528,21,7,0,0,0,0,123,0,0,0,0
5547,0,1023,1,30114,0,1,1,2,139,320,900,7528,21,7,0,0,0,0,123,0,0,0,0
5548,0,1023,1,30114,0,1,1,2,139,320,900,7528,21,7,0,0,0,0,123,0,0,0,0
5549,0,1023,1,30114,0,1,1,2,139,320,900,7528,21,7,0,0,0,0,123,0,0,0,0
5550,0,1023,1,30114,0,1,1,2,139,320,900,7528,21,7,0,0,0,0,123,0,0,0,0
5551,0,1023,1,30114,0,1,1,2,139,320,900,7528,21,7,0,0,0,0,123,0,0,0,0
5552,0,1023,1,30114,0,1,1,2,139,320,900,7528,21,7,0,0,0,0,123,0,0,0,0
5553,0,1023,1,30114,0,1,1,2,139,320,900,7528,21,7,0,0,0,0,123,0,0,0,0
5554,0,1023,1,30114,0,1,1,2,139,320,900,7528,21,7,0,0,0,0,123,0,0,0,0
5555,0,1023,1,30114,0,1,1,2,139,320,900,7528,21,7,0,0,0,0,123,0,0,0,0
5556,0,1023,1,30114,0,1,1,2,139,320,900,7528,21,7,0,0,0,0,123,0,0,0,0
5557,0,1023,1,30114,0,1,1,2,139,320,900,7528,21,7,0,0,0,0,123,0,0,0,0
5558,0,1023,1,30114,0,1,1,2,139,320,900,7528,21,7,0,0,0,0,123,0,0,0,0
5559,0,1023,1,30114,0,1,1,2,139,320,900,7528,21,7,0,0,0,0,123,0,0,0,0
5560,0,1023,1,30114,0,1,1,2,139,320,900,7528,21,7,0,0,0,0,123,0,0,0,0
5561,0,1023,1,30114,0,1,1,2,139,320,900,7528,21,7,0,0,0,0,123,0,0,0,0
5562,0,1023,1,30114,0,1,1,2,139,320,900,7528,21,7,0,0,0,0,123,0,0,0,0
5563,0,1023,1,30114,0,1,1,2,139,320,900,7528,21,7,0,0,0,0,123,0,0,0,0
5564,0,1023,1,30114,0,1,1,2,139,320,900,7528,21,7,0,0,0,0,123,0,0,0,0
5565,0,1023,1,30114,0,1,1,2,139,320,900,7528,21,7,0,0,0,0,123,0,0,0,0
5566,0,1023,1,30114,0,1,1,2,139,320,900,7528,21,7,0,0,0,0,123,0,0,0,0
5567,0,1023,1,30114,0,1,1,2,139,320,900,7528,21,7,0,0,0,0,123,0,0,0,0
5568,0,1023,1,30114,0,1,1,2,139,320,900,7528,21,7,0,0,0,0,123,0,0,0,0
5569,0,1023,1,30114,0,1,1,2,139,320,900,7528,21,7,0,0,0,0,123,0,0,0,0
5570,0,1023,1,30114,0,1,1,2,139,320,900,7528,21,7,0,0,0,0,123,0,0,0,0
5571,0,1023,1,30114,0,1,1,2,139,320,900,7528,21,7,0,0,0,0,123,0,0,0,0
5572,0,1023,1,30114,0,1,1,2,139,320,900,7528,21,7,0,0,0,0,123,0,0,0,0
5573,0,1023,1,30114,0,1,1,2,139,320,900,7528,21,7,0,0,0,0,123,0,0,0,0
5574,0,1023,1,30114,0,1,1,2,139,320,900,7528,21,7,0,0,0,0,123,0,0,0,0
5575,0,1023,1,30114,0,1,1,2,139,320,900,7528,21,7,0,0,0,0,123,0,0,0,0
5576,0,1023,1,30114,0,1,1,2,139,320,900,7528,21,7,0,0,0,0,123,0,0,0,0
5577,0,1023,1,30114,0,1,1,2,139,320,900,7528,21,7,0,0,0,0,123,0,0,0,0
5578,0,1023,1,30114,0,1,1,2,139,320,900,7528,21,7,0,0,0,0,123,0,0,0,0
5579,0,1023,1,30114,0,1,1,2,139,320,900,7528,21,7,0,0,0,0,123,0,0,0,0
5580,0,1023,1,30114,0,1,1,2,139,320,900,7528,21,7,0,0,0,0,123,0,0,0,0
5581,0,1023,1,30114,0,1,1,2,139,320,900,7528,21,7,0,0,0,0,123,0,0,0,0
5582,0,1023,1,30114,0,1,1,2,139,320,900,7528,21,7,0,0,0,0,123,0,0,0,0
5583,0,1023,1,30114,0,1,1,2,139,320,900,7528,21,7,0,0,0,0,123,0,0,0,0
5584,0,1023,1,30114,0,1,1,2,139,320,900,7528,21,7,0,0,0,0,123,0,0,0,0
5585,0,1023,1,30114,0,1,1,2,139,320,900,7528,21,7,0,0,0,0,123,0,0,0,0
5586,0,1023,1,30114,0,1,1,2,139,320,900,7528,21,7,0,0,0,0,123,0,0,0,0
5587,0,1023,1,30114,0,1,1,2,139,320,900,7528,21,7,0,0,0,0,123,0,0,0,0
5588,0,1023,1,30114,0,1,1,2,139,320,900,7528,21,7,0,0,0,0,123,0,0,0,0
5589,0,1023,1,30114,0,1,1,2,139,320,900,7528,21,7,0,0,0,0,123,0,0,0,0
5590,0,1023,1,30114,0,1,1,2,139,320,900,7528,21,7,0,0,0,0,123,0,0,0,0
5591,0,1023,1,30114,0,1,1,2,139,320,900,7528,21,7,0,0,0,0,123,0,0,0,0
5592,0,1023,1,30114,0,1,1,2,139,320,900,7528,21,7,0,0,0,0,123,0,0,0,0
5593,0,1023,1,30114,0,1,1,2,139,320,900,7528,21,7,0,0,0,0,123,0,0,0,0
5594,0,1023,1,30114,0,1,1,2,139,320,900,7528,21,7,0,0,0,0,123,0,0,0,0
5595,0,1023,1,30114,0,1,1,2,139,320,900,7528,21,7,0,0,0,0,123,0,0,0,0
5596,0,1023,1,30114,0,1,1,2,139,320,900,7528,21,7,0,0,0,0,123,0,0,0,0
5597,0,1023,1,30114,0,1,1,2,139,320,900,7528,21,7,0,0,0,0,123,0,0,0,0
5598,0,1023,1,30114,0,1,1,2,139,320,900,7528,21,7,0,0,0,0,123,0,0,0,0
5599,0,1023,1,30114,0,1,1,2,139,320,900,7528,21,7,0,0,0,0,123,0,0,0,0
5600,0,1023,1,30114,0,1,1,2,139,320,900,7528,21,7,0,0,0,0,123,0,0,0,0
5601,0,1023,1,30114,0,1,1,2,139,320,900,7528,21,7,0,0,0,0,123,0,0,0,0
5602,0,1023,1,30114,0,1,1,2,139,320,900,7528,21,7,0,0,0,0,123,0,0,0,0
5603,0,1023,1,30114,0,1,1,2,139,320,900,7528,21,7,0,0,0,0,123,0,0,0,0
5604,0,1023,1,30114,0,1,1,2,139,320,900,7528,21,7,0,0,0,0,123,0,0,0,0
5605,0,1023,1,30114,0,1,1,2,139,320,900,7528,21,7,0,0,0,0,123,0,0,0,0
5606,0,1023,1,30114,0,1,1,2,139,320,900,7528,21,7,0,0,0,0,123,0,0,0,0
5607,0,1023,1,30114,0,1,1,2,139,320,900,7528,21,7,0,0,0,0,123,0,0,0,0
5608,0,1023,1,30114,0,1,1,2,139,320,900,7528,21,7,0,0,0,0,123,0,0,0,0
5609,0,1023,1,30114,0,1,1,2,139,320,900,7528,21,7,0,0,0,0,123,0,0,0,0
5610,0,1023,1,30114,0,1,1,2,139,320,900,7528,21,7,0,0,0,0,123,0,0,0,0
5611,0,1023,1,30114,0,1,1,2,139,320,900,7528,21,7,0,0,0,0,123,0,0,0,0
5612,0,1023,1,30114,0,1,1,2,139,320,900,7528,21,7,0,0,0,0,123,0,0,0,0
5613,0,1023,1,30114,0,1,1,2,139,320,900,7528,21,7,0,0,0,0,123,0,0,0,0
5614,0,1023,1,30114,0,1,1,2,139,320,900,7528,21,7,0,0,0,0,123,0,0,0,0
5615,0,1023,1,30114,0,1,1,2,139,320,900,7528,21,7,0,0,0,0,123,0,0,0,0
5616,0,1023,1,30114,0,1,1,2,139,320,900,7528,21,7,0,0,0,0,123,0,0,0,0
5617,0,1023,1,30114,0,1,1,2,139,320,900,7528,21,7,0,0,0,0,123,0,0,0,0
5618,0,1023,1,30114,0,1,1,2,139,320,900,7528,21,7,0,0,0,0,123,0,0,0,0
5619,0,1023,1,30114,0,1,1,2,139,320,900,7528,21,7,0,0,0,0,123,0,0,0,0
5620,0,1023,1,30114,0,1,1,2,139,320,900,7528,21,7,0,0,0,0,123,0,0,0,0
5621,0,1023,1,30114,0,1,1,2,139,320,900,7528,21,7,0,0,0,0,123,0,0,0,0
5622,0,1023,1,30114,0,1,1,2,139,320,900,7528,21,7,0,0,0,0,123,0,0,0,0
5623,0,1023,1,30114,0,1,1,2,139,320,900,7528,21,7,0,0,0,0,123,0,0,0,0
5624,0,1023,1,30114,0,1,1,2,139,320,900,7528,21,7,0,0,0,0,123,0,0,0,0
5625,0,1023,1,30114,0,1,1,2,139,320,900,7528,21,7,0,0,0,0,123,0,0,0,0
5626,0,1023,1,30114,0,1,1,2,139,320,900,7528,21,7,0,0,0,0,123,0,0,0,0
5627,0,1023,1,30114,0,1,1,2,139,320,900,7528,21,7,0,0,0,0,123,0,0,0,0
5628,0,1023,1,30114,0,1,1,2,139,320,900,7528,21,7,0,0,0,0,123,0,0,0,0
5629,0,1023,1,30114,0,1,1,2,139,320,900,7528,21,7,0,0,0,0,123,0,0,0,0
5630,0,1023,1,30114,0,1,1,2,139,320,900,7528,21,7,0,0,0,0,123,0,0,0,0
5631,0,1023,1,30114,0,1,1,2,139,320,900,7528,21,7,0,0,0,0,123,0,0,0,0
5632,0,1023,1,30114,0,1,1,2,139,320,900,7528,21,7,0,0,0,0,123,0,0,0,0
5633,0,1023,1,30114,0,1,1,2,139,320,900,7528,21,7,0,0,0,0,123,0,0,0,0
5634,0,1023,1,30114,0,1,1,2,139,320,900,7528,21,7,0,0,0,0,123,0,0,0,0
5635,0,1023,1,30114,0,1,1,2,139,320,900,7528,21,7,0,0,0,0,123,0,0,0,0
5636,0,1023,1,30114,0,1,1,2,139,320,900,7528,21,7,0,0,0,0,123,0,0,0,0
5637,0,1023,1,30114,0,1,1,2,139,320,900,7528,21,7,0,0,0,0,123,0,0,0,0
5638,0,1023,1,30114,0,1,1,2,139,320,900,7528,21,7,0,0,0,0,123,0,0,0,0
5639,0,1023,1,30114,0,1,1,2,139,320,900,7528,21,7,0,0,0,0,123,0,0,0,0
5640,0,1023,1,30114,0,1,1,2,139,320,900,7528,21,7,0,0,0,0,123,0,0,0,0
5641,0,1023,1,30114,0,1,1,2,139,320,900,7528,21,7,0,0,0,0,123,0,0,0,0
5642,0,1023,1,30114,0,1,1,2,139,320,900,7528,21,7,0,0,0,0,123,0,0,0,0
5643,0,1023,1,30114,0,1,1,2,139,320,900,7528,21,7,0,0,0,0,123,0,0,0,0
5644,0,1023,1,30114,0,1,1,2,139,320,900,7528,21,7,0,0,0,0,123,0,0,0,0
5645,0,1023,1,30114,0,1,1,2,139,320,900,7528,21,7,0,0,0,0,123,0,0,0,0
5646,0,1023,1,30114,0,1,1,2,139,320,900,7528,21,7,0,0,0,0,123,0,0,0,0
5647,0,1023,1,30114,0,1,1,2,139,320,900,7528,21,7,0,0,0,0,123,0,0,0,0
5648,0,1023,1,30114,0,1,1,2,139,320,900,7528,21,7,0,0,0,0,123,0,0,0,0
5649,0,1023,1,30114,0,1,1,2,139,320,900,7528,21,7,0,0,0,0,123,0,0,0,0
5650,0,1023,1,30114,0,1,1,2,139,320,900,7528,21,7,0,0,0,0,123,0,0,0,0
5651,0,1023,1,30114,0,1,1,2,139,320,900,7528,21,7,0,0,0,0,123,0,0,0,0
5652,0,1023,1,30114,0,1,1,2,139,320,900,7528,21,7,0,0,0,0,123,0,0,0,0
5653,0,1023,1,30114,0,1,1,2,139,320,900,7528,21,7,0,0,0,0,123,0,0,0,0
5654,0,1023,1,30114,0,1,1,2,139,320,900,7528,21,7,0,0,0,0,123,0,0,0,0
5655,0,1023,1,30114,0,1,1,2,139,320,900,7528,21,7,0,0,0,0,123,0,0,0,0
5656,0,1023,1,30114,0,1,1,2,139,320,900,7528,21,7,0,0,0,0,123,0,0,0,0
5657,0,1023,1,30114,0,1,1,2,139,320,900,7528,21,7,0,0,0,0,123,0,0,0,0
5658,0,1023,1,30114,0,1,1,2,139,320,900,7528,21,7,0,0,0,0,123,0,0,0,0
5659,0,1023,1,30114,0,1,1,2,139,320,900,7528,21,7,0,0,0,0,123,0,0,0,0
5660,0,1023,1,30114,0,1,1,2,139,320,900,7528,21,7,0,0,0,0,123,0,0,0,0
5661,0,1023,1,30114,0,1,1,2,139,320,900,7528,21,7,0,0,0,0,123,0,0,0,0
5662,0,1023,1,30114,0,1,1,2,139,320,900,7528,21,7,0,0,0,0,123,0,0,0,0
5663,0,1023,1,30114,0,1,1,2,139,320,900,7528,21,7,0,0,0,0,123,0,0,0,0
5664,0,1023,1,30114,0,1,1,2,139,320,900,7528,21,7,0,0,0,0,123,0,0,0,0
5665,0,1023,1,30114,0,1,1,2,139,320,900,7528,21,7,0,0,0,0,123,0,0,0,0
5666,0,1023,1,30114,0,1,1,2,139,320,900,7528,21,7,0,0,0,0,123,0,0,0,0
5667,0,1023,1,30114,0,1,1,2,139,320,900,7528,21,7,0,0,0,0,123,0,0,0,0
5668,0,1023,1,30114,0,1,1,2,139,320,900,7528,21,7,0,0,0,0,123,0,0,0,0
5669,0,1023,1,30114,0,1,1,2,139,320,900,7528,21,7,0,0,0,0,123,0,0,0,0
5670,0,1023,1,30114,0,1,1,2,139,320,900,7528,21,7,0,0,0,0,123,0,0,0,0
5671,0,1023,1,30114,0,1,1,2,139,320,900,7528,21,7,0,0,0,0,123,0,0,0,0
5672,0,1023,1,30114,0,1,1,2,139,320,900,7528,21,7,0,0,0,0,123,0,0,0,0
5673,0,1023,1,30114,0,1,1,2,139,320,900,7528,21,7,0,0,0,0,123,0,0,0,0
5674,0,1023,1,30114,0,1,1,2,139,320,900,7528,21,7,0,0,0,0,123,0,0,0,0
5675,0,1023,1,30114,0,1,1,2,139,320,900,7528,21,7,0,0,0,0,123,0,0,0,0
5676,0,1023,1,30114,0,1,1,2,139,320,900,7528,21,7,0,0,0,0,123,0,0,0,0
5677,0,1023,1,30114,0,1,1,2,139,320,900,7528,21,7,0,0,0,0,123,0,0,0,0
5678,0,1023,1,30114,0,1,1,2,139,320,900,7528,21,7,0,0,0,0,123,0,0,0,0
5679,0,1023,1,30114,0,1,1,2,139,320,900,7528,21,7,0,0,0,0,123,0,0,0,0
5680,0,1023,1,30114,0,1,1,2,139,320,900,7528,21,7,0,0,0,0,123,0,0,0,0
5681,0,1023,1,30114,0,1,1,2,139,320,900,7528,21,7,0,0,0,0,123,0,0,0,0
5682,0,1023,1,30114,0,1,1,2,139,320,900,7528,21,7,0,0,0,0,123,0,0,0,0
5683,0,1023,1,30114,0,1,1,2,139,320,900,7528,21,7,0,0,0,0,123,0,0,0,0
5684,0,1023,1,30114,0,1,1,2,139,320,900,7528,21,7,0,0,0,0,123,0,0,0,0
5685,0,1023,1,30114,0,1,1,2,139,320,900,7528,21,7,0,0,0,0,123,0,0,0,0
5686,0,1023,1,30114,0,1,1,2,139,320,900,7528,21,7,0,0,0,0,123,0,0,0,0
5687,0,1023,1,30114,0,1,1,2,139,320,900,7528,21,7,0,0,0,0,123,0,0,0,0
5688,0,1023,1,30114,0,1,1,2,139,320,900,7528,21,7,0,0,0,0,123,0,0,0,0
5689,0,1023,1,30114,0,1,1,2,139,320,900,7528,21,7,0,0,0,0,123,0,0,0,0
5690,0,1023,1,30114,0,1,1,2,139,320,900,7528,21,7,0,0,0,0,123,0,0,0,0
5691,0,1023,1,30114,0,1,1,2,139,320,900,7528,21,7,0,0,0,0,123,0,0,0,0
5692,0,1023,1,30114,0,1,1,2,139,320,900,7528,21,7,0,0,0,0,123,0,0,0,0
5693,0,1023,1,30114,0,1,1,2,139,320,900,7528,21,7,0,0,0,0,123,0,0,0,0
5694,0,1023,1,30114,0,1,1,2,139,320,900,7528,21,7,0,0,0,0,123,0,0,0,0
5695,0,1023,1,30114,0,1,1,2,139,320,900,7528,21,7,0,0,0,0,123,0,0,0,0
5696,0,1023,1,30114,0,1,1,2,139,320,900,7528,21,7,0,0,0,0,123,0,0,0,0
5697,0,1023,1,30114,0,1,1,2,139,320,900,7528,21,7,0,0,0,0,123,0,0,0,0
5698,0,1023,1,30114,0,1,1,2,139,320,900,7528,21,7,0,0,0,0,123,0,0,0,0
5699,0,1023,1,30114,0,1,1,2,139,320,900,7528,21,7,0,0,0,0,123,0,0,0,0
5700,0,1023,1,30114,0,1,1,2,139,320,900,7528,21,7,0,0,0,0,123,0,0,0,0
5701,0,1023,1,30114,0,1,1,2,139,320,900,7528,21,7,0,0,0,0,123,0,0,0,0
5702,0,1023,1,30114,0,1,1,2,139,320,900,7528,21,7,0,0,0,0,123,0,0,0,0
5703,0,1023,1,30114,0,1,1,2,139,320,900,7528,21,7,0,0,0,0,123,0,0,0,0
5704,0,1023,1,30114,0,1,1,2,139,320,900,7528,21,7,0,0,0,0,123,0,0,0,0
5705,0,1023,1,30114,0,1,1,2,139,320,900,7528,21,7,0,0,0,0,123,0,0,0,0
5706,0,1023,1,30114,0,1,1,2,139,320,900,7528,21,7,0,0,0,0,123,0,0,0,0
5707,0,1023,1,30114,0,1,1,2,139,320,900,7528,21,7,0,0,0,0,123,0,0,0,0
5708,0,1023,1,30114,0,1,1,2,139,320,900,7528,21,7,0,0,0,0,123,0,0,0,0
5709,0,1023,1,30114,0,1,1,2,139,320,900,7528,21,7,0,0,0,0,123,0,0,0,0
5710,0,1023,1,30114,0,1,1,2,139,320,900,7528,21,7,0,0,0,0,123,0,0,0,0
5711,0,1023,1,30114,0,1,1,2,139,320,900,7528,21,7,0,0,0,0,123,0,0,0,0
5712,0,1023,1,30114,0,1,1,2,139,320,900,7528,21,7,0,0,0,0,123,0,0,0,0
5713,0,1023,1,30114,0,1,1,2,139,320,900,7528,21,7,0,0,0,0,123,0,0,0,0
5714,0,1023,1,30114,0,1,1,2,139,320,900,7528,21,7,0,0,0,0,123,0,0,0,0
5715,0,1023,1,30114,0,1,1,2,139,320,900,7528,21,7,0,0,0,0,123,0,0,0,0
5716,0,1023,1,30114,0,1,1,2,139,320,900,7528,21,7,0,0,0,0,123,0,0,0,0
5717,0,1023,1,30114,0,1,1,2,139,320,900,7528,21,7,0,0,0,0,123,0,0,0,0
5718,0,1023,1,30114,0,1,1,2,139,320,900,7528,21,7,0,0,0,0,123,0,0,0,0
5719,0,1023,1,30114,0,1,1,2,139,320,900,7528,21,7,0,0,0,0,123,0,0,0,0
5720,0,1023,1,30114,0,1,1,2,139,320,900,7528,21,7,0,0,0,0,123,0,0,0,0
5721,0,1023,1,30114,0,1,1,2,139,320,900,7528,21,7,0,0,0,0,123,0,0,0,0
5722,0,1023,1,30114,0,1,1,2,139,320,900,7528,21,7,0,0,0,0,123,0,0,0,0
5723,0,1023,1,30114,0,1,1,2,139,320,900,7528,21,7,0,0,0,0,123,0,0,0,0
5724,0,1023,1,30114,0,1,1,2,139,320,900,7528,21,7,0,0,0,0,123,0,0,0,0
5725,0,1023,1,30114,0,1,1,2,139,320,900,7528,21,7,0,0,0,0,123,0,0,0,0
5726,0,1023,1,30114,0,1,1,2,139,320,900,7528,21,7,0,0,0,0,123,0,0,0,0
5727,0,1023,1,30114,0,1,1,2,139,320,900,7528,21,7,0,0,0,0,123,0,0,0,0
5728,0,1023,1,30114,0,1,1,2,139,320,900,7528,21,7,0,0,0,0,123,0,0,0,0
5729,0,1023,1,30114,0,1,1,2,139,320,900,7528,21,7,0,0,0,0,123,0,0,0,0
5730,0,1023,1,30114,0,1,1,2,139,320,900,7528,21,7,0,0,0,0,123,0,0,0,0
5731,0,1023,1,30114,0,1,1,2,139,320,900,7528,21,7,0,0,0,0,123,0,0,0,0
5732,0,1023,1,30114,0,1,1,2,139,320,900,7528,21,7,0,0,0,0,123,0,0,0,0
5733,0,1023,1,30114,0,1,1,2,139,320,900,7528,21,7,0,0,0,0,123,0,0,0,0
5734,0,1023,1,30114,0,1,1,2,139,320,900,7528,21,7,0,0,0,0,123,0,0,0,0
5735,0,1023,1,30114,0,1,1,2,139,320,900,7528,21,7,0,0,0,0,123,0,0,0,0
5736,0,1023,1,30114,0,1,1,2,139,320,900,7528,21,7,0,0,0,0,123,0,0,0,0
5737,0,1023,1,30114,0,1,1,2,139,320,900,7528,21,7,0,0,0,0,123,0,0,0,0
5738,0,1023,1,30114,0,1,1,2,139,320,900,7528,21,7,0,0,0,0,123,0,0,0,0
5739,0,1023,1,30114,0,1,1,2,139,320,900,7528,21,7,0,0,0,0,123,0,0,0,0
5740,0,1023,1,30114,0,1,1,2,139,320,900,7528,21,7,0,0,0,0,123,0,0,0,0
5741,0,1023,1,30114,0,1,1,2,139,320,900,7528,21,7,0,0,0,0,123,0,0,0,0
5742,0,1023,1,30114,0,1,1,2,139,320,900,7528,21,7,0,0,0,0,123,0,0,0,0
5743,0,1023,1,30114,0,1,1,2,139,320,900,7528,21,7,0,0,0,0,123,0,0,0,0
5744,0,1023,1,30114,0,1,1,2,139,320,900,7528,21,7,0,0,0,0,123,0,0,0,0
5745,0,1023,1,30114,0,1,1,2,139,320,900,7528,21,7,0,0,0,0,123,0,0,0,0
5746,0,1023,1,30114,0,1,1,2,139,320,900,7528,21,7,0,0,0,0,123,0,0,0,0
5747,0,1023,1,30114,0,1,1,2,139,320,900,7528,21,7,0,0,0,0,123,0,0,0,0
5748,0,1023,1,30114,0,1,1,2,139,320,900,7528,21,7,0,0,0,0,123,0,0,0,0
5749,0,1023,1,30114,0,1,1,2,139,320,900,7528,21,7,0,0,0,0,123,0,0,0,0
5750,0,1023,1,30114,0,1,1,2,139,320,900,7528,21,7,0,0,0,0,123,0,0,0,0
5751,0,1023,1,30114,0,1,1,2,139,320,900,7528,21,7,0,0,0,0,123,0,0,0,0
5752,0,1023,1,30114,0,1,1,2,139,320,900,7528,21,7,0,0,0,0,123,0,0,0,0
5753,0,1023,1,30114,0,1,1,2,139,320,900,7528,21,7,0,0,0,0,123,0,0,0,0
5754,0,1023,1,30114,0,1,1,2,139,320,900,7528,21,7,0,0,0,0,123,0,0,0,0
5755,0,1023,1,30114,0,1,1,2,139,320,900,7528,21,7,0,0,0,0,123,0,0,0,0
5756,0,1023,1,30114,0,1,1,2,139,320,900,7528,21,7,0,0,0,0,123,0,0,0,0
5757,0,1023,1,30114,0,1,1,2,139,320,900,7528,21,7,0,0,0,0,123,0,0,0,0
5758,0,1023,1,30114,0,1,1,2,139,320,900,7528,21,7,0,0,0,0,123,0,0,0,0
5759,0,1023,1,30114,0,1,1,2,139,320,900,7528,21,7,0,0,0,0,123,0,0,0,0
5760,0,1023,1,30114,0,1,1,2,139,320,900,7528,21,7,0,0,0,0,123,0,0,0,0
5761,0,1023,1,30114,0,1,1,2,139,320,900,7528,21,7,0,0,0,0,123,0,0,0,0
5762,0,1023,1,30114,0,1,1,2,139,320,900,7528,21,7,0,0,0,0,123,0,0,0,0
5763,0,1023,1,30114,0,1,1,2,139,320,900,7528,21,7,0,0,0,0,123,0,0,0,0
5764,0,1023,1,30114,0,1,1,2,139,320,900,7528,21,7,0,0,0,0,123,0,0,0,0
5765,0,1023,1,30114,0,1,1,2,139,320,900,7528,21,7,0,0,0,0,123,0,0,0,0
5766,0,1023,1,30114,0,1,1,2,139,320,900,7528,21,7,0,0,0,0,123,0,0,0,0
5767,0,1023,1,30114,0,1,1,2,139,320,900,7528,21,7,0,0,0,0,123,0,0,0,0
5768,0,1023,1,30114,0,1,1,2,139,320,900,7528,21,7,0,0,0,0,123,0,0,0,0
5769,0,1023,1,30114,0,1,1,2,139,320,900,7528,21,7,0,0,0,0,123,0,0,0,0
5770,0,1023,1,30114,0,1,1,2,139,320,900,7528,21,7,0,0,0,0,123,0,0,0,0
5771,0,1023,1,30114,0,1,1,2,139,320,900,7528,21,7,0,0,0,0,123,0,0,0,0
5772,0,1023,1,30114,0,1,1,2,139,320,900,7528,21,7,0,0,0,0,123,0,0,0,0
5773,0,1023,1,30114,0,1,1,2,139,320,900,7528,21,7,0,0,0,0,123,0,0,0,0
5774,0,1023,1,30114,0,1,1,2,139,320,900,7528,21,7,0,0,0,0,123,0,0,0,0
5775,0,1023,1,30114,0,1,1,2,139,320,900,7528,21,7,0,0,0,0,123,0,0,0,0
5776,0,1023,1,30114,0,1,1,2,139,320,900,7528,21,7,0,0,0,0,123,0,0,0,0
5777,0,1023,1,30114,0,1,1,2,139,320,900,7528,21,7,0,0,0,0,123,0,0,0,0
5778,0,1023,1,30114,0,1,1,2,139,320,900,7528,21,7,0,0,0,0,123,0,0,0,0
5779,0,1023,1,30114,0,1,1,2,139,320,900,7528,21,7,0,0,0,0,123,0,0,0,0
5780,0,1023,1,30114,0,1,1,2,139,320,900,7528,21,7,0,0,0,0,123,0,0,0,0
5781,0,1023,1,30114,0,1,1,2,139,320,900,7528,21,7,0,0,0,0,123,0,0,0,0
5782,0,1023,1,30114,0,1,1,2,139,320,900,7528,21,7,0,0,0,0,123,0,0,0,0
5783,0,1023,1,30114,0,1,1,2,139,320,900,7528,21,7,0,0,0,0,123,0,0,0,0
5784,0,1023,1,30114,0,1,1,2,139,320,900,7528,21,7,0,0,0,0,123,0,0,0,0
5785,0,1023,1,30114,0,1,1,2,139,320,900,7528,21,7,0,0,0,0,123,0,0,0,0
5786,0,1023,1,30114,0,1,1,2,139,320,900,7528,21,7,0,0,0,0,123,0,0,0,0
5787,0,1023,1,30114,0,1,1,2,139,320,900,7528,21,7,0,0,0,0,123,0,0,0,0
5788,0,1023,1,30114,0,1,1,2,139,320,900,7528,21,7,0,0,0,0,123,0,0,0,0
5789,0,1023,1,30114,0,1,1,2,139,320,900,7528,21,7,0,0,0,0,123,0,0,0,0
5790,0,1023,1,30114,0,1,1,2,139,320,900,7528,21,7,0,0,0,0,123,0,0,0,0
5791,0,1023,1,30114,0,1,1,2,139,320,900,7528,21,7,0,0,0,0,123,0,0,0,0
5792,0,1023,1,30114,0,1,1,2,139,320,900,7528,21,7,0,0,0,0,123,0,0,0,0
5793,0,1023,1,30114,0,1,1,2,139,320,900,7528,21,7,0,0,0,0,123,0,0,0,0
5794,0,1023,1,30114,0,1,1,2,139,320,900,7528,21,7,0,0,0,0,123,0,0,0,0
5795,0,1023,1,30114,0,1,1,2,139,320,900,7528,21,7,0,0,0,0,123,0,0,0,0
5796,0,1023,1,30114,0,1,1,2,139,320,900,7528,21,7,0,0,0,0,123,0,0,0,0
5797,0,1023,1,30114,0,1,1,2,139,320,900,7528,21,7,0,0,0,0,123,0,0,0,0
5798,0,1023,1,30114,0,1,1,2,139,320,900,7528,21,7,0,0,0,0,123,0,0,0,0
5799,0,1023,1,30114,0,1,1,2,139,320,900,7528,21,7,0,0,0,0,123,0,0,0,0
5800,0,1023,1,30114,0,1,1,2,139,320,900,7528,21,7,0,0,0,0,123,0,0,0,0
5801,0,1023,1,30114,0,1,1,2,139,320,900,7528,21,7,0,0,0,0,123,0,0,0,0
5802,0,1023,1,30114,0,1,1,2,139,320,900,7528,21,7,0,0,0,0,123,0,0,0,0
5803,0,1023,1,30114,0,1,1,2,139,320,900,7528,21,7,0,0,0,0,123,0,0,0,0
5804,0,1023,1,30114,0,1,1,2,139,320,900,7528,21,7,0,0,0,0,123,0,0,0,0
5805,0,1023,1,30114,0,1,1,2,139,320,900,7528,21,7,0,0,0,0,123,0,0,0,0
5806,0,1023,1,30114,0,1,1,2,139,320,900,7528,21,7,0,0,0,0,123,0,0,0,0
5807,0,1023,1,30114,0,1,1,2,139,320,900,7528,21,7,0,0,0,0,123,0,0,0,0
5808,0,1023,1,30114,0,1,1,2,139,320,900,7528,21,7,0,0,0,0,123,0,0,0,0
5809,0,1023,1,30114,0,1,1,2,139,320,900,7528,21,7,0,0,0,0,123,0,0,0,0
5810,0,1023,1,30114,0,1,1,2,139,320,900,7528,21,7,0,0,0,0,123,0,0,0,0
5811,0,1023,1,30114,0,1,1,2,139,320,900,7528,21,7,0,0,0,0,123,0,0,0,0
5812,0,1023,1,30114,0,1,1,2,139,320,900,7528,21,7,0,0,0,0,123,0,0,0,0
5813,0,1023,1,30114,0,1,1,2,139,320,900,7528,21,7,0,0,0,0,123,0,0,0,0
5814,0,1023,1,30114,0,1,1,2,139,320,900,7528,21,7,0,0,0,0,123,0,0,0,0
5815,0,1023,1,30114,0,1,1,2,139,320,900,7528,21,7,0,0,0,0,123,0,0,0,0
5816,0,1023,1,30114,0,1,1,2,139,320,900,7528,21,7,0,0,0,0,123,0,0,0,0
5817,0,1023,1,30114,0,1,1,2,139,320,900,7528,21,7,0,0,0,0,123,0,0,0,0
5818,0,1023,1,30114,0,1,1,2,139,320,900,7528,21,7,0,0,0,0,123,0,0,0,0
5819,0,1023,1,30114,0,1,1,2,139,320,900,7528,21,7,0,0,0,0,123,0,0,0,0
5820,0,1023,1,30114,0,1,1,2,139,320,900,7528,21,7,0,0,0,0,123,0,0,0,0
5821,0,1023,1,30114,0,1,1,2,139,320,900,7528,21,7,0,0,0,0,123,0,0,0,0
5822,0,1023,1,30114,0,1,1,2,139,320,900,7528,21,7,0,0,0,0,123,0,0,0,0
5823,0,1023,1,30114,0,1,1,2,139,320,900,7528,21,7,0,0,0,0,123,0,0,0,0
5824,0,1023,1,30114,0,1,1,2,139,320,900,7528,21,7,0,0,0,0,123,0,0,0,0
5825,0,1023,1,30114,0,1,1,2,139,320,900,7528,21,7,0,0,0,0,123,0,0,0,0
5826,0,1023,1,30114,0,1,1,2,139,320,900,7528,21,7,0,0,0,0,123,0,0,0,0
5827,0,1023,1,30114,0,1,1,2,139,320,900,7528,21,7,0,0,0,0,123,0,0,0,0
5828,0,1023,1,30114,0,1,1,2,139,320,900,7528,21,7,0,0,0,0,123,0,0,0,0
5829,0,1023,1,30114,0,1,1,2,139,320,900,7528,21,7,0,0,0,0,123,0,0,0,0
5830,0,1023,1,30114,0,1,1,2,139,320,900,7528,21,7,0,0,0,0,123,0,0,0,0
5831,0,1023,1,30114,0,1,1,2,139,320,900,7528,21,7,0,0,0,0,123,0,0,0,0
5832,0,1023,1,30114,0,1,1,2,139,320,900,7528,21,7,0,0,0,0,123,0,0,0,0
5833,0,1023,1,30114,0,1,1,2,139,320,900,7528,21,7,0,0,0,0,123,0,0,0,0
5834,0,1023,1,30114,0,1,1,2,139,320,900,7528,21,7,0,0,0,0,123,0,0,0,0
5835,0,1023,1,30114,0,1,1,2,139,320,900,7528,21,7,0,0,0,0,123,0,0,0,0
5836,0,1023,1,30114,0,1,1,2,139,320,900,7528,21,7,0,0,0,0,123,0,0,0,0
5837,0,1023,1,30114,0,1,1,2,139,320,900,7528,21,7,0,0,0,0,123,0,0,0,0
5838,0,1023,1,30114,0,1,1,2,139,320,900,7528,21,7,0,0,0,0,123,0,0,0,0
5839,0,1023,1,30114,0,1,1,2,139,320,900,7528,21,7,0,0,0,0,123,0,0,0,0
5840,0,1023,1,30114,0,1,1,2,139,320,900,7528,21,7,0,0,0,0,123,0,0,0,0
5841,0,1023,1,30114,0,1,1,2,139,320,900,7528,21,7,0,0,0,0,123,0,0,0,0
5842,0,1023,1,30114,0,1,1,2,139,320,900,7528,21,7,0,0,0,0,123,0,0,0,0
5843,0,1023,1,30114,0,1,1,2,139,320,900,7528,21,7,0,0,0,0,123,0,0,0,0
5844,0,1023,1,30114,0,1,1,2,139,320,900,7528,21,7,0,0,0,0,123,0,0,0,0
5845,0,1023,1,30114,0,1,1,2,139,320,900,7528,21,7,0,0,0,0,123,0,0,0,0
5846,0,1023,1,30114,0,1,1,2,139,320,900,7528,21,7,0,0,0,0,123,0,0,0,0
5847,0,1023,1,30114,0,1,1,2,139,320,900,7528,21,7,0,0,0,0,123,0,0,0,0
5848,0,1023,1,30114,0,1,1,2,139,320,900,7528,21,7,0,0,0,0,123,0,0,0,0
5849,0,1023,1,30114,0,1,1,2,139,320,900,7528,21,7,0,0,0,0,123,0,0,0,0
5850,0,1023,1,30114,0,1,1,2,139,320,900,7528,21,7,0,0,0,0,123,0,0,0,0
5851,0,1023,1,30114,0,1,1,2,139,320,900,7528,21,7,0,0,0,0,123,0,0,0,0
5852,0,1023,1,30114,0,1,1,2,139,320,900,7528,21,7,0,0,0,0,123,0,0,0,0
5853,0,1023,1,30114,0,1,1,2,139,320,900,7528,21,7,0,0,0,0,123,0,0,0,0
5854,0,1023,1,30114,0,1,1,2,139,320,900,7528,21,7,0,0,0,0,123,0,0,0,0
5855,0,1023,1,30114,0,1,1,2,139,320,900,7528,21,7,0,0,0,0,123,0,0,0,0
5856,0,1023,1,30114,0,1,1,2,139,320,900,7528,21,7,0,0,0,0,123,0,0,0,0
5857,0,1023,1,30114,0,1,1,2,139,320,900,7528,21,7,0,0,0,0,123,0,0,0,0
5858,0,1023,1,30114,0,1,1,2,139,320,900,7528,21,7,0,0,0,0,123,0,0,0,0
5859,0,1023,1,30114,0,1,1,2,139,320,900,7528,21,7,0,0,0,0,123,0,0,0,0
5860,0,1023,1,30114,0,1,1,2,139,320,900,7528,21,7,0,0,0,0,123,0,0,0,0
5861,0,1023,1,30114,0,1,1,2,139,320,900,7528,21,7,0,0,0,0,123,0,0,0,0
5862,0,1023,1,30114,0,1,1,2,139,320,900,7528,21,7,0,0,0,0,123,0,0,0,0
5863,0,1023,1,30114,0,1,1,2,139,320,900,7528,21,7,0,0,0,0,123,0,0,0,0
5864,0,1023,1,30114,0,1,1,2,139,320,900,7528,21,7,0,0,0,0,123,0,0,0,0
5865,0,1023,1,30114,0,1,1,2,139,320,900,7528,21,7,0,0,0,0,123,0,0,0,0
5866,0,1023,1,30114,0,1,1,2,139,320,900,7528,21,7,0,0,0,0,123,0,0,0,0
5867,0,1023,1,30114,0,1,1,2,139,320,900,7528,21,7,0,0,0,0,123,0,0,0,0
5868,0,1023,1,30114,0,1,1,2,139,320,900,7528,21,7,0,0,0,0,123,0,0,0,0
5869,0,1023,1,30114,0,1,1,2,139,320,900,7528,21,7,0,0,0,0,123,0,0,0,0
5870,0,1023,1,30114,0,1,1,2,139,320,900,7528,21,7,0,0,0,0,123,0,0,0,0
5871,0,1023,1,30114,0,1,1,2,139,320,900,7528,21,7,0,0,0,0,123,0,0,0,0
5872,0,1023,1,30114,0,1,1,2,139,320,900,7528,21,7,0,0,0,0,123,0,0,0,0
5873,0,1023,1,30114,0,1,1,2,139,320,900,7528,21,7,0,0,0,0,123,0,0,0,0
5874,0,1023,1,30114,0,1,1,2,139,320,900,7528,21,7,0,0,0,0,123,0,0,0,0
5875,0,1023,1,30114,0,1,1,2,139,320,900,7528,21,7,0,0,0,0,123,0,0,0,0
5876,0,1023,1,30114,0,1,1,2,139,320,900,7528,21,7,0,0,0,0,123,0,0,0,0
5877,0,1023,1,30114,0,1,1,2,139,320,900,7528,21,7,0,0,0,0,123,0,0,0,0
5878,0,1023,1,30114,0,1,1,2,139,320,900,7528,21,7,0,0,0,0,123,0,0,0,0
5879,0,1023,1,30114,0,1,1,2,139,320,900,7528,21,7,0,0,0,0,123,0,0,0,0
5880,0,1023,1,30114,0,1,1,2,139,320,900,7528,21,7,0,0,0,0,123,0,0,0,0
5881,0,1023,1,30114,0,1,1,2,139,320,900,7528,21,7,0,0,0,0,123,0,0,0,0
5882,0,1023,1,30114,0,1,1,2,139,320,900,7528,21,7,0,0,0,0,123,0,0,0,0
5883,0,1023,1,30114,0,1,1,2,139,320,900,7528,21,7,0,0,0,0,123,0,0,0,0
5884,0,1023,1,30114,0,1,1,2,139,320,900,7528,21,7,0,0,0,0,123,0,0,0,0
5885,0,1023,1,30114,0,1,1,2,139,320,900,7528,21,7,0,0,0,0,123,0,0,0,0
5886,0,1023,1,30114,0,1,1,2,139,320,900,7528,21,7,0,0,0,0,123,0,0,0,0
5887,0,1023,1,30114,0,1,1,2,139,320,900,7528,21,7,0,0,0,0,123,0,0,0,0
5888,0,1023,1,30114,0,1,1,2,139,320,900,7528,21,7,0,0,0,0,123,0,0,0,0
5889,0,1023,1,30114,0,1,1,2,139,320,900,7528,21,7,0,0,0,0,123,0,0,0,0
5890,0,1023,1,30114,0,1,1,2,139,320,900,7528,21,7,0,0,0,0,123,0,0,0,0
5891,0,1023,1,30114,0,1,1,2,139,320,900,7528,21,7,0,0,0,0,123,0,0,0,0
5892,0,1023,1,30114,0,1,1,2,139,320,900,7528,21,7,0,0,0,0,123,0,0,0,0
5893,0,1023,1,30114,0,1,1,2,139,320,900,7528,21,7,0,0,0,0,123,0,0,0,0
5894,0,1023,1,30114,0,1,1,2,139,320,900,7528,21,7,0,0,0,0,123,0,0,0,0
5895,0,1023,1,30114,0,1,1,2,139,320,900,7528,21,7,0,0,0,0,123,0,0,0,0
5896,0,1023,1,30114,0,1,1,2,139,320,900,7528,21,7,0,0,0,0,123,0,0,0,0
5897,0,1023,1,30114,0,1,1,2,139,320,900,7528,21,7,0,0,0,0,123,0,0,0,0
5898,0,1023,1,30114,0,1,1,2,139,320,900,7528,21,7,0,0,0,0,123,0,0,0,0
5899,0,1023,1,30114,0,1,1,2,139,320,900,7528,21,7,0,0,0,0,123,0,0,0,0
5900,0,1023,1,30114,0,1,1,2,139,320,900,7528,21,7,0,0,0,0,123,0,0,0,0
5901,0,1023,1,30114,0,1,1,2,139,320,900,7528,21,7,0,0,0,0,123,0,0,0,0
5902,0,1023,1,30114,0,1,1,2,139,320,900,7528,21,7,0,0,0,0,123,0,0,0,0
5903,0,1023,1,30114,0,1,1,2,139,320,900,7528,21,7,0,0,0,0,123,0,0,0,0
5904,0,1023,1,30114,0,1,1,2,139,320,900,7528,21,7,0,0,0,0,123,0,0,0,0
5905,0,1023,1,30114,0,1,1,2,139,320,900,7528,21,7,0,0,0,0,123,0,0,0,0
5906,0,1023,1,30114,0,1,1,2,139,320,900,7528,21,7,0,0,0,0,123,0,0,0,0
5907,0,1023,1,30114,0,1,1,2,139,320,900,7528,21,7,0,0,0,0,123,0,0,0,0
5908,0,1023,1,30114,0,1,1,2,139,320,900,7528,21,7,0,0,0,0,123,0,0,0,0
5909,0,1023,1,30114,0,1,1,2,139,320,900,7528,21,7,0,0,0,0,123,0,0,0,0
5910,0,1023,1,30114,0,1,1,2,139,320,900,7528,21,7,0,0,0,0,123,0,0,0,0
5911,0,1023,1,30114,0,1,1,2,139,320,900,7528,21,7,0,0,0,0,123,0,0,0,0
5912,0,1023,1,30114,0,1,1,2,139,320,900,7528,21,7,0,0,0,0,123,0,0,0,0
5913,0,1023,1,30114,0,1,1,2,139,320,900,7528,21,7,0,0,0,0,123,0,0,0,0
5914,0,1023,1,30114,0,1,1,2,139,320,900,7528,21,7,0,0,0,0,123,0,0,0,0
5915,0,1023,1,30114,0,1,1,2,139,320,900,7528,21,7,0,0,0,0,123,0,0,0,0
5916,0,1023,1,30114,0,1,1,2,139,320,900,7528,21,7,0,0,0,0,123,0,0,0,0
5917,0,1023,1,30114,0,1,1,2,139,320,900,7528,21,7,0,0,0,0,123,0,0,0,0
5918,0,1023,1,30114,0,1,1,2,139,320,900,7528,21,7,0,0,0,0,123,0,0,0,0
5919,0,1023,1,30114,0,1,1,2,139,320,900,7528,21,7,0,0,0,0,123,0,0,0,0
5920,0,1023,1,30114,0,1,1,2,139,320,900,7528,21,7,0,0,0,0,123,0,0,0,0
5921,0,1023,1,30114,0,1,1,2,139,320,900,7528,21,7,0,0,0,0,123,0,0,0,0
5922,0,1023,1,30114,0,1,1,2,139,320,900,7528,21,7,0,0,0,0,123,0,0,0,0
5923,0,1023,1,30114,0,1,1,2,139,320,900,7528,21,7,0,0,0,0,123,0,0,0,0
5924,0,1023,1,30114,0,1,1,2,139,320,900,7528,21,7,0,0,0,0,123,0,0,0,0
5925,0,1023,1,30114,0,1,1,2,139,320,900,7528,21,7,0,0,0,0,123,0,0,0,0
5926,0,1023,1,30114,0,1,1,2,139,320,900,7528,21,7,0,0,0,0,123,0,0,0,0
5927,0,1023,1,30114,0,1,1,2,139,320,900,7528,21,7,0,0,0,0,123,0,0,0,0
5928,0,1023,1,30114,0,1,1,2,139,320,900,7528,21,7,0,0,0,0,123,0,0,0,0
5929,0,1023,1,30114,0,1,1,2,139,320,900,7528,21,7,0,0,0,0,123,0,0,0,0
5930,0,1023,1,30114,0,1,1,2,139,320,900,7528,21,7,0,0,0,0,123,0,0,0,0
5931,0,1023,1,30114,0,1,1,2,139,320,900,7528,21,7,0,0,0,0,123,0,0,0,0
5932,0,1023,1,30114,0,1,1,2,139,320,900,7528,21,7,0,0,0,0,123,0,0,0,0
5933,0,1023,1,30114,0,1,1,2,139,320,900,7528,21,7,0,0,0,0,123,0,0,0,0
5934,0,1023,1,30114,0,1,1,2,139,320,900,7528,21,7,0,0,0,0,123,0,0,0,0
5935,0,1023,1,30114,0,1,1,2,139,320,900,7528,21,7,0,0,0,0,123,0,0,0,0
5936,0,1023,1,30114,0,1,1,2,139,320,900,7528,21,7,0,0,0,0,123,0,0,0,0
5937,0,1023,1,30114,0,1,1,2,139,320,900,7528,21,7,0,0,0,0,123,0,0,0,0
5938,0,1023,1,30114,0,1,1,2,139,320,900,7528,21,7,0,0,0,0,123,0,0,0,0
5939,0,1023,1,30114,0,1,1,2,139,320,900,7528,21,7,0,0,0,0,123,0,0,0,0
5940,0,1023,1,30114,0,1,1,2,139,320,900,7528,21,7,0,0,0,0,123,0,0,0,0
5941,0,1023,1,30114,0,1,1,2,139,320,900,7528,21,7,0,0,0,0,123,0,0,0,0
5942,0,1023,1,30114,0,1,1,2,139,320,900,7528,21,7,0,0,0,0,123,0,0,0,0
5943,0,1023,1,30114,0,1,1,2,139,320,900,7528,21,7,0,0,0,0,123,0,0,0,0
5944,0,1023,1,30114,0,1,1,2,139,320,900,7528,21,7,0,0,0,0,123,0,0,0,0
5945,0,1023,1,30114,0,1,1,2,139,320,900,7528,21,7,0,0,0,0,123,0,0,0,0
5946,0,1023,1,30114,0,1,1,2,139,320,900,7528,21,7,0,0,0,0,123,0,0,0,0
5947,0,1023,1,30114,0,1,1,2,139,320,900,7528,21,7,0,0,0,0,123,0,0,0,0
5948,0,1023,1,30114,0,1,1,2,139,320,900,7528,21,7,0,0,0,0,123,0,0,0,0
5949,0,1023,1,30114,0,1,1,2,139,320,900,7528,21,7,0,0,0,0,123,0,0,0,0
5950,0,1023,1,30114,0,1,1,2,139,320,900,7528,21,7,0,0,0,0,123,0,0,0,0
5951,0,1023,1,30114,0,1,1,2,139,320,900,7528,21,7,0,0,0,0,123,0,0,0,0
5952,0,1023,1,30114,0,1,1,2,139,320,900,7528,21,7,0,0,0,0,123,0,0,0,0
5953,0,1023,1,30114,0,1,1,2,139,320,900,7528,21,7,0,0,0,0,123,0,0,0,0
5954,0,1023,1,30114,0,1,1,2,139,320,900,7528,21,7,0,0,0,0,123,0,0,0,0
5955,0,1023,1,30114,0,1,1,2,139,320,900,7528,21,7,0,0,0,0,123,0,0,0,0
5956,0,1023,1,30114,0,1,1,2,139,320,900,7528,21,7,0,0,0,0,123,0,0,0,0
5957,0,1023,1,30114,0,1,1,2,139,320,900,7528,21,7,0,0,0,0,123,0,0,0,0
5958,0,1023,1,30114,0,1,1,2,139,320,900,7528,21,7,0,0,0,0,123,0,0,0,0
5959,0,1023,1,30114,0,1,1,2,139,320,900,7528,21,7,0,0,0,0,123,0,0,0,0
5960,0,1023,1,30114,0,1,1,2,139,320,900,7528,21,7,0,0,0,0,123,0,0,0,0
5961,0,1023,1,30114,0,1,1,2,139,320,900,7528,21,7,0,0,0,0,123,0,0,0,0
5962,0,1023,1,30114,0,1,1,2,139,320,900,7528,21,7,0,0,0,0,123,0,0,0,0
5963,0,1023,1,30114,0,1,1,2,139,320,900,7528,21,7,0,0,0,0,123,0,0,0,0
5964,0,1023,1,30114,0,1,1,2,139,320,900,7528,21,7,0,0,0,0,123,0,0,0,0
5965,0,1023,1,30114,0,1,1,2,139,320,900,7528,21,7,0,0,0,0,123,0,0,0,0
5966,0,1023,1,30114,0,1,1,2,139,320,900,7528,21,7,0,0,0,0,123,0,0,0,0
5967,0,1023,1,30114,0,1,1,2,139,320,900,7528,21,7,0,0,0,0,123,0,0,0,0
5968,0,1023,1,30114,0,1,1,2,139,320,900,7528,21,7,0,0,0,0,123,0,0,0,0
5969,0,1023,1,30114,0,1,1,2,139,320,900,7528,21,7,0,0,0,0,123,0,0,0,0
5970,0,1023,1,30114,0,1,1,2,139,320,900,7528,21,7,0,0,0,0,123,0,0,0,0
5971,0,1023,1,30114,0,1,1,2,139,320,900,7528,21,7,0,0,0,0,123,0,0,0,0
5972,0,1023,1,30114,0,1,1,2,139,320,900,7528,21,7,0,0,0,0,123,0,0,0,0
5973,0,1023,1,30114,0,1,1,2,139,320,900,7528,21,7,0,0,0,0,123,0,0,0,0
5974,0,1023,1,30114,0,1,1,2,139,320,900,7528,21,7,0,0,0,0,123,0,0,0,0
5975,0,1023,1,30114,0,1,1,2,139,320,900,7528,21,7,0,0,0,0,123,0,0,0,0
5976,0,1023,1,30114,0,1,1,2,139,320,900,7528,21,7,0,0,0,0,123,0,0,0,0
5977,0,1023,1,30114,0,1,1,2,139,320,900,7528,21,7,0,0,0,0,123,0,0,0,0
5978,0,1023,1,30114,0,1,1,2,139,320,900,7528,21,7,0,0,0,0,123,0,0,0,0
5979,0,1023,1,30114,0,1,1,2,139,320,900,7528,21,7,0,0,0,0,123,0,0,0,0
5980,0,1023,1,30114,0,1,1,2,139,320,900,7528,21,7,0,0,0,0,123,0,0,0,0
5981,0,1023,1,30114,0,1,1,2,139,320,900,7528,21,7,0,0,0,0,123,0,0,0,0
5982,0,1023,1,30114,0,1,1,2,139,320,900,7528,21,7,0,0,0,0,123,0,0,0,0
5983,0,1023,1,30114,0,1,1,2,139,320,900,7528,21,7,0,0,0,0,123,0,0,0,0
5984,0,1023,1,30114,0,1,1,2,139,320,900,7528,21,7,0,0,0,0,123,0,0,0,0
5985,0,1023,1,30114,0,1,1,2,139,320,900,7528,21,7,0,0,0,0,123,0,0,0,0
5986,0,1023,1,30114,0,1,1,2,139,320,900,7528,21,7,0,0,0,0,123,0,0,0,0
5987,0,1023,1,30114,0,1,1,2,139,320,900,7528,21,7,0,0,0,0,123,0,0,0,0
5988,0,1023,1,30114,0,1,1,2,139,320,900,7528,21,7,0,0,0,0,123,0,0,0,0
5989,0,1023,1,30114,0,1,1,2,139,320,900,7528,21,7,0,0,0,0,123,0,0,0,0
5990,0,1023,1,30114,0,1,1,2,139,320,900,7528,21,7,0,0,0,0,123,0,0,0,0
5991,0,1023,1,30114,0,1,1,2,139,320,900,7528,21,7,0,0,0,0,123,0,0,0,0
5992,0,1023,1,30114,0,1,1,2,139,320,900,7528,21,7,0,0,0,0,123,0,0,0,0
5993,0,1023,1,30114,0,1,1,2,139,320,900,7528,21,7,0,0,0,0,123,0,0,0,0
5994,0,1023,1,30114,0,1,1,2,139,320,900,7528,21,7,0,0,0,0,123,0,0,0,0
5995,0,1023,1,30114,0,1,1,2,139,320,900,7528,21,7,0,0,0,0,123,0,0,0,0
5996,0,1023,1,30114,0,1,1,2,139,320,900,7528,21,7,0,0,0,0,123,0,0,0,0
5997,0,1023,1,30114,0,1,1,2,139,320,900,7528,21,7,0,0,0,0,123,0,0,0,0
5998,0,1023,1,30114,0,1,1,2,139,320,900,7528,21,7,0,0,0,0,123,0,0,0,0
5999,0,1023,1,30114,0,1,1,2,139,320,900,7528,21,7,0,0,0,0,123,0,0,0,0
6000,0,1023,1,30114,0,1,1,2,139,320,900,7528,21,7,0,0,0,0,123,0,0,0,0
6001,0,1023,1,30114,0,1,1,2,139,320,900,7528,21,7,0,0,0,0,123,0,0,0,0
6002,0,1023,1,30114,0,1,1,2,139,320,900,7528,21,7,0,0,0,0,123,0,0,0,0
6003,0,1023,1,30114,0,1,1,2,139,320,900,7528,21,7,0,0,0,0,123,0,0,0,0
6004,0,1023,1,30114,0,1,1,2,139,320,900,7528,21,7,0,0,0,0,123,0,0,0,0
6005,0,1023,1,30114,0,1,1,2,139,320,900,7528,21,7,0,0,0,0,123,0,0,0,0
6006,0,1023,1,30114,0,1,1,2,139,320,900,7528,21,7,0,0,0,0,123,0,0,0,0
6007,0,1023,1,30114,0,1,1,2,139,320,900,7528,21,7,0,0,0,0,123,0,0,0,0
6008,0,1023,1,30114,0,1,1,2,139,320,900,7528,21,7,0,0,0,0,123,0,0,0,0
6009,0,1023,1,30114,0,1,1,2,139,320,900,7528,21,7,0,0,0,0,123,0,0,0,0
6010,0,1023,1,30114,0,1,1,2,139,320,900,7528,21,7,0,0,0,0,123,0,0,0,0
6011,0,1023,1,30114,0,1,1,2,139,320,900,7528,21,7,0,0,0,0,123,0,0,0,0
6012,0,1023,1,30114,0,1,1,2,139,320,900,7528,21,7,0,0,0,0,123,0,0,0,0
6013,0,1023,1,30114,0,1,1,2,139,320,900,7528,21,7,0,0,0,0,123,0,0,0,0
6014,0,1023,1,30114,0,1,1,2,139,320,900,7528,21,7,0,0,0,0,123,0,0,0,0
6015,0,1023,1,30114,0,1,1,2,139,320,900,7528,21,7,0,0,0,0,123,0,0,0,0
6016,0,1023,1,30114,0,1,1,2,139,320,900,7528,21,7,0,0,0,0,123,0,0,0,0
6017,0,1023,1,30114,0,1,1,2,139,320,900,7528,21,7,0,0,0,0,123,0,0,0,0
6018,0,1023,1,30114,0,1,1,2,139,320,900,7528,21,7,0,0,0,0,123,0,0,0,0
6019,0,1023,1,30114,0,1,1,2,139,320,900,7528,21,7,0,0,0,0,123,0,0,0,0
6020,0,1023,1,30114,0,1,1,2,139,320,900,7528,21,7,0,0,0,0,123,0,0,0,0
6021,0,1023,1,30114,0,1,1,2,139,320,900,7528,21,7,0,0,0,0,123,0,0,0,0
6022,0,1023,1,30114,0,1,1,2,139,320,900,7528,21,7,0,0,0,0,123,0,0,0,0
6023,0,1023,1,30114,0,1,1,2,139,320,900,7528,21,7,0,0,0,0,123,0,0,0,0
6024,0,1023,1,30114,0,1,1,2,139,320,900,7528,21,7,0,0,0,0,123,0,0,0,0
6025,0,1023,1,30114,0,1,1,2,139,320,900,7528,21,7,0,0,0,0,123,0,0,0,0
6026,0,1023,1,30114,0,1,1,2,139,320,900,7528,21,7,0,0,0,0,123,0,0,0,0
6027,0,1023,1,30114,0,1,1,2,139,320,900,7528,21,7,0,0,0,0,123,0,0,0,0
6028,0,1023,1,30114,0,1,1,2,139,320,900,7528,21,7,0,0,0,0,123,0,0,0,0
6029,0,1023,1,30114,0,1,1,2,139,320,900,7528,21,7,0,0,0,0,123,0,0,0,0
6030,0,1023,1,30114,0,1,1,2,139,320,900,7528,21,7,0,0,0,0,123,0,0,0,0
